title,year,price,distance,transmission,fuel,owner,engine_cc,mileage,seats,url
2019 Hyundai Venue S Turbo DCT BSIV,2019,575000.0,74985,Automatic,Petrol,1st Owner,998.0,18.15,5.0,https://www.cardekho.com/used-car-details/used-Hyundai-venue-s-turbo-dct-bsiv-cars-New-Delhi_f2111e2a-3494-4047-ac0f-ca6bfd99e5d6.htm
2019 Tata Tiago 1.2 Revotron XZ,2019,345000.0,51000,Manual,Petrol,1st Owner,1199.0,23.84,5.0,https://www.cardekho.com/used-car-details/used-Tata-tiago-12-revotron-xz-cars-New-Delhi_f6971613-7aff-478b-a80e-0040b81abf07.htm
2016 Honda City i VTEC S,2016,385000.0,70000,Manual,Petrol,2nd Owner,1497.0,17.8,5.0,https://www.cardekho.com/used-car-details/used-Honda-city-i-vtec-s-cars-New-Delhi_5cb967ab-e1ff-4153-947e-ed0ee332619b.htm
2024 Mini Cooper S STD,2024,4100000.0,9500,Automatic,Petrol,1st Owner,1998.0,15.0,5.0,https://www.cardekho.com/used-car-details/used-Mini-cooper-s-std-cars-New-Delhi_ccace096-123c-425d-9f16-476b587f6fc7.htm
2019 Maruti Suzuki Wagon R LXI CNG,2019,390000.0,71000,Manual,Petrol,1st Owner,998.0,,5.0,https://www.cardekho.com/used-car-details/used-Maruti-wagon-r-lxi-cng-cars-New-Delhi_0cf7b8e7-0a3b-44d3-90a9-b57352db831a.htm
2016 Ford Ecosport 1.5 Ti VCT MT Trend BSIV,2016,280000.0,52978,Automatic,Petrol,2nd Owner,1499.0,15.85,5.0,https://www.cardekho.com/used-car-details/used-Ford-ecosport-15-ti-vct-mt-trend-bsiv-cars-New-Delhi_a86dc8c9-7a19-4b01-b6ce-556cc7821c24.htm
2021 Volvo XC40 T4 R-Design,2021,2400000.0,56000,Automatic,Petrol,1st Owner,1969.0,,5.0,https://www.cardekho.com/used-car-details/used-Volvo-xc40-t4-r-design-cars-New-Delhi_465e3ba4-8ffe-48d0-b3ba-106bc142004e.htm
2016 Hyundai Verna 1.6 VTVT AT S,2016,395000.0,63700,Automatic,Petrol,1st Owner,1591.0,17.01,5.0,https://www.cardekho.com/used-car-details/used-Hyundai-verna-16-vtvt-at-s-cars-New-Delhi_e452458d-ed24-4aa0-91d0-bff2fa7fe770.htm
2024 Honda Elevate VX CVT Non RF,2024,1280000.0,5279,Automatic,Petrol,1st Owner,1498.0,16.92,5.0,https://www.cardekho.com/used-car-details/used-Honda-elevate-vx-cvt-non-rf-cars-New-Delhi_fbb3fcf8-8ff2-41f9-8b97-073444a2d54b.htm
2018 BMW X1 sDrive 20d xLine,2018,1775000.0,55000,Automatic,Petrol,2nd Owner,1995.0,20.68,5.0,https://www.cardekho.com/used-car-details/used-Bmw-x1-sdrive-20d-xline-cars-New-Delhi_4de196bd-0a26-4055-875b-19c260d79cb4.htm
2022 Honda City ZX MT,2022,1057000.0,28843,Automatic,Petrol,1st Owner,1498.0,18.6,5.0,https://www.cardekho.com/used-car-details/used-Honda-city-zx-mt-cars-New-Delhi_e08b4432-66c2-4043-8334-e686eadbc5d6.htm
2016 Honda Jazz 1.2 E i VTEC,2016,310000.0,54000,Automatic,Petrol,1st Owner,1199.0,18.7,5.0,https://www.cardekho.com/used-car-details/used-Honda-jazz-12-e-i-vtec-cars-New-Delhi_d7d44e6b-2461-444b-8ee0-867628d1da19.htm
2021 Maruti Suzuki Vitara Brezza LXI,2021,585000.0,56000,Manual,Petrol,1st Owner,1462.0,17.03,5.0,https://www.cardekho.com/used-car-details/used-Maruti-vitara-brezza-lxi-cars-New-Delhi_398dcfd7-fd41-40fe-be37-fdfa4ae9405b.htm
2018 Hyundai Grand i10 1.2 Kappa Magna BSIV,2018,345000.0,33000,Manual,Petrol,1st Owner,1197.0,18.9,5.0,https://www.cardekho.com/used-car-details/used-Hyundai-grand-i10-12-kappa-magna-bsiv-cars-New-Delhi_b07eb5a5-0c71-4f85-94b7-23d91441ba5e.htm
2022 Toyota Fortuner 4X2 Diesel AT BSVI,2022,3175000.0,88000,Automatic,Petrol,1st Owner,2755.0,10.0,7.0,https://www.cardekho.com/used-car-details/used-Toyota-fortuner-4x2-diesel-at-bsvi-cars-New-Delhi_ac7a8422-d4bb-48b8-8507-4e65342be9dc.htm
2017 Maruti Suzuki Wagon R VXI 1.2,2017,311000.0,23914,Automatic,Petrol,1st Owner,1197.0,20.52,5.0,https://www.cardekho.com/used-car-details/used-Maruti-wagon-r-vxi-12-cars-New-Delhi_bb88678b-fd08-4d86-a836-95741a6302b8.htm
2019 Renault Triber RXT,2019,354000.0,61353,Automatic,Petrol,2nd Owner,999.0,20.0,7.0,https://www.cardekho.com/used-car-details/used-Renault-triber-rxt-cars-New-Delhi_6ae6ace1-b79a-4d95-bc50-c883a0af26e5.htm
2019 Hyundai Grand i10 1.2 Kappa Magna BSIV,2019,330000.0,50644,Manual,Petrol,1st Owner,1197.0,18.9,5.0,https://www.cardekho.com/buy-used-car-details/used-Hyundai-grand-i10-12-kappa-magna-bsiv-cars-New-Delhi_bd1b2a52-ebb1-4f8d-aaf0-1fb7be2e4077.htm
2024 MG Astor Savvy Pro CVT,2024,1096000.0,31120,Automatic,Petrol,1st Owner,1498.0,14.82,5.0,https://www.cardekho.com/used-car-details/used-Mg-astor-savvy-pro-cvt-cars-New-Delhi_65d6c6e5-0a85-487e-ae9b-ba7c448a345d.htm
2022 Toyota Urban cruiser High,2022,699000.0,59000,Automatic,Petrol,1st Owner,1462.0,17.03,5.0,https://www.cardekho.com/used-car-details/used-Toyota-urban-cruiser-high-cars-New-Delhi_fbd049f4-e9ff-4386-bc37-3f9f1df79c66.htm
2020 Maruti Suzuki Vitara Brezza VXI,2020,576000.0,58002,Automatic,Petrol,1st Owner,1462.0,17.03,5.0,https://www.cardekho.com/used-car-details/used-Maruti-vitara-brezza-vxi-cars-New-Delhi_3332b8e2-4be6-4874-b536-a77537310507.htm
2019 Tata Tiago 1.2 Revotron XZA,2019,335000.0,60000,Automatic,Petrol,1st Owner,1199.0,23.84,5.0,https://www.cardekho.com/used-car-details/used-Tata-tiago-12-revotron-xza-cars-New-Delhi_fd586fae-41f6-4f7d-9c38-f0b0fbc84c3a.htm
2016 Tata Tiago 1.2 Revotron XZ,2021,290000.0,49000,Manual,Petrol,1st Owner,1199.0,23.84,5.0,https://www.cardekho.com/used-car-details/used-Tata-tiago-12-revotron-xz-cars-New-Delhi_56eb9487-c675-4e2a-9269-47448b050865.htm
2018 Skoda Octavia 1.8 TSI AT Style,2018,899000.0,59000,Automatic,Petrol,1st Owner,1798.0,15.1,5.0,https://www.cardekho.com/used-car-details/used-Skoda-octavia-18-tsi-at-style-cars-New-Delhi_a3c894a8-523a-4bbb-bc1b-bfc04bbfd4ba.htm
2021 Land Rover Range Rover Sport 2.0 Petrol SE,2021,6500000.0,31000,Automatic,Petrol,2nd Owner,1997.0,,5.0,https://www.cardekho.com/used-car-details/used-Land-rover-range-rover-sport-20-petrol-se-cars-New-Delhi_455b09d9-0028-4543-8846-8f15c702fde1.htm
2016 Ford Ecosport 1.0 Ecoboost Titanium Plus BSIV,2016,425000.0,20000,Automatic,Petrol,1st Owner,999.0,18.88,5.0,https://www.cardekho.com/used-car-details/used-Ford-ecosport-10-ecoboost-titanium-plus-bsiv-cars-New-Delhi_daf31f15-ed56-4cb4-bd4b-f57aa59b1d75.htm
2016 Ford Ecosport 1.5 Petrol Titanium Plus BSIV,2016,425000.0,20000,Automatic,Petrol,1st Owner,1497.0,17.0,5.0,https://www.cardekho.com/used-car-details/used-Ford-ecosport-15-petrol-titanium-plus-bsiv-cars-New-Delhi_2176486e-71d3-42a6-a789-171865abc670.htm
2020 Jeep Compass 2.0 Sport,2020,785000.0,56000,Automatic,Petrol,1st Owner,1956.0,17.1,5.0,https://www.cardekho.com/used-car-details/used-Jeep-compass-20-sport-cars-New-Delhi_1e0d57d2-9ee4-41e7-bb4a-78f62ecef63e.htm
2017 Mercedes-Benz GLC 43 AMG Coupe,2017,3490000.0,37000,Automatic,Petrol,2nd Owner,2996.0,,5.0,https://www.cardekho.com/used-car-details/used-Mercedes-benz-glc-43-amg-coupe-cars-New-Delhi_7734a322-8770-4911-8254-8ceb164f8582.htm
2021 Ford Ecosport Titanium Plus AT,2021,579000.0,38909,Automatic,Petrol,1st Owner,1496.0,14.7,5.0,https://www.cardekho.com/buy-used-car-details/used-Ford-ecosport-titanium-plus-at-cars-New-Delhi_c6be592e-2c98-4886-9d40-745baf875007.htm
2016 Mercedes-Benz GLE 43 AMG Coupe,2016,2990000.0,100000,Automatic,Petrol,2nd Owner,2996.0,,5.0,https://www.cardekho.com/used-car-details/used-Mercedes-benz-gle-43-amg-coupe-cars-New-Delhi_f56c2616-a7ec-40be-ad09-fa685db96ff7.htm
2021 Maruti Suzuki Wagon R CNG LXI,2021,421000.0,53000,Manual,Petrol,1st Owner,998.0,,5.0,https://www.cardekho.com/used-car-details/used-Maruti-wagon-r-cng-lxi-cars-New-Delhi_8bb76488-cb8c-4492-8f54-bff75e53f01a.htm
2024 Volkswagen Virtus GT Plus DSG,2024,1650000.0,24000,Automatic,Petrol,1st Owner,1498.0,18.67,5.0,https://www.cardekho.com/used-car-details/used-Volkswagen-virtus-gt-plus-dsg-cars-New-Delhi_585b4686-3d4c-4ce1-b56b-a004d372603f.htm
2022 Jeep Meridian Limited Opt AT BSVI,2022,1940000.0,82000,Automatic,Petrol,1st Owner,1956.0,15.7,7.0,https://www.cardekho.com/used-car-details/used-Jeep-meridian-limited-opt-at-bsvi-cars-New-Delhi_256bec62-4f53-47b3-a77d-c02b06e1358f.htm
2024 BMW X1 sDrive18i M Sport,2024,4100000.0,15000,Automatic,Petrol,1st Owner,1499.0,16.35,5.0,https://www.cardekho.com/used-car-details/used-Bmw-x1-sdrive18i-m-sport-cars-New-Delhi_888c610d-1b50-4510-9077-40c53b9cc4a0.htm
2021 Maruti Suzuki Wagon R CNG LXI,2021,435000.0,55000,Manual,Petrol,1st Owner,998.0,,5.0,https://www.cardekho.com/used-car-details/used-Maruti-wagon-r-cng-lxi-cars-New-Delhi_ffcaab86-280e-49fa-a446-a111571f2373.htm
2023 Nissan Magnite XE,2023,367000.0,52126,Manual,Petrol,1st Owner,999.0,19.35,5.0,https://www.cardekho.com/used-car-details/used-Nissan-magnite-xe-cars-New-Delhi_9991dc98-ff2d-4598-adb5-5385dd1a0268.htm
2020 Tata Altroz XE,2020,426000.0,25329,Manual,Petrol,1st Owner,1199.0,19.33,5.0,https://www.cardekho.com/used-car-details/used-Tata-altroz-xe-cars-New-Delhi_8c26a92d-4ec1-4551-ba27-ed327b4ba96a.htm
2016 Maruti Suzuki Celerio ZXI,2016,303000.0,56738,Automatic,Petrol,2nd Owner,998.0,21.63,5.0,https://www.cardekho.com/used-car-details/used-Maruti-celerio-zxi-cars-New-Delhi_b509f34d-3688-4798-896e-9532a932abf4.htm
2018 Tata Tiago 1.2 Revotron XT,2018,330000.0,35968,Manual,Petrol,2nd Owner,1199.0,23.84,5.0,https://www.cardekho.com/used-car-details/used-Tata-tiago-12-revotron-xt-cars-New-Delhi_0834d3c2-1847-4db4-b426-f17eb1e3d990.htm
2024 Maruti Suzuki Ertiga ZXI CNG,2024,1175000.0,22000,Automatic,Petrol,1st Owner,1462.0,,7.0,https://www.cardekho.com/used-car-details/used-Maruti-ertiga-zxi-cng-cars-New-Delhi_240ac6e7-eebc-4785-b052-8cd5c1196228.htm
2025 Mahindra Scorpio N Z8 Diesel,2025,2025000.0,9000,Automatic,Petrol,1st Owner,2198.0,15.42,7.0,https://www.cardekho.com/used-car-details/used-Mahindra-scorpio-n-z8-diesel-cars-New-Delhi_af96e4e6-4e2a-4108-8666-baf4e5dc3f7d.htm
2021 Kia Seltos HTK Plus G,2021,825000.0,65000,Manual,Petrol,1st Owner,1497.0,16.8,5.0,https://www.cardekho.com/used-car-details/used-Kia-seltos-htk-plus-g-cars-New-Delhi_8dbb7256-5aa7-442f-816c-5517b8381491.htm
2018 Hyundai Verna VTVT 1.6 AT SX Option,2018,695000.0,47021,Automatic,Petrol,2nd Owner,1591.0,17.0,5.0,https://www.cardekho.com/used-car-details/used-Hyundai-verna-vtvt-16-at-sx-option-cars-New-Delhi_ef983ac5-3bb1-4bfe-95f1-47e404882247.htm
2023 Honda Elevate VX Non RF,2023,868000.0,25597,Automatic,Petrol,2nd Owner,1498.0,15.31,5.0,https://www.cardekho.com/buy-used-car-details/used-Honda-elevate-vx-non-rf-cars-New-Delhi_669eeef9-6880-4374-9450-a24ce6511769.htm
2017 Land Rover Discovery Sport Si4 HSE,2017,1890000.0,72000,Automatic,Petrol,1st Owner,1999.0,,5.0,https://www.cardekho.com/used-car-details/used-Land-rover-discovery-sport-si4-hse-cars-New-Delhi_2c28b8d1-06d9-470d-9012-dcba0101f2d6.htm
2020 Mercedes-Benz CLA Urban Sport 200d,2020,1990000.0,18000,Automatic,Petrol,2nd Owner,2143.0,,5.0,https://www.cardekho.com/used-car-details/used-Mercedes-benz-cla-urban-sport-200d-cars-New-Delhi_5a5e8644-dd91-47ea-bdef-654ddf8ca91d.htm
2019 Renault Triber RXT,2019,313000.0,56442,Automatic,Petrol,1st Owner,999.0,20.0,7.0,https://www.cardekho.com/buy-used-car-details/used-Renault-triber-rxt-cars-New-Delhi_e4b90451-e6ff-4061-bab9-7498d6e55424.htm
2024 Maruti Suzuki Swift LXi,2024,575000.0,30000,Manual,Petrol,1st Owner,1197.0,24.8,5.0,https://www.cardekho.com/used-car-details/used-Maruti-swift-lxi-cars-New-Delhi_f725b8e4-dee2-4484-9d0c-adb98985e866.htm
2025 Mahindra Scorpio N Z8 Select AT,2025,1975000.0,5000,Automatic,Petrol,1st Owner,1997.0,12.12,7.0,https://www.cardekho.com/used-car-details/used-Mahindra-scorpio-n-z8-select-at-cars-New-Delhi_f4572e9a-7f02-4baf-a021-72fda0d8f4f1.htm
2017 Audi A6 35 TDI,2017,1190000.0,68000,Automatic,Petrol,2nd Owner,1968.0,18.53,5.0,https://www.cardekho.com/used-car-details/used-Audi-a6-35-tdi-cars-New-Delhi_a9e2a0be-3aa4-4054-a55e-1d9fc5fd6260.htm
2021 Jeep Compass 1.4 Anniversary Edition DCT 2021-2022,2021,1375000.0,31056,Automatic,Petrol,1st Owner,1368.0,14.1,5.0,https://www.cardekho.com/used-car-details/used-Jeep-compass-14-anniversary-edition-dct-2021-2022-cars-New-Delhi_0fc61e93-d3cb-437b-bb61-b0e14e5b9339.htm
2026 Kia Seltos GTX Plus Turbo DCT,2026,2090000.0,10000,Automatic,Petrol,1st Owner,1482.0,17.9,5.0,https://www.cardekho.com/used-car-details/used-Kia-seltos-gtx-plus-turbo-dct-cars-New-Delhi_654cc5cd-2824-462e-a999-b8765de046f9.htm
2024 Kia Seltos HTX IVT,2024,1450000.0,19000,Automatic,Petrol,1st Owner,1497.0,17.7,5.0,https://www.cardekho.com/used-car-details/used-Kia-seltos-htx-ivt-cars-New-Delhi_3f8657ab-1628-4e9c-9311-9f1e539afde5.htm
2023 Maruti Suzuki Swift VXI,2023,570000.0,42000,Manual,Petrol,1st Owner,1197.0,22.38,5.0,https://www.cardekho.com/used-car-details/used-Maruti-swift-vxi-cars-New-Delhi_c81d2832-5dcd-41aa-9762-1cf192c9a1f3.htm
2019 Maruti Suzuki Wagon R LXI CNG,2020,395000.0,68000,Manual,Petrol,1st Owner,998.0,,5.0,https://www.cardekho.com/used-car-details/used-Maruti-wagon-r-lxi-cng-cars-New-Delhi_2d396eb4-1b95-4405-bcb8-2ac1ddcbc994.htm
2020 Maruti Suzuki Vitara Brezza LXI,2020,560000.0,31000,Manual,Petrol,2nd Owner,1462.0,17.03,5.0,https://www.cardekho.com/used-car-details/used-Maruti-vitara-brezza-lxi-cars-New-Delhi_21383ece-272d-4a12-8e18-cf617e580433.htm
2017 Honda City i VTEC CVT VX,2017,575000.0,75000,Automatic,Petrol,1st Owner,1497.0,18.0,5.0,https://www.cardekho.com/used-car-details/used-Honda-city-i-vtec-cvt-vx-cars-New-Delhi_8e3e5078-35c9-42ac-898a-e4972d09d877.htm
2024 Maruti Suzuki Baleno Delta,2024,640000.0,27000,Automatic,Petrol,1st Owner,1197.0,22.35,5.0,https://www.cardekho.com/used-car-details/used-Maruti-baleno-delta-cars-New-Delhi_68edce3a-0bbb-4df8-9348-587943370463.htm
2015 Honda Jazz 1.2 S i VTEC,2016,290000.0,60000,Automatic,Petrol,1st Owner,1199.0,18.7,5.0,https://www.cardekho.com/used-car-details/used-Honda-jazz-12-s-i-vtec-cars-New-Delhi_cea9379d-079f-4f8a-afe5-d9591be183a9.htm
2018 Toyota Yaris G CVT BSIV,2018,485000.0,76000,Automatic,Petrol,1st Owner,1496.0,17.8,5.0,https://www.cardekho.com/used-car-details/used-Toyota-yaris-g-cvt-bsiv-cars-New-Delhi_d1905d8b-87cf-421f-9515-3aa5bcbc9c6e.htm
2016 Ford Ecosport 1.5 Petrol Titanium Plus BSIV,2016,392000.0,52000,Automatic,Petrol,1st Owner,1497.0,17.0,5.0,https://www.cardekho.com/used-car-details/used-Ford-ecosport-15-petrol-titanium-plus-bsiv-cars-New-Delhi_a1e1a39f-6f6e-4454-b702-7967e62f0320.htm
2020 Jeep Compass 1.4 Limited Plus,2020,1149000.0,36000,Automatic,Petrol,1st Owner,1368.0,14.1,5.0,https://www.cardekho.com/used-car-details/used-Jeep-compass-14-limited-plus-cars-New-Delhi_d5321d92-4779-4f14-9a06-9f34da984534.htm
2023 Mahindra XUV700 AX5 7 Str AT,2023,1235000.0,62943,Automatic,Petrol,1st Owner,1999.0,13.0,7.0,https://www.cardekho.com/used-car-details/used-Mahindra-xuv700-ax5-7-str-at-cars-New-Delhi_c83c4036-a646-419f-bdd7-4ea3f4ac7730.htm
2024 Maruti Suzuki Baleno Delta,2024,640000.0,27000,Automatic,Petrol,1st Owner,1197.0,22.35,5.0,https://www.cardekho.com/used-car-details/used-Maruti-baleno-delta-cars-New-Delhi_1941fa26-2fe2-4f3d-90a2-fcc9b117a504.htm
2021 Ford Ecosport 1.5 Petrol Titanium Plus AT,2021,865000.0,40000,Automatic,Petrol,1st Owner,1496.0,14.7,5.0,https://www.cardekho.com/used-car-details/used-Ford-ecosport-15-petrol-titanium-plus-at-cars-New-Delhi_ea3a04c6-bf76-41f1-896b-8d35e26728b1.htm
2024 Maruti Suzuki Brezza Vxi CNG,2024,925000.0,52000,Automatic,Petrol,1st Owner,1462.0,,5.0,https://www.cardekho.com/used-car-details/used-Maruti-brezza-vxi-cng-cars-New-Delhi_8f2bc6ac-ff76-42bd-a1b0-277e504b7505.htm
2022 Maruti Suzuki Dzire VXI BSVI,2022,600000.0,28000,Manual,Petrol,1st Owner,1197.0,22.41,5.0,https://www.cardekho.com/used-car-details/used-Maruti-dzire-vxi-bsvi-cars-New-Delhi_8663ca4b-abc4-4a01-b852-6d3546427fd5.htm
2024 Hyundai Exter SX,2024,750000.0,17000,Automatic,Petrol,1st Owner,1197.0,19.4,5.0,https://www.cardekho.com/used-car-details/used-Hyundai-exter-sx-cars-New-Delhi_228017dd-b9a7-43b5-b82e-ab5ae8163bf9.htm
2020 Kia Carnival Premium,2021,1975000.0,45023,Automatic,Diesel,1st Owner,2199.0,,7.0,https://www.cardekho.com/used-car-details/used-Kia-carnival-premium-cars-New-Delhi_7c0f2507-c88e-4d0a-9e51-0567b2e29d6e.htm
2021 Toyota Innova Crysta 2.4 G 7 STR,2021,1525000.0,95000,Manual,Diesel,1st Owner,2393.0,,7.0,https://www.cardekho.com/used-car-details/used-Toyota-innova-crysta-24-g-7-str-cars-New-Delhi_b8e42946-e901-4c3b-8b8c-9a38a2fdbecd.htm
2025 Mercedes-Benz GLA 200,2025,3890000.0,20000,Automatic,Petrol,1st Owner,1332.0,,5.0,https://www.cardekho.com/used-car-details/used-Mercedes-benz-gla-200-cars-New-Delhi_8637f50f-5d84-481d-8597-5af8ad6cf851.htm
2018 Jeep Compass 2.0 Limited Plus BSIV,2019,775000.0,78523,Automatic,Petrol,2nd Owner,1956.0,17.1,5.0,https://www.cardekho.com/used-car-details/used-Jeep-compass-20-limited-plus-bsiv-cars-New-Delhi_34a30010-2679-417a-baac-fc90b01890df.htm
2024 Lexus ES 350h 300h Luxury,2024,5475000.0,17000,Automatic,Petrol,1st Owner,2487.0,,5.0,https://www.cardekho.com/used-car-details/used-Lexus-es-350h-300h-luxury-cars-New-Delhi_0155bab5-b223-4800-be87-64af9c289d4f.htm
2024 Mahindra Thar LXT RWD AT,2024,1312000.0,46609,Automatic,Petrol,1st Owner,1997.0,8.0,4.0,https://www.cardekho.com/used-car-details/used-Mahindra-thar-lxt-rwd-at-cars-New-Delhi_504979a1-0997-4289-a7df-cf9cfdf009d4.htm
2023 Nissan Magnite XE,2023,341000.0,43529,Manual,Petrol,1st Owner,999.0,19.35,5.0,https://www.cardekho.com/used-car-details/used-Nissan-magnite-xe-cars-New-Delhi_ee30b216-59fa-4185-adf3-1f19303ad973.htm
2019 Hyundai Venue SX Turbo Executive,2019,588000.0,83854,Automatic,Petrol,1st Owner,1498.0,23.7,5.0,https://www.cardekho.com/used-car-details/used-Hyundai-venue-sx-turbo-executive-cars-New-Delhi_45159843-c320-4875-9d3e-eaa5e7f97075.htm
2025 Hyundai Creta S (O),2025,1390000.0,7000,Automatic,Petrol,1st Owner,1497.0,17.4,5.0,https://www.cardekho.com/used-car-details/used-Hyundai-creta-s-o-cars-New-Delhi_749208c8-6304-45c3-84c4-e4d94eaf24f8.htm
2019 Kia Seltos GTX Plus DCT,2019,890000.0,72000,Automatic,Petrol,1st Owner,1353.0,16.5,5.0,https://www.cardekho.com/used-car-details/used-Kia-seltos-gtx-plus-dct-cars-New-Delhi_65d9556a-d395-49c3-9ee6-92ea9bf46776.htm
2021 Hyundai i20 Asta BSVI,2021,711000.0,15000,Automatic,Petrol,1st Owner,1197.0,21.0,5.0,https://www.cardekho.com/used-car-details/used-Hyundai-i20-asta-bsvi-cars-New-Delhi_36fba7e5-30d9-49aa-988b-309556cfd9ee.htm
2026 Skoda Kodiaq Selection L&K,2026,4590000.0,9500,Automatic,Petrol,1st Owner,1984.0,14.86,7.0,https://www.cardekho.com/used-car-details/used-Skoda-kodiaq-selection-lk-cars-New-Delhi_9cab1af0-f2d5-45be-b158-cf88243e5d80.htm
2024 Maruti Suzuki Brezza Lxi,2024,785000.0,11000,Manual,Petrol,1st Owner,1462.0,17.38,5.0,https://www.cardekho.com/used-car-details/used-Maruti-brezza-lxi-cars-New-Delhi_5a2205c6-394c-48d6-95a3-44ee328f982e.htm
2020 Land Rover Range Rover Velar R-Dynamic S Petrol MY21,2020,4790000.0,31000,Automatic,Petrol,2nd Owner,1997.0,,5.0,https://www.cardekho.com/used-car-details/used-Land-rover-range-rover-velar-r-dynamic-s-petrol-my21-cars-New-Delhi_a3d6ee7c-0820-4ab8-84ac-039c3d4d0ac2.htm
2023 Mercedes-Benz E-Class Exclusive E 200 BSVI,2023,5750000.0,20000,Automatic,Petrol,1st Owner,1991.0,,5.0,https://www.cardekho.com/used-car-details/used-Mercedes-benz-e-class-exclusive-e-200-bsvi-cars-New-Delhi_790ae27b-54ca-4479-8380-962825f87447.htm
2018 Ford Ecosport 1.5 Diesel Titanium BSIV,2018,525000.0,53000,Automatic,Petrol,3rd Owner,1498.0,23.0,5.0,https://www.cardekho.com/used-car-details/used-Ford-ecosport-15-diesel-titanium-bsiv-cars-New-Delhi_0507c607-64ef-4700-8a0e-c1a7f72260c2.htm
2013 Hyundai i10 Sportz,2013,185000.0,68000,Automatic,Petrol,1st Owner,1197.0,20.36,5.0,https://www.cardekho.com/used-car-details/used-Hyundai-i10-sportz-cars-New-Delhi_bdf5d46e-119f-4b32-a162-c105ba761464.htm
2024 Maruti Suzuki Brezza Zxi,2024,950000.0,45000,Automatic,Petrol,1st Owner,1462.0,19.89,5.0,https://www.cardekho.com/used-car-details/used-Maruti-brezza-zxi-cars-New-Delhi_9fff7c93-5d26-46e2-afa0-e461fb787c2f.htm
2022 Honda City ZX MT,2022,900000.0,55000,Automatic,Petrol,1st Owner,1498.0,18.6,5.0,https://www.cardekho.com/used-car-details/used-Honda-city-zx-mt-cars-New-Delhi_e446457b-3291-47ad-9c4e-91010ccd95b8.htm
2019 Renault Triber RXZ BSIV,2019,425000.0,40000,Automatic,Petrol,1st Owner,999.0,20.0,7.0,https://www.cardekho.com/used-car-details/used-Renault-triber-rxz-bsiv-cars-New-Delhi_8f395c70-2b2a-4552-b969-2c5257f6f779.htm
2019 Hyundai Grand i10 1.2 Kappa Sportz Option AT,2019,437000.0,30121,Automatic,Petrol,1st Owner,1197.0,18.9,5.0,https://www.cardekho.com/used-car-details/used-Hyundai-grand-i10-12-kappa-sportz-option-at-cars-New-Delhi_f066c433-58a2-4e36-8b5c-9b7a43c2cad8.htm
2022 Hyundai Santro Sportz AMT,2022,445000.0,61287,Automatic,Petrol,1st Owner,1086.0,20.3,5.0,https://www.cardekho.com/used-car-details/used-Hyundai-santro-sportz-amt-cars-New-Delhi_5937f514-2db1-4e22-82fc-ed96a13d0bb4.htm
2018 Maruti Suzuki Baleno 1.2 Delta,2018,435000.0,42000,Automatic,Petrol,1st Owner,1197.0,21.4,5.0,https://www.cardekho.com/used-car-details/used-Maruti-baleno-12-delta-cars-New-Delhi_5060df07-7620-4de2-a7d1-a8c7ee1eef26.htm
2024 Tata Curvv Pure Plus S Diesel,2024,1121000.0,36894,Automatic,Petrol,1st Owner,1497.0,15.0,5.0,https://www.cardekho.com/buy-used-car-details/used-Tata-curvv-pure-plus-s-diesel-cars-New-Delhi_29856962-ec13-42e3-a70e-be24b24e0525.htm
2024 Hyundai Verna SX IVT,2024,1400000.0,21000,Automatic,Petrol,1st Owner,1497.0,19.6,5.0,https://www.cardekho.com/used-car-details/used-Hyundai-verna-sx-ivt-cars-New-Delhi_e8992ea2-e872-4573-8502-30c5d6bfd259.htm
2024 Maruti Suzuki XL6 Zeta AT,2024,1275000.0,6000,Automatic,Petrol,1st Owner,1462.0,,6.0,https://www.cardekho.com/used-car-details/used-Maruti-xl6-zeta-at-cars-New-Delhi_9cd9cbce-235e-4ec7-9bf6-b857e4b164c0.htm
2020 Tata Harrier XT plus 2020-2022,2020,1075000.0,48023,Automatic,Diesel,1st Owner,1956.0,16.35,5.0,https://www.cardekho.com/used-car-details/used-Tata-harrier-xt-plus-2020-2022-cars-New-Delhi_93e595b3-53ed-48a1-8a0b-00b2fb8e24ff.htm
2023 Tata Harrier XT Plus,2023,1375000.0,55023,Automatic,Diesel,1st Owner,1956.0,16.35,5.0,https://www.cardekho.com/used-car-details/used-Tata-harrier-xt-plus-cars-New-Delhi_f7b8aecf-f37b-49ad-9053-424271c65e64.htm
2023 Skoda Slavia 1.0 TSI Style AT,2023,1250000.0,32586,Automatic,Petrol,1st Owner,999.0,19.36,5.0,https://www.cardekho.com/used-car-details/used-Skoda-slavia-10-tsi-style-at-cars-New-Delhi_a2085fcc-0954-4162-8801-699c01b272fe.htm
2022 Mahindra Scorpio S 11 BSVI,2022,1325000.0,90000,Automatic,Diesel,1st Owner,2184.0,,7.0,https://www.cardekho.com/used-car-details/used-Mahindra-scorpio-s-11-bsvi-cars-New-Delhi_20a68d50-6721-4aeb-9ac8-3d548817e79e.htm
2023 Mercedes-Benz GLA 200 BSVI,2023,3350000.0,31000,Automatic,Petrol,1st Owner,1332.0,,5.0,https://www.cardekho.com/used-car-details/used-Mercedes-benz-gla-200-bsvi-cars-New-Delhi_c1c1363a-bb5d-4799-bc49-20551c3f1a5b.htm
2020 Hyundai Verna SX IVT,2020,925000.0,16000,Automatic,Petrol,1st Owner,1497.0,18.45,5.0,https://www.cardekho.com/used-car-details/used-Hyundai-verna-sx-ivt-cars-New-Delhi_8efd4689-0f16-4033-8cf7-55724cf8321a.htm
2022 Maruti Suzuki Wagon R VXI CNG BSVI,2022,475000.0,47000,Manual,Petrol,1st Owner,998.0,,5.0,https://www.cardekho.com/used-car-details/used-Maruti-wagon-r-vxi-cng-bsvi-cars-New-Delhi_5f4f8000-3b90-408b-9fb1-150ae9b1f4a4.htm
2022 Maruti Suzuki Wagon R CNG LXI,2022,480000.0,34000,Manual,Petrol,1st Owner,998.0,,5.0,https://www.cardekho.com/used-car-details/used-Maruti-wagon-r-cng-lxi-cars-New-Delhi_41dab593-eee0-4375-aa54-4b9a83c84c40.htm
2018 Toyota Yaris V CVT,2018,483000.0,53045,Automatic,Petrol,1st Owner,1496.0,17.8,5.0,https://www.cardekho.com/buy-used-car-details/used-Toyota-yaris-v-cvt-cars-New-Delhi_be912166-d684-4e98-91f9-47e05565bf41.htm
2018 Honda City i-VTEC V,2018,524000.0,57000,Automatic,Petrol,1st Owner,1497.0,17.4,5.0,https://www.cardekho.com/used-car-details/used-Honda-city-i-vtec-v-cars-New-Delhi_a012e539-669d-413e-a256-1c15204a0db1.htm
2021 Mahindra XUV700 AX7 AT BSVI,2021,1375000.0,47000,Automatic,Petrol,1st Owner,1999.0,11.0,7.0,https://www.cardekho.com/used-car-details/used-Mahindra-xuv700-ax7-at-bsvi-cars-New-Delhi_832af228-b840-4d3c-89d7-3fdda756fd72.htm
2019 Skoda Superb LK 2.0 TDI AT,2019,1675000.0,31000,Automatic,Petrol,1st Owner,1984.0,18.19,5.0,https://www.cardekho.com/used-car-details/used-Skoda-superb-lk-20-tdi-at-cars-New-Delhi_e10c9046-a14e-4f4b-88f6-7144b6723221.htm
2024 Toyota Fortuner 4X2 AT,2024,3450000.0,29000,Automatic,Petrol,1st Owner,2694.0,,7.0,https://www.cardekho.com/used-car-details/used-Toyota-fortuner-4x2-at-cars-New-Delhi_baf0456b-a69f-40f0-86b6-8658ffc4f856.htm
2022 Mercedes-Benz GLC 200,2022,4875000.0,3100,Automatic,Petrol,1st Owner,1991.0,,5.0,https://www.cardekho.com/used-car-details/used-Mercedes-benz-glc-200-cars-New-Delhi_a92dae96-496c-4702-8a07-ab711d57f285.htm
2021 Mercedes-Benz GLC Coupe 300d 4MATIC BSVI,2021,3890000.0,55000,Automatic,Petrol,1st Owner,1950.0,,5.0,https://www.cardekho.com/used-car-details/used-Mercedes-benz-glc-coupe-300d-4matic-bsvi-cars-New-Delhi_25fa1623-460c-4861-ad93-6bade88ef4a9.htm
2022 Mahindra Thar LX Hard Top,2022,1071000.0,26787,Manual,Petrol,1st Owner,1997.0,8.0,4.0,https://www.cardekho.com/used-car-details/used-Mahindra-thar-lx-hard-top-cars-New-Delhi_a4837a71-301e-48f0-a453-e4d836a477c1.htm
2019 Hyundai Venue SX Turbo BSIV,2019,555000.0,61000,Automatic,Petrol,1st Owner,998.0,18.27,5.0,https://www.cardekho.com/used-car-details/used-Hyundai-venue-sx-turbo-bsiv-cars-New-Delhi_c3aaf1b5-8c04-479a-8dec-22fdcd9f532b.htm
2018 Maruti Suzuki Baleno 1.2 Alpha,2018,465000.00000000006,56000,Automatic,Petrol,1st Owner,1197.0,21.4,5.0,https://www.cardekho.com/used-car-details/used-Maruti-baleno-12-alpha-cars-New-Delhi_fe24d54b-33fc-4fcd-9394-968893af1ade.htm
2022 Mahindra Thar LX Hard Top AT,2022,1199000.0,40250,Automatic,Petrol,1st Owner,1997.0,8.0,4.0,https://www.cardekho.com/used-car-details/used-Mahindra-thar-lx-hard-top-at-cars-New-Delhi_cd8e8066-6004-4aca-b7c4-386014148bec.htm
2021 Hyundai Verna SX,2021,850000.0,54000,Automatic,Petrol,1st Owner,1497.0,17.7,5.0,https://www.cardekho.com/used-car-details/used-Hyundai-verna-sx-cars-New-Delhi_b4e22041-b879-4d83-af3d-b331a28685ec.htm
2017 Tata Hexa XTA,2017,725000.0,88000,Automatic,Diesel,1st Owner,2179.0,,7.0,https://www.cardekho.com/used-car-details/used-Tata-hexa-xta-cars-New-Delhi_22cdb956-2c97-48e6-80a8-937981b41ffa.htm
2021 Maruti Suzuki Vitara Brezza VXI,2021,599000.0,53000,Automatic,Petrol,1st Owner,1462.0,17.03,5.0,https://www.cardekho.com/used-car-details/used-Maruti-vitara-brezza-vxi-cars-New-Delhi_d79631c0-3f11-45a3-9ef5-b59eb9841e0c.htm
2018 BMW 5 Series 530i M Sport,2018,1900000.0,66000,Automatic,Petrol,2nd Owner,1998.0,,5.0,https://www.cardekho.com/used-car-details/used-Bmw-5-series-530i-m-sport-cars-New-Delhi_9f97650c-79cb-479a-a740-10533550279a.htm
2025 Toyota Fortuner 4X2 AT,2025,3750000.0,12500,Automatic,Petrol,1st Owner,2694.0,,7.0,https://www.cardekho.com/used-car-details/used-Toyota-fortuner-4x2-at-cars-New-Delhi_a01eae88-2999-4588-8057-2d6001ebd6a5.htm
2024 Hyundai Creta SX (O) iVT,2024,1474000.0,53131,Automatic,Petrol,1st Owner,1497.0,17.7,5.0,https://www.cardekho.com/buy-used-car-details/used-Hyundai-creta-sx-o-ivt-cars-New-Delhi_99ee05d4-b877-48a9-a287-8c7b5d1b3f5d.htm
2015 Mercedes-Benz GLA Class 200,2015,1075000.0,102000,Automatic,Petrol,2nd Owner,1991.0,,5.0,https://www.cardekho.com/used-car-details/used-Mercedes-benz-gla-class-200-cars-New-Delhi_71f808af-861d-470c-ac02-a5fa11af736f.htm
2021 Mercedes-Benz E-Class Exclusive E 200,2021,4700000.0,17000,Automatic,Petrol,1st Owner,1991.0,,5.0,https://www.cardekho.com/used-car-details/used-Mercedes-benz-e-class-exclusive-e-200-cars-New-Delhi_8b5d5b3c-09ca-43cf-acc5-65354afaad30.htm
2025 Hyundai Alcazar Signature DCT,2025,2175000.0,5000,Automatic,Petrol,1st Owner,1482.0,18.0,7.0,https://www.cardekho.com/used-car-details/used-Hyundai-alcazar-signature-dct-cars-New-Delhi_78e1a7bc-6552-41a3-ae91-cb22183847f1.htm
2024 Mahindra XUV 3XO MX3 Pro Diesel,2024,945000.0,33000,Automatic,Petrol,1st Owner,1498.0,20.6,5.0,https://www.cardekho.com/used-car-details/used-Mahindra-xuv-3xo-mx3-pro-diesel-cars-New-Delhi_7854e968-9492-49f3-8388-df9ac8bb7d61.htm
2020 Maruti Suzuki XL6 Zeta,2020,764000.0,48000,Automatic,Petrol,2nd Owner,1462.0,19.01,6.0,https://www.cardekho.com/used-car-details/used-Maruti-xl6-zeta-cars-New-Delhi_723225af-ee14-412d-88e6-182025ae4c0a.htm
2019 Jeep Compass 1.4 Limited Option,2019,825000.0,70000,Automatic,Petrol,1st Owner,1368.0,16.0,5.0,https://www.cardekho.com/used-car-details/used-Jeep-compass-14-limited-option-cars-New-Delhi_7a6f784e-82ff-4e48-907c-6f6a61470451.htm
2025 Toyota Fortuner 4X2 AT,2025,3700000.0,14586,Automatic,Petrol,1st Owner,2694.0,,7.0,https://www.cardekho.com/used-car-details/used-Toyota-fortuner-4x2-at-cars-New-Delhi_9185d915-5df4-4811-ba25-f9e5920ddfe0.htm
2021 Maruti Suzuki Wagon R CNG LXI,2021,424000.0,55000,Manual,Petrol,1st Owner,998.0,,5.0,https://www.cardekho.com/used-car-details/used-Maruti-wagon-r-cng-lxi-cars-New-Delhi_f89c7cef-fca2-466c-aedc-6474345755c8.htm
2019 Mercedes-Benz C-Class Progressive C 200,2019,2499000.0,31000,Automatic,Petrol,1st Owner,1950.0,,5.0,https://www.cardekho.com/used-car-details/used-Mercedes-benz-c-class-progressive-c-200-cars-New-Delhi_67639b18-dc3b-4144-b950-06f3b4960010.htm
2017 BMW 5 Series 520d M Sport,2017,1525000.0,98000,Automatic,Petrol,1st Owner,1995.0,,5.0,https://www.cardekho.com/used-car-details/used-Bmw-5-series-520d-m-sport-cars-New-Delhi_bf86593d-38b1-4e45-9301-3165959b63d2.htm
2018 Tata Tiago XZ Plus,2018,270000.0,90927,Manual,Petrol,1st Owner,1199.0,23.84,5.0,https://www.cardekho.com/used-car-details/used-Tata-tiago-xz-plus-cars-New-Delhi_b12f6f02-c733-4d57-a327-701392ea7315.htm
2017 Ford Aspire Titanium BSIV,2017,233000.0,94397,Automatic,Petrol,1st Owner,1194.0,19.4,5.0,https://www.cardekho.com/used-car-details/used-Ford-aspire-titanium-bsiv-cars-New-Delhi_692fd693-7756-4f8a-a683-3c9c3ea59558.htm
2023 Toyota Fortuner 4X2 Diesel AT,2023,3600000.0,52000,Automatic,Petrol,1st Owner,2755.0,,7.0,https://www.cardekho.com/used-car-details/used-Toyota-fortuner-4x2-diesel-at-cars-New-Delhi_48f1dab0-5871-4d35-8ecf-ef48a35a3fa2.htm
2016 Ford Ecosport 1.5 Ti VCT MT Trend BSIV,2016,249000.00000000003,104834,Automatic,Petrol,2nd Owner,1499.0,15.85,5.0,https://www.cardekho.com/buy-used-car-details/used-Ford-ecosport-15-ti-vct-mt-trend-bsiv-cars-New-Delhi_15bac1bf-dc2b-4aab-a93f-1140b1da71d1.htm
2017 Volkswagen Ameo 1.2 MPI Highline Plus,2018,341000.0,37773,Automatic,Petrol,1st Owner,1198.0,17.0,5.0,https://www.cardekho.com/used-car-details/used-Volkswagen-ameo-12-mpi-highline-plus-cars-New-Delhi_67f9deed-8604-4d2a-9083-c0b537f39f06.htm
2018 Tata Nexon 1.2 Revotron XT,2018,394000.0,28953,Automatic,Petrol,1st Owner,1198.0,17.0,5.0,https://www.cardekho.com/used-car-details/used-Tata-nexon-12-revotron-xt-cars-New-Delhi_c9b79782-0b09-4894-87cf-c7981896fb22.htm
2016 Honda City i VTEC CVT VX,2016,485000.0,45000,Automatic,Petrol,1st Owner,1497.0,18.0,5.0,https://www.cardekho.com/used-car-details/used-Honda-city-i-vtec-cvt-vx-cars-New-Delhi_4d5311df-ca69-40b7-9764-c19fb7bc9f3b.htm
2022 Volkswagen Taigun 1.5 TSI GT Plus DSG,2023,1163000.0,63593,Automatic,Petrol,1st Owner,1498.0,17.88,5.0,https://www.cardekho.com/used-car-details/used-Volkswagen-taigun-15-tsi-gt-plus-dsg-cars-New-Delhi_5dc445ae-be8b-4c04-9e0d-7ebb42e4171a.htm
2016 Hyundai Creta 1.6 VTVT S,2016,398000.0,70803,Automatic,Petrol,1st Owner,1591.0,15.29,5.0,https://www.cardekho.com/buy-used-car-details/used-Hyundai-creta-16-vtvt-s-cars-New-Delhi_c951ceab-48aa-4895-b525-2798dbadced5.htm
2024 MG Astor 100 Year Limited Edition CVT,2024,1300000.0,8000,Automatic,Petrol,1st Owner,1498.0,14.82,5.0,https://www.cardekho.com/used-car-details/used-Mg-astor-100-year-limited-edition-cvt-cars-New-Delhi_85f92d60-0054-4943-b64c-e6fef84fcb4e.htm
2019 Honda CR-V Diesel 2WD,2019,1350000.0,64000,Automatic,Petrol,1st Owner,1597.0,19.5,7.0,https://www.cardekho.com/used-car-details/used-Honda-cr-v-diesel-2wd-cars-New-Delhi_af222e36-a8bf-4deb-894d-2acc3c33a97f.htm
2014 Honda City i VTEC SV,2014,261000.0,78099,Automatic,Petrol,1st Owner,1497.0,17.4,5.0,https://www.cardekho.com/used-car-details/used-Honda-city-i-vtec-sv-cars-New-Delhi_fa3466d1-695d-4658-a243-707b44f9ec6e.htm
2022 Maruti Suzuki Wagon R LXI,2022,450000.0,30000,Manual,Petrol,1st Owner,998.0,21.79,5.0,https://www.cardekho.com/used-car-details/used-Maruti-wagon-r-lxi-cars-New-Delhi_f0650e3a-dfa2-49eb-88a8-a6fa63202bc1.htm
2021 Kia Sonet 1.5 GTX Plus Diesel AT DT,2026,735000.0,75623,Automatic,Petrol,3rd Owner,1493.0,,5.0,https://www.cardekho.com/used-car-details/used-Kia-sonet-15-gtx-plus-diesel-at-dt-cars-New-Delhi_a01cce94-04a3-42eb-a1cf-c05e3ce080d1.htm
2019 Maruti Suzuki Baleno 1.2 Zeta,2019,348000.0,91639,Automatic,Petrol,1st Owner,1197.0,21.4,5.0,https://www.cardekho.com/buy-used-car-details/used-Maruti-baleno-12-zeta-cars-New-Delhi_c8c50178-f2c4-4e5b-ad4a-fd1b23b9122c.htm
2015 Maruti Suzuki Celerio ZXI,2015,259000.0,87113,Automatic,Petrol,1st Owner,998.0,21.63,5.0,https://www.cardekho.com/buy-used-car-details/used-Maruti-celerio-zxi-cars-New-Delhi_6132e9fd-4af8-4754-8d7a-964e128d1687.htm
2022 Toyota Urban cruiser High,2022,725000.0,48000,Automatic,Petrol,1st Owner,1462.0,17.03,5.0,https://www.cardekho.com/used-car-details/used-Toyota-urban-cruiser-high-cars-New-Delhi_ee43c8ac-6db9-4c5a-b83b-39e5423356a8.htm
2023 Land Rover Range Rover Velar R-Dynamic S Petrol,2023,5990000.0,43000,Automatic,Petrol,2nd Owner,1997.0,15.8,5.0,https://www.cardekho.com/used-car-details/used-Land-rover-range-rover-velar-r-dynamic-s-petrol-cars-New-Delhi_7d85262c-e6bc-435d-b36b-0bd9616a448c.htm
2017 Renault KWID 1.0 RXT,2018,190000.0,32988,Automatic,Petrol,1st Owner,999.0,23.01,5.0,https://www.cardekho.com/used-car-details/used-Renault-kwid-10-rxt-cars-New-Delhi_8ba4bb7c-12b2-4f85-a34d-069e60380869.htm
2024 Honda Amaze ZX,2024,950000.0,6814,Automatic,Petrol,1st Owner,1199.0,18.65,5.0,https://www.cardekho.com/used-car-details/used-Honda-amaze-zx-cars-New-Delhi_c2f66745-0622-4def-9d46-fa2422cb3714.htm
2018 Volvo S60 D4 SUMMUM,2018,1190000.0,39000,Automatic,Petrol,1st Owner,1984.0,9.0,5.0,https://www.cardekho.com/used-car-details/used-Volvo-s60-d4-summum-cars-New-Delhi_33e44c1d-c53d-440b-8353-06e272abf4b8.htm
2021 MG Hector Sharp AT BSIV,2021,1065000.0,29000,Automatic,Petrol,1st Owner,1451.0,13.96,5.0,https://www.cardekho.com/used-car-details/used-Mg-hector-sharp-at-bsiv-cars-New-Delhi_c9020a70-ba14-4789-8c5d-a0fd9aa2e303.htm
2024 Mahindra XUV700 AX7L 7Str AT,2024,1975000.0,49000,Automatic,Petrol,1st Owner,1999.0,13.0,7.0,https://www.cardekho.com/used-car-details/used-Mahindra-xuv700-ax7l-7str-at-cars-New-Delhi_75518bb2-aa54-415c-87b9-3d467908c53b.htm
2024 Tata Altroz XZA DCT,2024,567000.0,61992,Automatic,Petrol,1st Owner,1199.0,18.5,5.0,https://www.cardekho.com/used-car-details/used-Tata-altroz-xza-dct-cars-New-Delhi_f68a56a2-a8cd-4ab9-9d0a-28606c25d417.htm
2018 Toyota Innova Crysta 2.4 VX MT 8S BSIV,2018,1290000.0,152000,Automatic,Petrol,1st Owner,2393.0,,8.0,https://www.cardekho.com/used-car-details/used-Toyota-innova-crysta-24-vx-mt-8s-bsiv-cars-New-Delhi_ad6c2d08-2089-47b6-be7c-3410a4e38768.htm
2022 Mahindra XUV700 AX5 7 Str Diesel AT BSVI,2022,1450000.0,53000,Automatic,Petrol,1st Owner,2198.0,17.19,7.0,https://www.cardekho.com/used-car-details/used-Mahindra-xuv700-ax5-7-str-diesel-at-bsvi-cars-New-Delhi_b5e4edfb-90c1-473b-b028-596a76664111.htm
2023 Mahindra Thar LX 4WD Hard Top AT BSVI,2023,1112000.0,41000,Automatic,Petrol,2nd Owner,1997.0,8.0,4.0,https://www.cardekho.com/used-car-details/used-Mahindra-thar-lx-4wd-hard-top-at-bsvi-cars-New-Delhi_ec6dbc08-6fb3-4857-9b3e-493fb8e002aa.htm
2021 Mahindra Thar LX 4WD Convert Top AT BSVI,2022,950000.0,30000,Automatic,Petrol,2nd Owner,1997.0,15.2,4.0,https://www.cardekho.com/used-car-details/used-Mahindra-thar-lx-4wd-convert-top-at-bsvi-cars-New-Delhi_b5fe1b13-3780-4ed4-9782-1b6f90b89b3d.htm
2020 Renault KWID 1.0 RXT Opt,2020,268000.0,82074,Automatic,Petrol,1st Owner,999.0,21.74,5.0,https://www.cardekho.com/used-car-details/used-Renault-kwid-10-rxt-opt-cars-New-Delhi_3ee94a1f-d10b-4132-9cf5-f892ed48c3ca.htm
2024 Maruti Suzuki Brezza Lxi,2024,805000.0000000001,11000,Manual,Petrol,1st Owner,1462.0,17.38,5.0,https://www.cardekho.com/used-car-details/used-Maruti-brezza-lxi-cars-New-Delhi_52ba466a-2131-41d7-9c47-decf9d3a2e35.htm
2020 Renault Triber RXZ EASY-R AMT BSVI,2021,337000.0,49540,Automatic,Petrol,2nd Owner,999.0,18.2,7.0,https://www.cardekho.com/buy-used-car-details/used-Renault-triber-rxz-easy-r-amt-bsvi-cars-New-Delhi_c81448b8-6ed3-47fd-b0bc-7d7d8efe83d4.htm
2021 Hyundai Grand i10 1.2 Kappa Sportz BSIV,2021,419000.00000000006,31940,Manual,Petrol,2nd Owner,1197.0,18.9,5.0,https://www.cardekho.com/used-car-details/used-Hyundai-grand-i10-12-kappa-sportz-bsiv-cars-New-Delhi_83e51cc5-7264-4ed0-ac50-234a448688d4.htm
2017 Maruti Suzuki Ciaz 1.4 Alpha,2017,408000.0,39018,Automatic,Petrol,1st Owner,1373.0,20.73,5.0,https://www.cardekho.com/used-car-details/used-Maruti-ciaz-14-alpha-cars-New-Delhi_69f01b49-7fb0-4f3a-aabe-c228da656390.htm
2019 Mahindra Xylo D2 BS IV,2019,350000.0,75000,Manual,Petrol,1st Owner,2489.0,14.95,7.0,https://www.cardekho.com/used-car-details/used-Mahindra-xylo-d2-bs-iv-cars-New-Delhi_afbc9f9f-8358-4348-9f17-5cf7a0d2ab1d.htm
2023 Tata Nexon XE,2023,590000.0,35000,Manual,Petrol,1st Owner,1199.0,17.33,5.0,https://www.cardekho.com/used-car-details/used-Tata-nexon-xe-cars-New-Delhi_819f2ad2-051a-4092-a6a2-c90f53d4a964.htm
2019 Hyundai Tucson 2.0 e-VGT 2WD AT GL Opt,2019,1195000.0,62000,Automatic,Petrol,1st Owner,1995.0,16.38,5.0,https://www.cardekho.com/used-car-details/used-Hyundai-tucson-20-e-vgt-2wd-at-gl-opt-cars-New-Delhi_f5a4b4a7-39cd-4737-af5f-812d8b3f6b6a.htm
2024 Toyota Fortuner 4X2 Diesel AT,2024,3925000.0,34000,Automatic,Petrol,1st Owner,2755.0,,7.0,https://www.cardekho.com/used-car-details/used-Toyota-fortuner-4x2-diesel-at-cars-New-Delhi_cb45d4e5-c3bb-4849-a490-3bf249e76dd7.htm
2017 Maruti Suzuki Swift LXI Optional-O,2017,360000.0,56000,Manual,Petrol,1st Owner,1197.0,20.4,5.0,https://www.cardekho.com/used-car-details/used-Maruti-swift-lxi-optional-o-cars-New-Delhi_00b39861-6ea0-4e89-84e1-89aa32c9a181.htm
2022 Maruti Suzuki Wagon R VXI CNG BSVI,2022,475000.0,33000,Manual,Petrol,2nd Owner,998.0,,5.0,https://www.cardekho.com/used-car-details/used-Maruti-wagon-r-vxi-cng-bsvi-cars-New-Delhi_e898f0b7-8f25-492e-9629-5ad08d55e291.htm
2025 Kia Seltos GTX Plus Turbo DCT,2025,1639999.9999999998,16000,Automatic,Petrol,1st Owner,1482.0,17.9,5.0,https://www.cardekho.com/used-car-details/used-Kia-seltos-gtx-plus-turbo-dct-cars-New-Delhi_ac8cf64a-5779-432c-958e-4115c31bef8d.htm
2016 Hyundai Grand i10 Magna CNG,2016,325000.0,72000,Manual,Petrol,1st Owner,1197.0,,5.0,https://www.cardekho.com/used-car-details/used-Hyundai-grand-i10-magna-cng-cars-New-Delhi_6dc909cb-53e3-4617-bd03-17fc8c41dc14.htm
2025 Toyota Glanza V,2025,970000.0,8000,Automatic,Petrol,1st Owner,1197.0,22.35,5.0,https://www.cardekho.com/used-car-details/used-Toyota-glanza-v-cars-New-Delhi_4592a1d4-ef81-4d9f-81cc-5eddb239db62.htm
2025 Hyundai Venue E,2025,732000.0,22200,Manual,Petrol,1st Owner,1197.0,20.36,5.0,https://www.cardekho.com/used-car-details/used-Hyundai-venue-e-cars-New-Delhi_070f14e2-5954-4b2f-980a-00f8ebea8108.htm
2022 Maruti Suzuki Ciaz Zeta BSVI,2022,750000.0,70000,Automatic,Petrol,1st Owner,1462.0,20.65,5.0,https://www.cardekho.com/used-car-details/used-Maruti-ciaz-zeta-bsvi-cars-New-Delhi_71722d23-694d-4ff2-8916-c8ab2e89bf73.htm
2018 Honda Jazz 1.2 SV i VTEC,2018,395000.0,72000,Automatic,Petrol,1st Owner,1199.0,18.7,5.0,https://www.cardekho.com/used-car-details/used-Honda-jazz-12-sv-i-vtec-cars-New-Delhi_b83c4875-070e-40f5-be6c-141f9427e16b.htm
2023 Toyota Glanza V,2023,790000.0,7000,Automatic,Petrol,2nd Owner,1197.0,22.35,5.0,https://www.cardekho.com/used-car-details/used-Toyota-glanza-v-cars-New-Delhi_4773a07d-165e-4550-8243-b2cfb709d14f.htm
2018 Mahindra TUV 300 Plus P8 BSIV,2018,650000.0,42000,Manual,Petrol,1st Owner,2179.0,18.49,9.0,https://www.cardekho.com/used-car-details/used-Mahindra-tuv-300-plus-p8-bsiv-cars-New-Delhi_8d8ef1e6-0bc3-455b-825c-902febae6582.htm
2025 Skoda Slavia 1.5L Monte Carlo DSG,2025,1645000.0,6000,Automatic,Petrol,1st Owner,1498.0,19.36,5.0,https://www.cardekho.com/used-car-details/used-Skoda-slavia-15l-monte-carlo-dsg-cars-New-Delhi_a4706fc8-1a23-41f8-9e29-0c9147811594.htm
2020 Renault KWID 1.0 RXL BSVI,2020,295000.0,52000,Automatic,Petrol,1st Owner,999.0,21.46,5.0,https://www.cardekho.com/used-car-details/used-Renault-kwid-10-rxl-bsvi-cars-New-Delhi_bc2ebe90-36f8-49d0-89a9-f075e5f9fe12.htm
2022 Mercedes-Benz C-Class Progressive C 200,2022,3975000.0,23000,Automatic,Petrol,1st Owner,1950.0,,5.0,https://www.cardekho.com/used-car-details/used-Mercedes-benz-c-class-progressive-c-200-cars-New-Delhi_e4bf1e1a-edaf-4047-b786-321fa1cb21a2.htm
2020 BMW X4 M Sport X xDrive20d,2020,3100000.0,49000,Automatic,Petrol,1st Owner,1995.0,,5.0,https://www.cardekho.com/used-car-details/used-Bmw-x4-m-sport-x-xdrive20d-cars-New-Delhi_f7fff50e-000e-49e1-afef-000b8f26187f.htm
2017 Hyundai Grand i10 1.2 Kappa Sportz BSIV,2017,259000.0,63664,Manual,Petrol,2nd Owner,1197.0,18.9,5.0,https://www.cardekho.com/used-car-details/used-Hyundai-grand-i10-12-kappa-sportz-bsiv-cars-New-Delhi_ee6c3915-3251-49d9-b510-6bafe5f9ac27.htm
2022 Tata Altroz XT BSVI,2022,434000.0,54918,Automatic,Petrol,1st Owner,1199.0,19.33,5.0,https://www.cardekho.com/used-car-details/used-Tata-altroz-xt-bsvi-cars-New-Delhi_e94b58ef-7ca1-45a2-b1ac-df52f9f36ce8.htm
2025 Skoda Kodiaq L & K,2025,4300000.0,6000,Automatic,Petrol,1st Owner,1984.0,13.32,7.0,https://www.cardekho.com/used-car-details/used-Skoda-kodiaq-l-k-cars-New-Delhi_90e4d87a-e311-4153-8d1b-1303ff0c1812.htm
2024 Hyundai i20 Asta 1.2,2024,777000.0,11361,Automatic,Petrol,1st Owner,1197.0,18.6,5.0,https://www.cardekho.com/buy-used-car-details/used-Hyundai-i20-asta-12-cars-New-Delhi_e9d0696c-1bb3-4223-9f5d-967990f2c475.htm
2020 Jeep Compass 1.4 Limited Plus,2020,1199000.0,48000,Automatic,Petrol,1st Owner,1368.0,14.1,5.0,https://www.cardekho.com/used-car-details/used-Jeep-compass-14-limited-plus-cars-New-Delhi_4ec19bdb-41d2-4a21-a99a-d4d521286d14.htm
2019 Kia Seltos GTX Plus,2020,762000.0,99926,Automatic,Petrol,1st Owner,1353.0,16.5,5.0,https://www.cardekho.com/used-car-details/used-Kia-seltos-gtx-plus-cars-New-Delhi_6e4f3f53-3eb3-4bfa-b13f-40f28032f202.htm
2022 BMW X1 sDrive20i SportX,2022,2775000.0,44000,Automatic,Petrol,1st Owner,1998.0,14.82,5.0,https://www.cardekho.com/used-car-details/used-Bmw-x1-sdrive20i-sportx-cars-New-Delhi_eaa00ed8-4da2-449d-b2b3-12febd44a9b6.htm
2019 Mahindra Marazzo M2 BSIV,2019,550000.0,28000,Manual,Diesel,1st Owner,1497.0,17.3,7.0,https://www.cardekho.com/used-car-details/used-Mahindra-marazzo-m2-bsiv-cars-New-Delhi_ad654d5e-c8bb-4db0-8d75-97c8d4ca31d2.htm
2021 Toyota Fortuner 4X4 Diesel AT BSVI,2021,3200000.0,91000,Automatic,Petrol,1st Owner,2755.0,8.0,7.0,https://www.cardekho.com/used-car-details/used-Toyota-fortuner-4x4-diesel-at-bsvi-cars-New-Delhi_55d7675b-25e0-4a43-81ee-0df387a78aaa.htm
2022 Mahindra Thar LX 4WD Hard Top Diesel AT BSVI,2022,1275000.0,52000,Automatic,Petrol,1st Owner,2184.0,9.0,4.0,https://www.cardekho.com/used-car-details/used-Mahindra-thar-lx-4wd-hard-top-diesel-at-bsvi-cars-New-Delhi_9a74bc12-6ef2-4dd0-a60c-8ef01c06e92c.htm
2016 Maruti Suzuki Celerio ZXI AT Optional,2016,228000.0,75697,Automatic,Petrol,2nd Owner,998.0,23.1,5.0,https://www.cardekho.com/used-car-details/used-Maruti-celerio-zxi-at-optional-cars-New-Delhi_2c0df147-16e5-4ccd-b278-c3111da4960a.htm
2023 Toyota Glanza V AMT,2023,750000.0,45000,Automatic,Petrol,1st Owner,1197.0,22.94,5.0,https://www.cardekho.com/used-car-details/used-Toyota-glanza-v-amt-cars-New-Delhi_55b67579-507d-43f4-a540-15cdc3a48ede.htm
2024 Toyota Innova Hycross ZX(O) Hybrid,2024,3125000.0,35000,Automatic,Petrol,1st Owner,1987.0,,7.0,https://www.cardekho.com/used-car-details/used-Toyota-innova-hycross-zxo-hybrid-cars-New-Delhi_6f146745-7515-4c81-bad8-589e1238106c.htm
2015 Maruti Suzuki Celerio VXI,2015,235000.0,71000,Automatic,Petrol,2nd Owner,998.0,23.1,5.0,https://www.cardekho.com/used-car-details/used-Maruti-celerio-vxi-cars-New-Delhi_88f5195f-8f69-4908-a616-85805138b461.htm
2015 Hyundai Verna 1.6 SX VTVT (O) AT,2015,399000.0,59000,Automatic,Petrol,1st Owner,1591.0,17.1,5.0,https://www.cardekho.com/used-car-details/used-Hyundai-verna-16-sx-vtvt-o-at-cars-New-Delhi_02fbaf7c-5436-415b-968b-8d9c244c96e9.htm
2025 Mahindra Thar LX Hard Top Diesel RWD,2025,1230000.0,42000,Manual,Petrol,1st Owner,1497.0,9.0,4.0,https://www.cardekho.com/used-car-details/used-Mahindra-thar-lx-hard-top-diesel-rwd-cars-New-Delhi_dcc7bf9d-54b2-43a9-8eb8-f30edb9e806e.htm
2022 MG Astor Savvy CVT Red BSVI,2022,890000.0,22658,Automatic,Petrol,1st Owner,1498.0,14.85,5.0,https://www.cardekho.com/used-car-details/used-Mg-astor-savvy-cvt-red-bsvi-cars-New-Delhi_61fd8b39-6606-48d8-9c9d-66b23c75f540.htm
2022 Tata Punch Accomplished AMT BSVI,2022,567000.0,42615,Automatic,Petrol,1st Owner,1199.0,18.8,5.0,https://www.cardekho.com/used-car-details/used-Tata-punch-accomplished-amt-bsvi-cars-New-Delhi_86abecd6-92f8-4a1e-bde2-2d6fde992208.htm
2022 Honda City ZX MT,2022,894999.9999999999,76000,Automatic,Petrol,1st Owner,1498.0,18.6,5.0,https://www.cardekho.com/used-car-details/used-Honda-city-zx-mt-cars-New-Delhi_1ca48e60-c084-4e36-8860-3eadad5b30e6.htm
2024 Hyundai Exter SX CNG,2025,713000.0,20413,Automatic,Petrol,1st Owner,1197.0,,5.0,https://www.cardekho.com/used-car-details/used-Hyundai-exter-sx-cng-cars-New-Delhi_2b652216-8b10-40d6-8a43-07a72261d7c0.htm
2017 Hyundai i20 1.2 Magna Executive,2017,331000.0,62335,Manual,Petrol,2nd Owner,1197.0,18.6,5.0,https://www.cardekho.com/used-car-details/used-Hyundai-i20-12-magna-executive-cars-New-Delhi_dabd2658-c862-4181-9e6c-6e9d80a3016f.htm
2025 Mercedes-Benz C-Class C 200,2025,5300000.0,14000,Automatic,Petrol,1st Owner,1496.0,,5.0,https://www.cardekho.com/used-car-details/used-Mercedes-benz-c-class-c-200-cars-New-Delhi_2fe705a5-adec-4a49-a9ea-d5d538609066.htm
2018 Hyundai Creta 1.6 CRDi AT SX Plus,2018,775000.0,60000,Automatic,Petrol,2nd Owner,1582.0,17.01,5.0,https://www.cardekho.com/used-car-details/used-Hyundai-creta-16-crdi-at-sx-plus-cars-New-Delhi_7fddecd8-4f2d-4f64-a1f6-c2ca3ae376eb.htm
2022 Volkswagen Taigun 1.0 TSI Topline AT BSVI,2023,928000.0,21000,Automatic,Petrol,2nd Owner,999.0,18.41,5.0,https://www.cardekho.com/used-car-details/used-Volkswagen-taigun-10-tsi-topline-at-bsvi-cars-New-Delhi_96b55bfb-00d9-4478-97bd-c98b15c660e6.htm
2017 Renault KWID 1.0 RXL,2017,195000.0,57252,Automatic,Petrol,1st Owner,999.0,23.01,5.0,https://www.cardekho.com/used-car-details/used-Renault-kwid-10-rxl-cars-New-Delhi_097d1c72-07db-4f84-8791-f30c46ed347a.htm
2019 Tata Nexon 1.5 Revotorq XMA,2019,545000.0,92000,Automatic,Petrol,1st Owner,1497.0,21.5,5.0,https://www.cardekho.com/used-car-details/used-Tata-nexon-15-revotorq-xma-cars-New-Delhi_ea2eaf0d-763f-4134-b857-bba2ce838c80.htm
2014 Hyundai i10 Magna 1.2 iTech SE,2014,205000.0,81613,Automatic,Petrol,1st Owner,1197.0,20.36,5.0,https://www.cardekho.com/used-car-details/used-Hyundai-i10-magna-12-itech-se-cars-New-Delhi_d32c9500-b0af-40a0-9e06-40fe79ed2155.htm
2024 Tata Altroz Pure,2024,653000.0,15688,Automatic,Petrol,1st Owner,1199.0,,5.0,https://www.cardekho.com/buy-used-car-details/used-Tata-altroz-pure-cars-New-Delhi_c3e89297-95dc-494f-9c9a-3a27384cda24.htm
2023 Hyundai Venue SX Opt Turbo DCT,2023,824000.0,64119,Automatic,Petrol,1st Owner,998.0,18.31,5.0,https://www.cardekho.com/used-car-details/used-Hyundai-venue-sx-opt-turbo-dct-cars-New-Delhi_ed09cfb4-492a-4adc-9dbf-0b0e9cf868f6.htm
2021 Maruti Suzuki Baleno Zeta Diesel,2021,587000.0,61473,Automatic,Petrol,1st Owner,1248.0,27.39,5.0,https://www.cardekho.com/buy-used-car-details/used-Maruti-baleno-zeta-diesel-cars-New-Delhi_db7238c6-edb0-4e56-9818-dc765d2a9383.htm
2021 Hyundai Grand i10 1.2 Kappa Magna BSIV,2021,471000.0,27529,Manual,Petrol,1st Owner,1197.0,18.9,5.0,https://www.cardekho.com/buy-used-car-details/used-Hyundai-grand-i10-12-kappa-magna-bsiv-cars-New-Delhi_8e92230c-4a7e-416f-be3a-a069d570d449.htm
2022 Tata Tiago XZ CNG,2022,403000.0,58713,Automatic,Petrol,2nd Owner,1199.0,,5.0,https://www.cardekho.com/used-car-details/used-Tata-tiago-xz-cng-cars-New-Delhi_d9444f6a-0704-4e7b-aad0-949ef6ecf719.htm
2014 Hyundai i20 Sportz 1.2,2014,273000.0,53016,Automatic,Petrol,1st Owner,1197.0,18.6,5.0,https://www.cardekho.com/used-car-details/used-Hyundai-i20-sportz-12-cars-New-Delhi_d4c8e863-de35-4cc4-8ab5-9827e1006b98.htm
2015 Skoda Superb Elegance 1.8 TSI AT,2015,495000.0,108000,Automatic,Petrol,3rd Owner,1798.0,13.7,5.0,https://www.cardekho.com/used-car-details/used-Skoda-superb-elegance-18-tsi-at-cars-New-Delhi_164f51fe-20ad-4aa8-8192-8e6763656cdf.htm
2018 Honda City i-VTEC VX,2018,549000.0,78000,Automatic,Petrol,1st Owner,1497.0,17.4,5.0,https://www.cardekho.com/used-car-details/used-Honda-city-i-vtec-vx-cars-New-Delhi_8a419fe0-7340-4401-ace4-be5e09fedb06.htm
2023 Mahindra Scorpio N Z6 Diesel AT,2023,1495000.0,64400,Automatic,Petrol,1st Owner,2198.0,15.42,7.0,https://www.cardekho.com/used-car-details/used-Mahindra-scorpio-n-z6-diesel-at-cars-New-Delhi_eeab3d74-f4f9-41d3-892f-26f2bc6f81d6.htm
2022 Hyundai Grand i10 Nios Sportz CNG,2022,565000.0,60000,Automatic,Petrol,1st Owner,1197.0,,5.0,https://www.cardekho.com/used-car-details/used-Hyundai-grand-i10-nios-sportz-cng-cars-New-Delhi_f4185096-ac5c-456d-ae37-77bdcdc75ac5.htm
2022 MG Hector Plus Sharp CVT,2022,1445000.0,23000,Automatic,Petrol,1st Owner,1451.0,16.56,6.0,https://www.cardekho.com/used-car-details/used-Mg-hector-plus-sharp-cvt-cars-New-Delhi_b1d071b9-3fe9-4acc-9d9e-35d5c05bb1ac.htm
2023 Hyundai Creta SX Opt Knight Diesel AT BSVI,2023,1187000.0,72509,Automatic,Petrol,1st Owner,1493.0,18.0,5.0,https://www.cardekho.com/used-car-details/used-Hyundai-creta-sx-opt-knight-diesel-at-bsvi-cars-New-Delhi_fc292bba-60dc-47a1-85d3-2d3985d715f1.htm
2014 Toyota Corolla Altis JS MT,2014,344000.0,84018,Automatic,Petrol,2nd Owner,1798.0,14.28,5.0,https://www.cardekho.com/used-car-details/used-Toyota-corolla-altis-js-mt-cars-New-Delhi_502d8350-9bde-4d96-a2cc-734df0ffb3c2.htm
2021 Hyundai Venue SX Turbo iMT,2021,466000.0,97414,Automatic,Petrol,2nd Owner,998.0,18.0,5.0,https://www.cardekho.com/used-car-details/used-Hyundai-venue-sx-turbo-imt-cars-New-Delhi_1bdc8ecd-a917-47c9-8703-b1f001327283.htm
2021 Volkswagen Polo 1.0 MPI Trendline,2021,399000.0,58000,Automatic,Petrol,1st Owner,999.0,17.74,5.0,https://www.cardekho.com/used-car-details/used-Volkswagen-polo-10-mpi-trendline-cars-New-Delhi_845a5d62-5258-4f10-a11c-95329c0defb2.htm
2016 Hyundai Verna 1.6 VTVT S,2016,520000.0,52000,Automatic,Petrol,1st Owner,1591.0,17.01,5.0,https://www.cardekho.com/used-car-details/used-Hyundai-verna-16-vtvt-s-cars-New-Delhi_a4b01e22-d3c3-4deb-a3cf-e7749b387bdb.htm
2017 Jaguar XE 2.0L Diesel Prestige,2018,1600000.0,43542,Automatic,Petrol,2nd Owner,1999.0,,5.0,https://www.cardekho.com/used-car-details/used-Jaguar-xe-20l-diesel-prestige-cars-New-Delhi_6e170de4-4812-4d54-9681-2b22cf10bbd8.htm
2024 Kia Seltos GTX Plus Turbo DCT,2024,1481000.0,10002,Automatic,Petrol,1st Owner,1482.0,17.9,5.0,https://www.cardekho.com/used-car-details/used-Kia-seltos-gtx-plus-turbo-dct-cars-New-Delhi_0cc1f4eb-5202-47b0-99ed-079528226806.htm
2018 Hyundai Grand i10 1.2 Kappa Magna BSIV,2018,369000.0,60000,Manual,Petrol,1st Owner,1197.0,18.9,5.0,https://www.cardekho.com/used-car-details/used-Hyundai-grand-i10-12-kappa-magna-bsiv-cars-New-Delhi_6c1a32e3-b529-4247-8c5c-582c8ca4dfa8.htm
2019 Maruti Suzuki Alto 800 LXI,2019,295000.0,51000,Manual,Petrol,1st Owner,796.0,22.05,5.0,https://www.cardekho.com/used-car-details/used-Maruti-alto-800-lxi-cars-New-Delhi_792dc0ad-864c-4de1-9d7c-b026dd97b4aa.htm
2017 Maruti Suzuki Swift Dzire VXI 1.2,2017,375000.0,65218,Manual,Petrol,2nd Owner,1197.0,21.21,5.0,https://www.cardekho.com/used-car-details/used-Maruti-swift-dzire-vxi-12-cars-New-Delhi_bd77608b-a88a-495d-bd4d-2ae8a570c904.htm
2014 Honda City i VTEC CVT VX,2014,425000.0,70000,Automatic,Petrol,1st Owner,1497.0,18.0,5.0,https://www.cardekho.com/used-car-details/used-Honda-city-i-vtec-cvt-vx-cars-New-Delhi_1418186c-b3af-4b5b-85be-5b9f3692dbb8.htm
2022 Mahindra Thar LX 4WD Hard Top AT BSVI,2022,1250000.0,60000,Automatic,Petrol,1st Owner,1997.0,8.0,4.0,https://www.cardekho.com/used-car-details/used-Mahindra-thar-lx-4wd-hard-top-at-bsvi-cars-New-Delhi_90de4436-7130-4594-89f8-476f3d5ce6f9.htm
2020 Kia Seltos GTX Plus DCT,2020,1095000.0,53000,Automatic,Petrol,1st Owner,1353.0,16.5,5.0,https://www.cardekho.com/used-car-details/used-Kia-seltos-gtx-plus-dct-cars-New-Delhi_fd269ab4-b265-477e-bb32-adda918c1777.htm
2023 Mahindra Thar LX 4WD Hard Top AT BSVI,2023,1241000.0,13000,Automatic,Petrol,1st Owner,1997.0,8.0,4.0,https://www.cardekho.com/used-car-details/used-Mahindra-thar-lx-4wd-hard-top-at-bsvi-cars-New-Delhi_5d42c5c7-31b9-4b9b-b792-a3187ab562fb.htm
2021 Tata Harrier XZA Plus AT BSVI,2022,1025000.0,79000,Automatic,Diesel,1st Owner,1956.0,14.6,5.0,https://www.cardekho.com/used-car-details/used-Tata-harrier-xza-plus-at-bsvi-cars-New-Delhi_6ebc65ab-ff18-4d52-bb6c-4efa9fd4ad1d.htm
2021 Mahindra Thar LX 4WD Hard Top Diesel AT BSVI,2021,1035000.0,70000,Automatic,Petrol,1st Owner,2184.0,9.0,4.0,https://www.cardekho.com/used-car-details/used-Mahindra-thar-lx-4wd-hard-top-diesel-at-bsvi-cars-New-Delhi_0f4cad45-78c5-4453-a647-bdaf11934bca.htm
2021 Hyundai Venue SX Plus Turbo DCT,2021,760000.0,50000,Automatic,Petrol,1st Owner,998.0,18.15,5.0,https://www.cardekho.com/used-car-details/used-Hyundai-venue-sx-plus-turbo-dct-cars-New-Delhi_13ce8f2a-afdf-40ff-8097-371d4f90d818.htm
2024 Mahindra XUV700 AX7L 7Str AT,2024,1950000.0,16000,Automatic,Petrol,1st Owner,1999.0,13.0,7.0,https://www.cardekho.com/used-car-details/used-Mahindra-xuv700-ax7l-7str-at-cars-New-Delhi_c67ff067-8f05-48d6-b055-d249f4f0d736.htm
2023 Maruti Suzuki Grand Vitara Delta CNG BSVI,2023,1100000.0,58000,Automatic,Petrol,1st Owner,1462.0,,5.0,https://www.cardekho.com/used-car-details/used-Maruti-grand-vitara-delta-cng-bsvi-cars-New-Delhi_6b97987d-2b16-47f6-a786-b661f3f2d2d6.htm
2021 Tata Tiago XZ Plus,2021,454000.0,47052,Automatic,Petrol,1st Owner,1199.0,23.84,5.0,https://www.cardekho.com/used-car-details/used-Tata-tiago-xz-plus-cars-New-Delhi_4c040577-3c2c-437c-b3e4-c1eb95b305ca.htm
2017 Mercedes-Benz GLC 300 4MATIC Sport,2017,2900000.0,39990,Automatic,Petrol,1st Owner,1991.0,,5.0,https://www.cardekho.com/used-car-details/used-Mercedes-benz-glc-300-4matic-sport-cars-New-Delhi_cccc9cd9-6c7d-4166-8e8e-3aea716a6a19.htm
2024 Maruti Suzuki Grand Vitara Alpha Plus Hybrid CVT,2024,1480000.0,19000,Automatic,Petrol,1st Owner,1490.0,27.97,5.0,https://www.cardekho.com/used-car-details/used-Maruti-grand-vitara-alpha-plus-hybrid-cvt-cars-New-Delhi_c853d4c2-c8bc-49a7-a238-7ac9088c81d9.htm
2019 Tata Nexon 1.2 Revotron XM,2019,450000.0,65000,Automatic,Petrol,2nd Owner,1198.0,17.0,5.0,https://www.cardekho.com/used-car-details/used-Tata-nexon-12-revotron-xm-cars-New-Delhi_2820e620-fcc4-4279-8625-b510586c1eae.htm
2022 Tata Nexon XMA S AMT Diesel,2022,725000.0,71000,Automatic,Petrol,1st Owner,1497.0,24.07,5.0,https://www.cardekho.com/used-car-details/used-Tata-nexon-xma-s-amt-diesel-cars-New-Delhi_cac86cfb-229d-49a3-8c4d-3e6c4d55d726.htm
2024 Jeep Wrangler Rubicon,2024,6100000.0,19300,Automatic,Petrol,1st Owner,1998.0,,5.0,https://www.cardekho.com/used-car-details/used-Jeep-wrangler-rubicon-cars-New-Delhi_77ae7304-3863-4782-bbfb-239dc6b3dcba.htm
2024 Toyota Fortuner 4X2 AT,2024,3475000.0,31000,Automatic,Petrol,1st Owner,2694.0,,7.0,https://www.cardekho.com/used-car-details/used-Toyota-fortuner-4x2-at-cars-New-Delhi_4a92a9a1-a6a7-4104-936c-7086e02af5ed.htm
2017 Maruti Suzuki Swift LXI Option,2017,375000.0,14000,Manual,Petrol,1st Owner,1197.0,20.4,5.0,https://www.cardekho.com/used-car-details/used-Maruti-swift-lxi-option-cars-New-Delhi_b517faca-8233-4598-95c1-a5e0414c1699.htm
2023 Maruti Suzuki Grand Vitara Delta CNG 2 Airbag,2023,1099000.0,58000,Automatic,Petrol,1st Owner,1462.0,,5.0,https://www.cardekho.com/used-car-details/used-Maruti-grand-vitara-delta-cng-2-airbag-cars-New-Delhi_ea2433cc-4c49-4d4e-b2fb-c647b049ef2a.htm
2018 Toyota Innova Crysta,2018,1040000.0,181000,Manual,Petrol,2nd Owner,2393.0,,,https://www.cardekho.com/used-car-details/used-Toyota-innova-crysta-24-g-mt-8s-bsiv-cars-New-Delhi_74132e59-82f0-454a-add3-2e29be413b7a.htm
2023 Hyundai Creta,2023,1390000.0,28000,Automatic,Petrol,1st Owner,1497.0,,,https://www.cardekho.com/used-car-details/used-Hyundai-creta-sx-ivt-cars-New-Delhi_0ac3fd7d-b4ac-49e3-82bd-9fcdb251dca0.htm
2020 Lexus ES 350h,2020,3425000.0,65000,Automatic,Petrol,1st Owner,2487.0,,,https://www.cardekho.com/used-car-details/used-Lexus-es-350h-300h-luxury-2020-2022-cars-New-Delhi_588deba7-1047-46d2-a9ed-872aef245720.htm
2025 Mahindra Scorpio N,2025,1525000.0,24000,Manual,Petrol,1st Owner,1997.0,,,https://www.cardekho.com/used-car-details/used-Mahindra-scorpio-n-z2-cars-New-Delhi_8939d767-cf94-4d53-ba88-cb5eb74c528b.htm
2024 Kia Seltos,2024,833000.0,44341,Manual,Petrol,1st Owner,1497.0,,,https://www.cardekho.com/used-car-details/used-Kia-seltos-hte-cars-New-Delhi_8f22fe44-d205-4af8-a642-07262b1d1c4c.htm
2017 Mercedes-Benz GLC,2017,2750000.0,65000,Automatic,Petrol,1st Owner,1991.0,,,https://www.cardekho.com/used-car-details/used-Mercedes-benz-glc-progressive-300-cars-New-Delhi_46383ee1-e81a-42a5-9e01-4cdbd893a1cd.htm
2018 Mahindra Bolero Power Plus,2018,675000.0,36000,Manual,Petrol,1st Owner,1493.0,,,https://www.cardekho.com/used-car-details/used-Mahindra-bolero-power-plus-slx-cars-New-Delhi_d315106e-f694-424d-b0e3-b0b7655c4bcd.htm
2024 Audi Q8,2024,7290000.000000001,45000,Automatic,Petrol,1st Owner,2995.0,,,https://www.cardekho.com/used-car-details/used-Audi-q8-quattro-cars-New-Delhi_3e90a8fd-9977-460c-af59-ebcf802e18ec.htm
2021 Maruti Suzuki Swift,2021,490000.00000000006,63000,Manual,Petrol,1st Owner,1197.0,,,https://www.cardekho.com/used-car-details/used-Maruti-swift-vxi-bsvi-cars-New-Delhi_e4bb89fc-95ca-423f-afb6-86fb7e5e8a77.htm
2023 Maruti Suzuki Baleno,2023,615000.0,24000,Automatic,Petrol,1st Owner,1197.0,,,https://www.cardekho.com/used-car-details/used-Maruti-baleno-delta-amt-bsvi-cars-New-Delhi_f9f480ee-6939-4e7b-9363-afa0e950a09b.htm
2023 Maruti Suzuki Baleno,2023,755000.0,33601,Automatic,Petrol,1st Owner,1197.0,,,https://www.cardekho.com/used-car-details/used-Maruti-baleno-alpha-amt-cars-New-Delhi_af8a2a79-9b94-4aaf-8061-7e82bec4d8ed.htm
2017 Land Rover Discovery Sport,2017,1890000.0,68000,Automatic,Petrol,1st Owner,1999.0,,,https://www.cardekho.com/used-car-details/used-Land-rover-discovery-sport-si4-hse-cars-New-Delhi_5401fab9-19bf-459d-9320-247be2123b49.htm
2019 MG Hector,2019,1050000.0,29000,Automatic,Petrol,1st Owner,1451.0,,,https://www.cardekho.com/used-car-details/used-Mg-hector-sharp-dct-cars-New-Delhi_94ec0cf1-f2b2-4ddf-b38a-51c1c9825df5.htm
2020 Toyota Innova Crysta,2020,1850000.0,104000,Automatic,Petrol,1st Owner,2393.0,,,https://www.cardekho.com/used-car-details/used-Toyota-innova-crysta-24-zx-at-cars-New-Delhi_3c212f71-fc9d-4d46-9333-92e848bf4583.htm
2023 MG Hector,2023,1575000.0,50000,Automatic,Petrol,1st Owner,1451.0,,,https://www.cardekho.com/used-car-details/used-Mg-hector-savvy-pro-cvt-2023-2025-cars-New-Delhi_06568279-7315-4d86-88f6-fa9a1d300f17.htm
2013 Hyundai Grand i10,2014,233000.0,38775,Automatic,Petrol,3rd Owner,1197.0,,,https://www.cardekho.com/used-car-details/used-Hyundai-grand-i10-12-kappa-sportz-option-at-cars-New-Delhi_f5c90c5b-5595-4e0b-aca0-46be4a01e319.htm
2020 Toyota Innova Crysta,2020,1340000.0,98000,Manual,Petrol,2nd Owner,2393.0,,,https://www.cardekho.com/used-car-details/used-Toyota-innova-crysta-24-g-mt-cars-New-Delhi_f80bd9cc-683e-4815-a4cc-16c7ecd7a01f.htm
2016 Hyundai Creta,2016,480000.0,74000,Automatic,Petrol,1st Owner,1591.0,,,https://www.cardekho.com/used-car-details/used-Hyundai-creta-16-vtvt-at-sx-plus-cars-New-Delhi_0fd4fc72-c3d9-456b-989a-dc73b7839120.htm
2018 Volkswagen Polo,2018,490000.00000000006,61545,Automatic,Petrol,2nd Owner,999.0,,,https://www.cardekho.com/used-car-details/used-Volkswagen-polo-10-mpi-highline-plus-cars-New-Delhi_2488b897-1897-4760-b25b-96ceb8226269.htm
2019 MG Hector,2019,980000.0,41000,Automatic,Petrol,1st Owner,1451.0,,,https://www.cardekho.com/used-car-details/used-Mg-hector-sharp-dct-cars-New-Delhi_7ab67185-a15d-4a19-a4e0-87dea9b6ddf9.htm
2014 Maruti Suzuki Swift,2014,285000.0,80000,Automatic,Petrol,2nd Owner,1197.0,,,https://www.cardekho.com/used-car-details/used-Maruti-swift-zxi-bsiv-cars-New-Delhi_0f57cfc7-7671-4697-8d5a-5c9465836da3.htm
2024 Tata Altroz,2024,693000.0,14210,Automatic,Petrol,1st Owner,1199.0,,,https://www.cardekho.com/used-car-details/used-Tata-altroz-xza-dct-cars-New-Delhi_1eaa0444-873c-4d19-89a2-c06af7cbc89a.htm
2017 Hyundai Creta,2017,515000.00000000006,78000,Automatic,Petrol,1st Owner,1582.0,,,https://www.cardekho.com/used-car-details/used-Hyundai-creta-16-crdi-sx-cars-New-Delhi_50a9aba2-51bb-47d7-82b4-3b6ed75700e6.htm
2021 Tata Nexon,2021,661000.0,39083,Automatic,Petrol,1st Owner,1199.0,,,https://www.cardekho.com/used-car-details/used-Tata-nexon-xz-plus-o-dark-edition-bsvi-cars-New-Delhi_e96d64bd-98c8-48c3-9e05-0a828a46e11c.htm
2025 Toyota Innova Hycross,2025,3425000.0,18000,Automatic,Petrol,1st Owner,1987.0,,,https://www.cardekho.com/used-car-details/used-Toyota-innova-hycross-zx-hybrid-cars-New-Delhi_6ff911f9-7bb1-4d67-86e8-c04f449a9eba.htm
2022 Toyota Innova Crysta,2022,1825000.0,61000,Automatic,Diesel,1st Owner,2393.0,,,https://www.cardekho.com/used-car-details/used-Toyota-innova-crysta-24-gx-7-str-cars-New-Delhi_a2ec2673-61ba-4f4b-82c1-1404e646ace1.htm
2023 Tata Tiago,2023,336000.0,51998,Manual,Petrol,1st Owner,1199.0,,,https://www.cardekho.com/buy-used-car-details/used-Tata-tiago-xt-option-cars-New-Delhi_54024db3-26d7-4c91-bba9-09c50c81d4fb.htm
2017 BMW X1,2017,1175000.0,77000,Automatic,Petrol,2nd Owner,1995.0,,,https://www.cardekho.com/used-car-details/used-Bmw-x1-xdrive-20d-xline-cars-New-Delhi_972107fa-cabb-41d5-8680-f7937eda83ce.htm
2025 Kia Syros,2025,1075000.0,6500,Automatic,Petrol,1st Owner,1493.0,,,https://www.cardekho.com/used-car-details/used-Kia-syros-htk-opt-diesel-cars-New-Delhi_9130dbc3-84a9-4042-ac72-688baaaebad5.htm
2023 Skoda Slavia,2023,1198000.0,45000,Automatic,Petrol,1st Owner,1498.0,,,https://www.cardekho.com/used-car-details/used-Skoda-slavia-15-tsi-style-dsg-cars-New-Delhi_5592f356-7ec0-481d-a9c7-93789e6bab07.htm
2017 Toyota Fortuner,2017,2090000.0,127000,Automatic,Diesel,1st Owner,2755.0,,,https://www.cardekho.com/used-car-details/used-Toyota-fortuner-trd-sportivo-28-2wd-at-cars-New-Delhi_40c8e647-8923-4bf1-8ff6-59b8ec13dcb9.htm
2019 Ford Endeavour,2019,1795000.0,98000,Automatic,Diesel,1st Owner,2198.0,,,https://www.cardekho.com/used-car-details/used-Ford-endeavour-22-titanium-at-4x2-cars-New-Delhi_3b37bf51-88e1-4219-94de-2f41a7604655.htm
2017 Mercedes-Benz E-Class,2017,2100000.0,46000,Automatic,Petrol,1st Owner,2987.0,,,https://www.cardekho.com/used-car-details/used-Mercedes-benz-e-class-e350-cdi-avantgrade-cars-New-Delhi_fb1ebefb-5d3f-4099-ad3f-20567c08fda9.htm
2023 Audi Q5,2023,4600000.0,9000,Automatic,Petrol,1st Owner,1984.0,,,https://www.cardekho.com/used-car-details/used-Audi-q5-technology-bsvi-cars-New-Delhi_ebe0f034-8a0e-4460-b88f-e098b7d77855.htm
2023 Mahindra Scorpio N,2023,2100000.0,32000,Automatic,Petrol,1st Owner,2198.0,,,https://www.cardekho.com/used-car-details/used-Mahindra-scorpio-n-z8l-diesel-at-bsvi-cars-New-Delhi_2a6d8ee8-9966-4755-a009-2c4456599b43.htm
2022 Mahindra Thar,2022,1151000.0,42580,Automatic,Petrol,1st Owner,1997.0,,,https://www.cardekho.com/used-car-details/used-Mahindra-thar-lx-4wd-hard-top-at-bsvi-cars-New-Delhi_110619d3-0b19-4a28-b2f8-449f764a44e6.htm
2025 Kia Seltos,2025,1240000.0,7600,Automatic,Petrol,1st Owner,1497.0,,,https://www.cardekho.com/used-car-details/used-Kia-seltos-htk-plus-o-cars-New-Delhi_dd2807c6-52c9-4634-a03e-e01069b7e0a5.htm
2023 Mahindra Scorpio N,2023,1375000.0,17000,Manual,Petrol,1st Owner,1997.0,,,https://www.cardekho.com/used-car-details/used-Mahindra-scorpio-n-z4-bsvi-cars-New-Delhi_ae80f522-8e1d-4bee-9fb6-86240701989b.htm
2025 Mahindra XUV700,2025,2250000.0,3300,Automatic,Petrol,1st Owner,1999.0,,,https://www.cardekho.com/used-car-details/used-Mahindra-xuv700-ax7l-7str-at-cars-New-Delhi_222ba195-1706-4b6f-9400-cd2ce6b6091f.htm
2016 Hyundai Grand i10,2016,325000.0,65000,Manual,Petrol,1st Owner,1197.0,,,https://www.cardekho.com/used-car-details/used-Hyundai-grand-i10-asta-option-cars-New-Delhi_6b969a6b-5404-4e13-b1d8-ae3c6202c845.htm
2020 Skoda Superb,2021,1990000.0,47438,Automatic,Petrol,1st Owner,1984.0,,,https://www.cardekho.com/used-car-details/used-Skoda-superb-laurin-klement-bsvi-cars-New-Delhi_97cf1ee7-6eff-490b-9f23-4697091c633e.htm
2020 Toyota Camry,2020,2250000.0,77000,Automatic,Petrol,2nd Owner,2487.0,,,https://www.cardekho.com/used-car-details/used-Toyota-camry-hybrid-25-cars-New-Delhi_46f6627c-b9c2-4e9c-ad03-bfb2b563e1ca.htm
2018 Maruti Suzuki Swift,2018,330000.0,59675,Manual,Petrol,2nd Owner,1197.0,,,https://www.cardekho.com/used-car-details/used-Maruti-swift-vxi-cars-New-Delhi_540864a3-9121-4637-8bb9-3197fe8ac418.htm
2019 Ford Ecosport,2019,450000.0,40000,Automatic,Petrol,1st Owner,1497.0,,,https://www.cardekho.com/used-car-details/used-Ford-ecosport-15-petrol-titanium-bsiv-cars-New-Delhi_3c6e8360-c058-4be4-b1b9-44d9f1879669.htm
2015 Honda Brio,2015,285000.0,69000,Automatic,Petrol,1st Owner,1198.0,,,https://www.cardekho.com/used-car-details/used-Honda-brio-vx-at-cars-New-Delhi_88af5d37-77ca-4f22-980c-5285c9dae88e.htm
2017 Ford Ecosport,2026,465000.00000000006,62000,Automatic,Petrol,1st Owner,1497.0,,,https://www.cardekho.com/used-car-details/used-Ford-ecosport-15-petrol-titanium-plus-at-bsiv-cars-New-Delhi_90cd80d2-6192-43c7-8df4-1563eeb9c212.htm
2019 Toyota Yaris,2019,546000.0,41440,Automatic,Petrol,2nd Owner,1496.0,,,https://www.cardekho.com/used-car-details/used-Toyota-yaris-j-cvt-cars-New-Delhi_1804c79a-6f6e-439e-a6e3-97e712f46370.htm
2022 MG Hector,2022,877000.0,86162,Automatic,Petrol,1st Owner,1451.0,,,https://www.cardekho.com/buy-used-car-details/used-Mg-hector-sharp-cvt-cars-New-Delhi_c2ae5916-83f7-43ea-b731-b731fe5c268e.htm
2017 Audi Q3,2017,1250000.0,37000,Automatic,Petrol,1st Owner,1968.0,,,https://www.cardekho.com/used-car-details/used-Audi-q3-30-tdi-cars-New-Delhi_0be7c9c5-5e08-423c-9ef8-1c426957a42e.htm
2019 Maruti Suzuki Dzire,2019,461000.00000000006,67068,Automatic,Petrol,2nd Owner,1197.0,,,https://www.cardekho.com/used-car-details/used-Maruti-dzire-zxi-cars-New-Delhi_df8c3d51-8f6c-4c43-84d3-fa8308657c3a.htm
2023 Kia Sonet,2023,775000.0,45000,Automatic,Petrol,1st Owner,1197.0,,,https://www.cardekho.com/used-car-details/used-Kia-sonet-htk-plus-cars-New-Delhi_45b3ae36-7ea0-4e14-b2cd-d50334f2d1f5.htm
2024 Tata Altroz,2024,607000.0,7795,Automatic,Petrol,1st Owner,1199.0,,,https://www.cardekho.com/used-car-details/used-Tata-altroz-xza-plus-os-cars-New-Delhi_9fa1c160-6898-4431-ae8e-3d4b354d9cec.htm
2023 Kia Seltos,2023,1600000.0,42565,Automatic,Petrol,1st Owner,1482.0,,,https://www.cardekho.com/used-car-details/used-Kia-seltos-gtx-plus-turbo-dct-cars-New-Delhi_9efe2782-e173-4ea8-bd03-1e1990af2a63.htm
2022 Renault Kiger,2022,450000.0,57000,Manual,Petrol,1st Owner,999.0,,,https://www.cardekho.com/used-car-details/used-Renault-kiger-rxt-cars-New-Delhi_20c8abbb-36e3-4d13-a6ef-13f08ed22ea5.htm
2023 Maruti Suzuki XL6,2023,1050000.0,30000,Automatic,Petrol,1st Owner,1462.0,,,https://www.cardekho.com/used-car-details/used-Maruti-xl6-zeta-cng-cars-New-Delhi_54c85204-3eda-4d75-addd-db76282d03d3.htm
2023 Hyundai Verna,2023,1275000.0,42000,Automatic,Petrol,1st Owner,1497.0,,,https://www.cardekho.com/used-car-details/used-Hyundai-verna-sx-ivt-opt-cars-New-Delhi_7ecf7fb9-b730-4587-b57e-ccc765f11b36.htm
2021 Ford Endeavour,2021,2000000.0,143000,Automatic,Diesel,2nd Owner,1996.0,,,https://www.cardekho.com/used-car-details/used-Ford-endeavour-titanium-plus-4x2-at-cars-New-Delhi_6f3936c0-1c30-4408-bcc4-381616c1d64c.htm
2022 Tata Tigor,2022,490000.00000000006,48000,Automatic,Petrol,1st Owner,1199.0,,,https://www.cardekho.com/used-car-details/used-Tata-tigor-xz-plus-bsvi-cars-New-Delhi_5e32b4f8-1d0b-476f-936b-766e80c1ed54.htm
2021 Kia Sonet,2021,650000.0,60000,Automatic,Petrol,2nd Owner,998.0,,,https://www.cardekho.com/used-car-details/used-Kia-sonet-htk-plus-turbo-imt-bsvi-cars-New-Delhi_10a76977-97fb-4b81-bb56-0351ce3c8ec2.htm
2022 Mahindra Thar,2022,1200000.0,34000,Manual,Petrol,1st Owner,1997.0,,,https://www.cardekho.com/used-car-details/used-Mahindra-thar-lx-4wd-hard-top-bsvi-cars-New-Delhi_fc07f120-fbf3-44aa-9946-b773fcf0a516.htm
2018 Honda WR-V,2018,425000.0,40000,Automatic,Petrol,1st Owner,1199.0,,,https://www.cardekho.com/used-car-details/used-Honda-wr-v-i-vtec-s-cars-New-Delhi_41155abb-d978-4211-8568-fd9e822f12f5.htm
2017 Jaguar XJ,2017,3190000.0,44000,Automatic,Petrol,1st Owner,1999.0,,,https://www.cardekho.com/used-car-details/used-Jaguar-xj-20l-portfolio-cars-New-Delhi_832e1c27-8325-4f41-a312-3901cd7cbf38.htm
2019 Mercedes-Benz AMG C43,2019,4390000.0,54000,Automatic,Petrol,2nd Owner,2996.0,,,https://www.cardekho.com/used-car-details/used-Mercedes-benz-amg-c43-4matic-coupe-cars-New-Delhi_e842c6ff-0a82-4de7-bcd5-9a981c3b78d5.htm
2018 Maruti Suzuki Swift,2018,475000.0,75000,Automatic,Petrol,2nd Owner,1197.0,,,https://www.cardekho.com/used-car-details/used-Maruti-swift-amt-zxi-cars-New-Delhi_bf567ab9-0287-49dc-9060-8d58b547152b.htm
2019 Tata Zest,2020,250000.0,50000,Automatic,Petrol,2nd Owner,1193.0,,,https://www.cardekho.com/used-car-details/used-Tata-zest-revotron-12t-xe-cars-New-Delhi_1d920404-b7d7-4c05-817b-33211839f0f4.htm
2023 Maruti Suzuki Brezza,2023,875000.0,55000,Manual,Petrol,1st Owner,1462.0,,,https://www.cardekho.com/used-car-details/used-Maruti-brezza-vxi-cars-New-Delhi_4a474648-bfa5-4cb1-b832-feab3bd56105.htm
2021 Tata Nexon,2021,595000.0,78574,Manual,Petrol,1st Owner,1199.0,,,https://www.cardekho.com/buy-used-car-details/used-Tata-nexon-pure-plus-s-cars-New-Delhi_f2207535-c113-491f-96cb-378136f292ea.htm
2018 Maruti Suzuki Ciaz,2018,330000.0,90508,Automatic,Petrol,2nd Owner,1462.0,,,https://www.cardekho.com/buy-used-car-details/used-Maruti-ciaz-delta-bsiv-cars-New-Delhi_0d3ac445-93f7-4db3-b5dc-308cc029bcd4.htm
2023 MG Gloster,2023,2889000.0,40000,Automatic,Diesel,1st Owner,1996.0,,,https://www.cardekho.com/used-car-details/used-Mg-gloster-black-storm-4x4-6str-cars-New-Delhi_2e33415a-eda7-4ca6-becb-4295b799a3fa.htm
2017 Hyundai Grand i10,2017,289000.0,73000,Manual,Petrol,1st Owner,1197.0,,,https://www.cardekho.com/used-car-details/used-Hyundai-grand-i10-sportz-cars-New-Delhi_57b30ca5-94d4-4d6a-9e43-6d8bde2c4f1c.htm
2022 Tata Tigor,2022,450000.0,42000,Automatic,Petrol,1st Owner,1199.0,,,https://www.cardekho.com/used-car-details/used-Tata-tigor-xz-cng-bsvi-cars-New-Delhi_8c78b783-b6d2-4098-a306-bbcd1a03d5e0.htm
2016 Tata Tiago,2016,285000.0,49000,Manual,Petrol,1st Owner,1199.0,,,https://www.cardekho.com/used-car-details/used-Tata-tiago-12-revotron-xz-cars-New-Delhi_34ff5690-ff7b-4943-8fbd-a3a6a053ec2f.htm
2018 BMW 6 Series,2018,2890000.0,37000,Automatic,Petrol,1st Owner,1998.0,,,https://www.cardekho.com/used-car-details/used-Bmw-6-series-gt-630i-luxury-line-2018-2021-cars-New-Delhi_0573e655-5a10-471e-aa62-077adbc40a47.htm
2022 Tata Nexon,2024,580000.0,91247,Automatic,Petrol,1st Owner,1199.0,,,https://www.cardekho.com/used-car-details/used-Tata-nexon-xz-plus-bsvi-cars-New-Delhi_0fd0fa78-4d50-4383-b963-a0d952b7e920.htm
2020 Hyundai Creta,2020,796000.0,87002,Automatic,Petrol,1st Owner,1497.0,,,https://www.cardekho.com/used-car-details/used-Hyundai-creta-sx-opt-ivt-bsvi-cars-New-Delhi_b1967933-10d7-43a1-88fd-0581b5f1347f.htm
2020 Hyundai i20,2020,470000.0,45000,Manual,Petrol,1st Owner,1197.0,,,https://www.cardekho.com/used-car-details/used-Hyundai-i20-sportz-plus-cars-New-Delhi_39da5826-3730-4523-9254-b4adc3283182.htm
2024 Toyota Fortuner,2024,3425000.0,48000,Automatic,Petrol,1st Owner,2694.0,,,https://www.cardekho.com/used-car-details/used-Toyota-fortuner-4x2-at-cars-New-Delhi_b64eee78-db55-41b4-a789-1e478a200124.htm
2023 Kia Seltos,2023,1375000.0,30000,Automatic,Petrol,1st Owner,1482.0,,,https://www.cardekho.com/used-car-details/used-Kia-seltos-htx-plus-turbo-dct-cars-New-Delhi_046cca29-f2a7-4179-a591-0c96357cfdaf.htm
2024 Hyundai Creta,2024,1421000.0,32543,Automatic,Petrol,1st Owner,1497.0,,,https://www.cardekho.com/used-car-details/used-Hyundai-creta-s-o-ivt-cars-New-Delhi_6ee857ef-f3a8-4f70-95a2-098d2211ec1c.htm
2024 Toyota Innova Hycross,2024,2855000.0,24109,Automatic,Petrol,1st Owner,1987.0,,,https://www.cardekho.com/used-car-details/used-Toyota-innova-hycross-zx-hybrid-cars-New-Delhi_a61e189b-5968-47d1-a753-1adf481bb913.htm
2020 Kia Sonet,2020,511000.00000000006,46295,Automatic,Petrol,1st Owner,998.0,,,https://www.cardekho.com/buy-used-car-details/used-Kia-sonet-htx-turbo-imt-bsvi-cars-New-Delhi_1b7193ba-c96d-4cdb-ac03-0e26e96a7507.htm
2025 Toyota Innova Hycross,2025,2900000.0,14526,Automatic,Petrol,1st Owner,1987.0,,,https://www.cardekho.com/used-car-details/used-Toyota-innova-hycross-vx-7str-hybrid-cars-New-Delhi_4a13ce25-ca6f-4d43-aa26-216eee7dea4b.htm
2023 Mahindra XUV300,2023,600000.0,37000,Manual,Petrol,1st Owner,1197.0,,,https://www.cardekho.com/used-car-details/used-Mahindra-xuv300-w6-cars-New-Delhi_a54a4890-1b05-47c7-9574-c72555f0f09d.htm
2021 Tata Tiago,2021,425000.0,48000,Manual,Petrol,1st Owner,1199.0,,,https://www.cardekho.com/used-car-details/used-Tata-tiago-xe-bsvi-cars-New-Delhi_611b0392-a2ca-4953-8bf3-d77a12eaef82.htm
2025 Mahindra XUV700,2025,2040000.0,15000,Automatic,Petrol,1st Owner,1999.0,,,https://www.cardekho.com/used-car-details/used-Mahindra-xuv700-ax5-7-str-at-cars-New-Delhi_90f995fe-8993-47c6-9cc9-a020004fcf25.htm
2025 Tata Nexon,2025,979000.0,15400,Automatic,Petrol,1st Owner,1199.0,,,https://www.cardekho.com/used-car-details/used-Tata-nexon-creative-cng-cars-New-Delhi_17c80420-1b2a-4391-bf1e-6fdac4ef6ec7.htm
2024 Hyundai Verna,2024,1095000.0,35000,Automatic,Petrol,1st Owner,1497.0,,,https://www.cardekho.com/used-car-details/used-Hyundai-verna-sx-cars-New-Delhi_6efedbd3-9958-41a2-9382-03d11f016098.htm
2019 Mahindra Marazzo,2019,550000.0,28000,Manual,Petrol,1st Owner,1497.0,,,https://www.cardekho.com/used-car-details/used-Mahindra-marazzo-m2-bsiv-cars-New-Delhi_69ae77ca-637c-47de-b676-7e56f1b2a178.htm
2020 Renault Triber,2020,448000.00000000006,40000,Automatic,Petrol,2nd Owner,999.0,,,https://www.cardekho.com/used-car-details/used-Renault-triber-rxt-bsiv-cars-New-Delhi_f7705b22-b6d0-4bed-a4c5-48dfc7c80348.htm
2019 Land Rover Range Rover Sport,2019,5675000.0,36000,Automatic,Petrol,1st Owner,1997.0,,,https://www.cardekho.com/used-car-details/used-Land-rover-range-rover-sport-20-petrol-se-cars-New-Delhi_e47fddf7-6399-4854-b1fd-46357f2181ad.htm
2022 Hyundai Alcazar,2022,1349000.0,50000,Automatic,Petrol,1st Owner,1999.0,,,https://www.cardekho.com/used-car-details/used-Hyundai-alcazar-signature-o-at-cars-New-Delhi_950e1b50-bb51-450d-a47a-365f8134d858.htm
2013 Honda Brio,2013,155000.0,50000,Manual,Petrol,1st Owner,1198.0,,,https://www.cardekho.com/used-car-details/used-Honda-brio-s-mt-cars-New-Delhi_852ce714-fa84-417e-98b7-91f1bc5b509d.htm
2015 Maruti Suzuki Wagon R,2015,200000.0,75000,Manual,Petrol,1st Owner,998.0,,,https://www.cardekho.com/used-car-details/used-Maruti-wagon-r-vxi-bs-iv-cars-New-Delhi_d7a5907a-8797-4862-b17f-26aebff72128.htm
2022 Hyundai Creta,2022,1090000.0,32000,Automatic,Petrol,1st Owner,1497.0,,,https://www.cardekho.com/used-car-details/used-Hyundai-creta-s-plus-knight-bsvi-cars-New-Delhi_ec95a6a1-a331-409c-897c-b5344557b3c0.htm
2025 Toyota Fortuner,2025,4195000.0,19000,Automatic,Petrol,1st Owner,2694.0,,,https://www.cardekho.com/used-car-details/used-Toyota-fortuner-leader-edition-4x2-diesel-at-cars-New-Delhi_762f912a-aec0-4266-8905-9657c85c3aef.htm
2021 Toyota Innova Crysta,2021,1475000.0,95000,Manual,Petrol,1st Owner,2393.0,,,https://www.cardekho.com/used-car-details/used-Toyota-innova-crysta-24-gx-7-str-cars-New-Delhi_0643df9e-8685-42dd-bc9c-cf911cd687a8.htm
2022 Tata Punch,2022,567000.0,52767,Automatic,Petrol,1st Owner,1199.0,,,https://www.cardekho.com/used-car-details/used-Tata-punch-adventure-amt-cars-New-Delhi_c4613741-d90b-4120-a847-8f099f14debe.htm
2025 Tata Nexon,2025,975000.0,23000,Automatic,Petrol,1st Owner,1199.0,,,https://www.cardekho.com/used-car-details/used-Tata-nexon-pure-plus-cng-cars-New-Delhi_ba607d5b-35e9-487b-a673-aafe710cc7e9.htm
2016 Tata Tiago,2016,315000.0,74000,Manual,Petrol,1st Owner,1199.0,,,https://www.cardekho.com/used-car-details/used-Tata-tiago-12-revotron-xz-cars-New-Delhi_4bfc44c6-af09-416c-805c-51dd367b352d.htm
2022 Maruti Suzuki Swift,2022,540000.0,58000,Manual,Petrol,1st Owner,1197.0,,,https://www.cardekho.com/used-car-details/used-Maruti-swift-vxi-bsvi-cars-New-Delhi_b3492f02-8000-46fd-adda-1ef07aea6a48.htm
2020 Mercedes-Benz GLS,2020,6750000.0,63000,Automatic,Petrol,1st Owner,2925.0,,,https://www.cardekho.com/used-car-details/used-Mercedes-benz-gls-400d-4matic-bsvi-cars-New-Delhi_6324346d-61d5-4a77-b282-1714f61aa007.htm
2021 Honda City,2021,975000.0,62053,Automatic,Petrol,1st Owner,1498.0,,,https://www.cardekho.com/used-car-details/used-Honda-city-zx-cvt-cars-New-Delhi_e6430c4d-c5b3-4c7d-8007-96e452085a19.htm
2019 Toyota Innova Crysta,2019,1325000.0,78000,Manual,Petrol,1st Owner,2694.0,,,https://www.cardekho.com/used-car-details/used-Toyota-innova-crysta-27-gx-mt-bsiv-cars-New-Delhi_aa1f419e-6c5e-4e2c-9e37-bd658b2daf49.htm
2017 Hyundai Grand i10,2017,284000.0,58000,Manual,Petrol,2nd Owner,1197.0,,,https://www.cardekho.com/used-car-details/used-Hyundai-grand-i10-magna-cars-New-Delhi_ba60471d-d08e-4e1a-b1e7-297274f2ea72.htm
2022 Mahindra XUV700,2022,1450000.0,42000,Automatic,Petrol,1st Owner,1999.0,,,https://www.cardekho.com/used-car-details/used-Mahindra-xuv700-ax7-at-bsvi-cars-New-Delhi_c8ff96e9-5697-48f3-b665-da1d55d17db1.htm
2025 Maruti Suzuki Grand Vitara,2025,1490000.0,6800,Automatic,Petrol,1st Owner,1490.0,,,https://www.cardekho.com/used-car-details/used-Maruti-grand-vitara-delta-plus-hybrid-cvt-cars-New-Delhi_8f235876-d571-4de5-8f6d-ce0a52a51cd2.htm
2022 Volkswagen Taigun,2022,875000.0,60000,Automatic,Petrol,1st Owner,999.0,,,https://www.cardekho.com/used-car-details/used-Volkswagen-taigun-10-tsi-highline-at-bsvi-cars-New-Delhi_890fb6bf-4a35-4201-9179-3330f2c6768d.htm
2018 Lexus NX,2018,2650000.0,65000,Automatic,Petrol,1st Owner,2499.0,,,https://www.cardekho.com/used-car-details/used-Lexus-nx-300h-cars-New-Delhi_bec5de9b-10bd-4d18-9972-85b0f7006bf8.htm
2020 Kia Carnival,2020,1875000.0,99000,Automatic,Diesel,1st Owner,2199.0,,,https://www.cardekho.com/used-car-details/used-Kia-carnival-prestige-cars-New-Delhi_e17e8913-320c-430a-954e-ad785bb56a72.htm
2017 Ford Ecosport,2017,470000.0,62000,Automatic,Petrol,1st Owner,1497.0,,,https://www.cardekho.com/used-car-details/used-Ford-ecosport-15-petrol-titanium-bsiv-cars-New-Delhi_a07c747b-3f78-4562-99b1-70631126281e.htm
2015 Hyundai i20,2015,282000.0,69429,Automatic,Petrol,1st Owner,1197.0,,,https://www.cardekho.com/used-car-details/used-Hyundai-i20-asta-12-cars-New-Delhi_8e7ac7b1-eb87-4cfa-9b3a-c69b188fc3c8.htm
2019 BMW X4,2019,2900000.0,62000,Automatic,Petrol,2nd Owner,1995.0,,,https://www.cardekho.com/used-car-details/used-Bmw-x4-m-sport-x-xdrive20d-cars-New-Delhi_2fd5056e-c24f-46f8-86b5-9faf3bb1f716.htm
2022 Audi Q7,2022,5125000.0,74000,Automatic,Petrol,1st Owner,2995.0,,,https://www.cardekho.com/used-car-details/used-Audi-q7-premium-plus-bsvi-cars-New-Delhi_dfdb860e-dc1a-4ac7-ac9b-424e04aab66e.htm
2021 Hyundai Venue,2021,671000.0,96046,Automatic,Petrol,1st Owner,998.0,,,https://www.cardekho.com/used-car-details/used-Hyundai-venue-sx-opt-turbo-dct-special-edition-cars-New-Delhi_4e41dd56-3c48-41dc-9282-b799150531b5.htm
2025 BMW 3 Series Long Wheelbase 330Li M Sport,2025,5650000.0,17330,Automatic,Petrol,1st Owner,1998.0,,5.0,https://www.cardekho.com/used-car-details/used-Bmw-3-series-long-wheelbase-330li-m-sport-cars-Gurgaon_cfc333a4-5381-47b5-bcd9-fc232d14883b.htm?adId=31358&adType=1
2024 Tata Safari Accomplished Dark AT,2024,2075000.0,42000,Automatic,Diesel,1st Owner,1956.0,14.1,7.0,https://www.cardekho.com/used-car-details/used-Tata-safari-accomplished-dark-at-cars-New-Delhi_9a016d69-ca09-483b-880e-9cb63365923e.htm?adId=31879&adType=41
2023 Tata Safari Accomplished Plus Dark,2024,2375000.0,9000,Automatic,Petrol,1st Owner,1956.0,14.0,7.0,https://www.cardekho.com/used-car-details/used-Tata-safari-accomplished-plus-dark-cars-New-Delhi_0412ee6f-8796-47c1-a926-08496f6cb276.htm
2023 Mercedes-Benz GLS 450 4MATIC BSVI,2023,9100000.0,32000,Automatic,Petrol,1st Owner,2999.0,,7.0,https://www.cardekho.com/used-car-details/used-Mercedes-benz-gls-450-4matic-bsvi-cars-New-Delhi_c75df0b3-ac3b-4972-9e6e-0f78b8fa32e5.htm
2024 Hyundai Creta S (O) iVT,2024,1525000.0,9836,Automatic,Petrol,1st Owner,1497.0,17.7,5.0,https://www.cardekho.com/used-car-details/used-Hyundai-creta-s-o-ivt-cars-New-Delhi_dd11aeb4-f6dd-4ec9-998d-5fd61e9f8414.htm
2023 Tata Safari XZA Plus (O) 6 Str Red Dark AT BSVI,2023,1590000.0,75000,Automatic,Diesel,1st Owner,1956.0,14.08,6.0,https://www.cardekho.com/used-car-details/used-Tata-safari-xza-plus-o-6-str-red-dark-at-bsvi-cars-New-Delhi_9113d0c3-d909-4304-985d-99d382cdfadc.htm?adId=30344&adType=41
2022 Volvo XC40 B4 Ultimate BSVI,2022,3070000.0,38000,Automatic,Petrol,1st Owner,1969.0,12.18,5.0,https://www.cardekho.com/used-car-details/used-Volvo-xc40-b4-ultimate-bsvi-cars-New-Delhi_66ac3712-ef22-4d89-a1ed-67bcd239fd3e.htm
2022 Mercedes-Benz GLS 450 4MATIC BSVI,2022,8900000.0,42000,Automatic,Petrol,1st Owner,2999.0,,7.0,https://www.cardekho.com/used-car-details/used-Mercedes-benz-gls-450-4matic-bsvi-cars-New-Delhi_7e1b45ce-8065-47c1-9d38-54bf1a95e1fb.htm
2023 Jeep Meridian Limited Opt AT 4x4,2024,3045000.0,27000,Automatic,Petrol,1st Owner,1956.0,8.5,7.0,https://www.cardekho.com/used-car-details/used-Jeep-meridian-limited-opt-at-4x4-cars-New-Delhi_ed7f9cca-98d1-4214-8262-b4c9f6417528.htm
2020 BMW 6 Series GT 630i Luxury Line 2018-2021,2020,3600000.0,55000,Automatic,Petrol,1st Owner,1998.0,,4.0,https://www.cardekho.com/used-car-details/used-Bmw-6-series-gt-630i-luxury-line-2018-2021-cars-New-Delhi_54de1e63-2d9c-4de9-87fb-26856ac1f4de.htm?adId=32101&adType=41
2019 Hyundai Venue SX Plus Turbo DCT BSIV,2019,599000.0,59000,Automatic,Petrol,1st Owner,998.0,18.15,5.0,https://www.cardekho.com/used-car-details/used-Hyundai-venue-sx-plus-turbo-dct-bsiv-cars-New-Delhi_024eb928-6d06-4cd0-bd26-fc02ed1ce1e5.htm
2021 Maruti Suzuki XL6 Alpha AT,2021,975000.0,36000,Automatic,Petrol,1st Owner,1462.0,,6.0,https://www.cardekho.com/used-car-details/used-Maruti-xl6-alpha-at-cars-New-Delhi_4968b55f-37fa-4af1-b9ec-6ec6e964cb74.htm
2022 Honda WR-V VX,2022,700000.0,94500,Automatic,Petrol,1st Owner,1199.0,16.5,5.0,https://www.cardekho.com/used-car-details/used-Honda-wr-v-vx-cars-New-Delhi_5b982790-f9ce-4a49-8775-46ea6443c703.htm?adId=31907&adType=41
2020 MG Hector Sharp DCT,2020,995000.0,49963,Automatic,Petrol,1st Owner,1451.0,13.96,5.0,https://www.cardekho.com/used-car-details/used-Mg-hector-sharp-dct-cars-New-Delhi_804f3228-1a1e-47a8-9d1f-25cb760c8d3f.htm
2022 MG Hector Shine CVT,2022,1100000.0,22000,Automatic,Petrol,1st Owner,1451.0,9.0,5.0,https://www.cardekho.com/used-car-details/used-Mg-hector-shine-cvt-cars-New-Delhi_ca6e4530-f163-42d0-b56a-aaf45e4513b5.htm
2023 Skoda Slavia 1.0 TSI Style AT BSVI,2023,1175000.0,45000,Automatic,Petrol,1st Owner,999.0,18.07,5.0,https://www.cardekho.com/used-car-details/used-Skoda-slavia-10-tsi-style-at-bsvi-cars-New-Delhi_a81892c1-5671-404f-8360-d6b25399ec69.htm?adId=31881&adType=41
2021 MG Hector Sharp AT BSIV,2021,1069000.0,75000,Automatic,Petrol,1st Owner,1451.0,13.96,5.0,https://www.cardekho.com/used-car-details/used-Mg-hector-sharp-at-bsiv-cars-New-Delhi_4f26468b-aaf5-4513-b4d4-e9f3d98c4405.htm
2021 MG Hector Hybrid Super MT,2021,729000.0,38638,Automatic,Petrol,2nd Owner,1451.0,9.36,5.0,https://www.cardekho.com/used-car-details/used-Mg-hector-hybrid-super-mt-cars-New-Delhi_e4b609cd-f836-4c1f-98f9-3d37f2f0302a.htm
2016 Mitsubishi Pajero Sport 4X4 DualTone BlackTop,2016,1400000.0,52000,Automatic,Petrol,2nd Owner,2477.0,13.5,7.0,https://www.cardekho.com/used-car-details/used-Mitsubishi-pajero-sport-4x4-dualtone-blacktop-cars-New-Delhi_78651cce-c346-4a72-9042-218e4691daa3.htm?adId=30547&adType=41
2021 MG Hector Sharp CVT,2021,1090000.0,66000,Automatic,Petrol,1st Owner,1451.0,9.0,5.0,https://www.cardekho.com/used-car-details/used-Mg-hector-sharp-cvt-cars-New-Delhi_5d297e87-ff05-40a7-af7e-6549394998a8.htm
2020 Hyundai Venue SX Opt Turbo BSIV,2020,524000.0,63827,Automatic,Petrol,1st Owner,998.0,18.27,5.0,https://www.cardekho.com/used-car-details/used-Hyundai-venue-sx-opt-turbo-bsiv-cars-New-Delhi_db7cc760-38f8-4a06-897a-655cdfa5897e.htm
2025 Kia Syros HTX Plus Opt Diesel AT,2025,1500000.0,6000,Automatic,Petrol,1st Owner,1493.0,17.65,5.0,https://www.cardekho.com/used-car-details/used-Kia-syros-htx-plus-opt-diesel-at-cars-New-Delhi_51ca4efe-e59a-47b6-8893-c8690e8b8a18.htm
2022 Kia Carens Luxury Turbo 2022-2023,2022,1020000.0,33000,Automatic,Petrol,2nd Owner,1353.0,,7.0,https://www.cardekho.com/used-car-details/used-Kia-carens-luxury-turbo-2022-2023-cars-New-Delhi_c020e3b0-f019-43be-9467-fe71bf3269d6.htm?adId=30860&adType=41
2021 MG Hector Shine MT,2021,716000.0,54866,Automatic,Petrol,1st Owner,1451.0,10.0,5.0,https://www.cardekho.com/used-car-details/used-Mg-hector-shine-mt-cars-New-Delhi_d4cad0ea-fdce-4f3b-b65e-394dc84b2504.htm
2020 Ford Ecosport 1.5 Petrol Titanium,2020,575000.0,50000,Automatic,Petrol,2nd Owner,1496.0,15.9,5.0,https://www.cardekho.com/used-car-details/used-Ford-ecosport-15-petrol-titanium-cars-New-Delhi_127192e3-2f6e-4973-8e49-3a000baae207.htm?adId=29387&adType=41
2022 Toyota Glanza V,2022,610000.0,69733,Automatic,Petrol,1st Owner,1197.0,22.35,5.0,https://www.cardekho.com/used-car-details/used-Toyota-glanza-v-cars-New-Delhi_404b9528-83e8-4b23-8ead-46c503c526ac.htm
2021 Ford Ecosport 1.5 Petrol Titanium,2021,640000.0,49000,Automatic,Petrol,1st Owner,1496.0,15.9,5.0,https://www.cardekho.com/used-car-details/used-Ford-ecosport-15-petrol-titanium-cars-New-Delhi_3628a0c6-8838-48d6-af0b-886ac1da7197.htm
2021 Hyundai Venue SX Turbo iMT,2021,577000.0,35126,Automatic,Petrol,1st Owner,998.0,18.0,5.0,https://www.cardekho.com/buy-used-car-details/used-Hyundai-venue-sx-turbo-imt-cars-New-Delhi_42c23f7b-b280-49cc-a781-c102e35e97f6.htm
2023 BMW X3 xDrive20d M Sport,2024,5350000.0,16000,Automatic,Petrol,1st Owner,1995.0,,5.0,https://www.cardekho.com/used-car-details/used-Bmw-x3-xdrive20d-m-sport-cars-New-Delhi_ee66782f-ace0-4481-b72f-34fc4cf0015a.htm?adId=29576&adType=41
2023 Kia Carnival Limousine Plus,2023,3350000.0,47000,Automatic,Diesel,1st Owner,2199.0,,7.0,https://www.cardekho.com/used-car-details/used-Kia-carnival-limousine-plus-cars-New-Delhi_a4fc966c-3805-40ca-83d6-ceb03da345cd.htm
2018 Ford Ecosport 1.5 Petrol Titanium Plus BSIV,2018,510000.0,62000,Automatic,Petrol,1st Owner,1497.0,17.0,5.0,https://www.cardekho.com/used-car-details/used-Ford-ecosport-15-petrol-titanium-plus-bsiv-cars-New-Delhi_bcdac5db-ef39-4c38-b9ef-2d91c8d48f73.htm
2022 MG Hector Shine MT,2022,1090000.0,54000,Automatic,Petrol,1st Owner,1451.0,10.0,5.0,https://www.cardekho.com/used-car-details/used-Mg-hector-shine-mt-cars-New-Delhi_afcf89d1-7411-47f9-87c0-f0ee969b7a84.htm
2019 Audi A3 35 TDI Technology,2019,1600000.0,46000,Automatic,Petrol,2nd Owner,1968.0,,5.0,https://www.cardekho.com/used-car-details/used-Audi-a3-35-tdi-technology-cars-New-Delhi_dcd06a8d-2853-4ef7-9260-96327c0ab729.htm?adId=31264&adType=41
2021 Volvo XC90 D5 Inscription,2021,4900000.0,63600,Automatic,Petrol,1st Owner,1969.0,17.2,7.0,https://www.cardekho.com/used-car-details/used-Volvo-xc90-d5-inscription-cars-New-Delhi_8729e14d-5c7f-498e-b525-fed820e19678.htm
2021 MG Hector Sharp CVT,2021,855000.0000000001,84782,Automatic,Petrol,1st Owner,1451.0,9.0,5.0,https://www.cardekho.com/used-car-details/used-Mg-hector-sharp-cvt-cars-New-Delhi_9fd478a4-2d53-482d-ae48-07e1e0959b86.htm
2024 Skoda Kushaq 1.0 TSI Style,2024,1225000.0,3606,Automatic,Petrol,1st Owner,999.0,19.76,5.0,https://www.cardekho.com/buy-used-car-details/used-Skoda-kushaq-10-tsi-style-cars-New-Delhi_978ea265-75d6-417e-8412-e174d3924f30.htm
2023 Volkswagen Taigun 1.0 TSI Highline AT BSVI,2023,1000000.0,16500,Automatic,Petrol,1st Owner,999.0,18.41,5.0,https://www.cardekho.com/used-car-details/used-Volkswagen-taigun-10-tsi-highline-at-bsvi-cars-New-Delhi_12b0212c-c2f4-435f-a8da-4a52d2c43702.htm?adId=30445&adType=41
2024 Maruti Suzuki XL6 Alpha Plus,2024,1111000.0,27722,Automatic,Petrol,1st Owner,1462.0,,6.0,https://www.cardekho.com/used-car-details/used-Maruti-xl6-alpha-plus-cars-New-Delhi_0e6d0ddf-8e17-4cd5-a3f4-07e4380398cd.htm
2023 Kia Sonet HTK BSVI,2023,875000.0,45000,Manual,Petrol,2nd Owner,1197.0,18.4,5.0,https://www.cardekho.com/used-car-details/used-Kia-sonet-htk-bsvi-cars-New-Delhi_d2d710cb-f721-490f-aab1-cffe63b91ac8.htm
2020 Hyundai Venue SX Turbo,2026,625000.0,48000,Automatic,Petrol,1st Owner,998.0,18.27,5.0,https://www.cardekho.com/used-car-details/used-Hyundai-venue-sx-turbo-cars-New-Delhi_f52ac723-71e1-4541-825c-f55d2557fa48.htm
2026 Kia Seltos GTX A iVT,2026,2090000.0,5000,Automatic,Petrol,1st Owner,1497.0,,5.0,https://www.cardekho.com/used-car-details/used-Kia-seltos-gtx-a-ivt-cars-New-Delhi_fcaedd7b-fb39-472e-bb58-8f5ab2ab1056.htm?adId=31998&adType=41
2019 Ford Ecosport 1.5 Petrol Titanium BSIV,2019,530000.0,68000,Automatic,Petrol,1st Owner,1497.0,17.0,5.0,https://www.cardekho.com/used-car-details/used-Ford-ecosport-15-petrol-titanium-bsiv-cars-New-Delhi_14269955-8680-4b47-8184-26cbc47362b6.htm
2019 Hyundai Venue S BSIV,2019,625000.0,65000,Manual,Petrol,1st Owner,1197.0,17.52,5.0,https://www.cardekho.com/used-car-details/used-Hyundai-venue-s-bsiv-cars-New-Delhi_2836bffa-6433-4453-9bb4-fa08d9729c63.htm
2022 Tata Safari XTA Plus AT BSVI,2022,1375000.0,55000,Automatic,Diesel,1st Owner,1956.0,14.08,7.0,https://www.cardekho.com/used-car-details/used-Tata-safari-xta-plus-at-bsvi-cars-New-Delhi_3f1a560e-33b5-403b-9c79-9a10be893489.htm
2024 Tata Tiago XTA AMT,2024,545000.0,23000,Automatic,Petrol,1st Owner,1199.0,19.0,5.0,https://www.cardekho.com/used-car-details/used-Tata-tiago-xta-amt-cars-New-Delhi_70425c6b-5cc7-4018-9dc3-5e0589cf3d55.htm?adId=31510&adType=41
2021 MG Hector 1.5 Turbo Smart,2021,917000.0,37853,Manual,Petrol,3rd Owner,1451.0,13.79,5.0,https://www.cardekho.com/used-car-details/used-Mg-hector-15-turbo-smart-cars-New-Delhi_d6bd54b2-c25e-4bb4-9122-56a2a381d999.htm
2018 Maruti Suzuki Swift ZXi Plus,2019,506000.0,14824,Automatic,Petrol,1st Owner,1197.0,24.8,5.0,https://www.cardekho.com/used-car-details/used-Maruti-swift-zxi-plus-cars-New-Delhi_4732d149-ba41-4da5-aa1b-a0568b747782.htm
2018 Ford Freestyle Titanium Plus,2019,368000.0,60761,Automatic,Petrol,1st Owner,1194.0,18.5,5.0,https://www.cardekho.com/used-car-details/used-Ford-freestyle-titanium-plus-cars-New-Delhi_ecd38864-b357-435b-932e-02bc9ad49001.htm
2025 Kia Seltos GTX Plus Diesel AT,2025,1850000.0,26000,Automatic,Petrol,1st Owner,1493.0,19.1,5.0,https://www.cardekho.com/used-car-details/used-Kia-seltos-gtx-plus-diesel-at-cars-New-Delhi_ee5adc94-544a-4296-82ec-7e79ec850ba1.htm?adId=32143&adType=41
2022 Nissan Magnite Turbo CVT XV,2022,529000.0,41521,Automatic,Petrol,1st Owner,999.0,17.4,5.0,https://www.cardekho.com/used-car-details/used-Nissan-magnite-turbo-cvt-xv-cars-New-Delhi_a2947459-27ec-4cf0-ad38-55e32aac7f16.htm
2018 Jeep Compass 1.4 Limited,2018,875000.0,80000,Automatic,Petrol,1st Owner,1368.0,16.0,5.0,https://www.cardekho.com/used-car-details/used-Jeep-compass-14-limited-cars-New-Delhi_9bcd5f2e-0bc9-429d-9709-265311cc48cb.htm
2018 Tata Hexa XMA,2018,675000.0,77000,Automatic,Diesel,2nd Owner,2179.0,,7.0,https://www.cardekho.com/used-car-details/used-Tata-hexa-xma-cars-New-Delhi_ca520225-53cb-4f32-9373-6561420c8c8a.htm?adId=31880&adType=41
2017 Toyota Innova Crysta 2.4 G MT BSIV,2017,1100000.0,95000,Manual,Petrol,1st Owner,2393.0,,7.0,https://www.cardekho.com/used-car-details/used-Toyota-innova-crysta-24-g-mt-bsiv-cars-New-Delhi_4f71f6ba-349d-4478-8f29-a45d736a9962.htm
2018 Hyundai Grand i10 1.2 Kappa Sportz BSIV,2018,385000.0,70000,Manual,Petrol,1st Owner,1197.0,18.9,5.0,https://www.cardekho.com/used-car-details/used-Hyundai-grand-i10-12-kappa-sportz-bsiv-cars-New-Delhi_1d7e4532-d2f2-4ab1-a075-65ab63f9807e.htm
2017 Maruti Suzuki Swift Dzire VDI Optional,2017,475000.0,70000,Automatic,Petrol,1st Owner,1248.0,26.59,5.0,https://www.cardekho.com/used-car-details/used-Maruti-swift-dzire-vdi-optional-cars-New-Delhi_14297bb8-7b96-4848-b386-64fda0de3d80.htm
2018 Hyundai Grand i10 1.2 Kappa Sportz BSIV,2018,325000.0,69000,Manual,Petrol,2nd Owner,1197.0,18.9,5.0,https://www.cardekho.com/used-car-details/used-Hyundai-grand-i10-12-kappa-sportz-bsiv-cars-New-Delhi_d17adec2-b89f-4aaa-b0f2-7af1f7305ef9.htm?adId=31177&adType=41
2021 Kia Seltos HTK Plus D,2021,900000.0,70000,Manual,Petrol,1st Owner,1493.0,20.8,5.0,https://www.cardekho.com/used-car-details/used-Kia-seltos-htk-plus-d-cars-New-Delhi_e33f22b3-7628-4222-be8f-79ee244cf371.htm
2018 Maruti Suzuki Vitara Brezza VDi Option,2018,550000.0,70000,Manual,Petrol,1st Owner,1248.0,24.3,5.0,https://www.cardekho.com/used-car-details/used-Maruti-vitara-brezza-vdi-option-cars-New-Delhi_a659deba-7d3f-4fbe-9b0a-2828b2d06b17.htm
2024 Audi Q3 Sportback 40TFSI Quattro,2024,3800000.0,1500,Automatic,Petrol,1st Owner,1984.0,10.14,5.0,https://www.cardekho.com/used-car-details/used-Audi-q3-sportback-40tfsi-quattro-cars-New-Delhi_6c3823b3-f401-463d-b066-2917cf963355.htm
2017 Volkswagen Vento 1.6 Comfortline,2017,415000.00000000006,62000,Automatic,Petrol,1st Owner,1598.0,16.09,5.0,https://www.cardekho.com/used-car-details/used-Volkswagen-vento-16-comfortline-cars-New-Delhi_2907f89a-f900-40fa-ad00-dfad13a742ec.htm?adId=30345&adType=41
2021 Ford Ecosport 1.5 Diesel Titanium,2021,675000.0,69000,Automatic,Petrol,1st Owner,1498.0,21.7,5.0,https://www.cardekho.com/used-car-details/used-Ford-ecosport-15-diesel-titanium-cars-New-Delhi_16df6f36-b3cb-40ae-81f2-9f90c38b4022.htm
2023 Toyota Glanza G CNG BSVI,2023,695000.0,60000,Automatic,Petrol,1st Owner,1197.0,,5.0,https://www.cardekho.com/used-car-details/used-Toyota-glanza-g-cng-bsvi-cars-New-Delhi_5dc8f6b6-861a-4b08-b148-2fc0b71b5613.htm
2022 Audi Q5 Technology BSVI,2022,4000000.0,47000,Automatic,Petrol,2nd Owner,1984.0,13.47,5.0,https://www.cardekho.com/used-car-details/used-Audi-q5-technology-bsvi-cars-New-Delhi_72de669f-045c-47a5-9594-9c42f64a6b91.htm
2019 Mercedes-Benz C-Class Progressive C 200,2019,2590000.0,58000,Automatic,Petrol,1st Owner,1950.0,,5.0,https://www.cardekho.com/used-car-details/used-Mercedes-benz-c-class-progressive-c-200-cars-New-Delhi_86603ba2-d3f9-4483-97d7-87c0b8991853.htm?adId=31814&adType=41
2025 Mahindra Thar LX Hard Top Diesel,2025,1375000.0,15000,Manual,Petrol,1st Owner,2184.0,9.0,4.0,https://www.cardekho.com/used-car-details/used-Mahindra-thar-lx-hard-top-diesel-cars-New-Delhi_08dbf8b4-dcc7-4234-a1e5-f2cbe1c01877.htm
2023 Mahindra Thar LX Hard Top AT RWD,2023,1400000.0,13000,Automatic,Petrol,1st Owner,1997.0,8.0,4.0,https://www.cardekho.com/used-car-details/used-Mahindra-thar-lx-hard-top-at-rwd-cars-New-Delhi_2616d525-b9f0-4f56-ac38-6fa33d410a32.htm
2018 Tata Nexon KRAZ,2018,390000.0,54000,Automatic,Petrol,2nd Owner,1198.0,17.0,5.0,https://www.cardekho.com/used-car-details/used-Tata-nexon-kraz-cars-New-Delhi_fad3aac2-32ac-4195-a747-9dd4e73d7297.htm
2025 BMW X5 xDrive40i M Sport,2025,9500000.0,8000,Automatic,Petrol,1st Owner,2998.0,,5.0,https://www.cardekho.com/used-car-details/used-Bmw-x5-xdrive40i-m-sport-cars-New-Delhi_0d329dcd-3464-4051-a178-abfb7819cd08.htm?adId=30748&adType=41
2022 Maruti Suzuki Ignis Sigma BSVI,2022,445000.0,50000,Automatic,Petrol,1st Owner,1197.0,20.89,5.0,https://www.cardekho.com/used-car-details/used-Maruti-ignis-sigma-bsvi-cars-New-Delhi_4dd8b247-303c-4939-8406-20d84bb43b59.htm
2025 Maruti Suzuki Ertiga VXi CNG,2025,1125000.0,28000,Manual,Petrol,1st Owner,1462.0,,7.0,https://www.cardekho.com/used-car-details/used-Maruti-ertiga-vxi-cng-cars-New-Delhi_6a54acc5-55d9-4788-a3d5-5c0d93636f94.htm
2019 Tata Harrier XZ BSIV,2019,950000.0,85000,Automatic,Diesel,1st Owner,1956.0,17.0,5.0,https://www.cardekho.com/used-car-details/used-Tata-harrier-xz-bsiv-cars-New-Delhi_a7634f4b-ba64-4597-9e57-e980ffbf20af.htm
2026 Audi Q7 Technology,2026,8300000.0,8000,Automatic,Petrol,1st Owner,2995.0,11.0,7.0,https://www.cardekho.com/used-car-details/used-Audi-q7-technology-cars-New-Delhi_6bab7992-1871-4f23-a0c7-4d147f27d5b9.htm?adId=29590&adType=41
2019 Maruti Suzuki Baleno Zeta CVT,2019,475000.0,29000,Automatic,Petrol,2nd Owner,1197.0,19.56,5.0,https://www.cardekho.com/used-car-details/used-Maruti-baleno-zeta-cvt-cars-New-Delhi_4a4069d8-9cbe-44bd-9271-decfbcf69c09.htm
2022 Hyundai Venue S BSVI,2022,699000.0,62000,Manual,Petrol,1st Owner,1197.0,16.0,5.0,https://www.cardekho.com/used-car-details/used-Hyundai-venue-s-bsvi-cars-New-Delhi_8c4dedb3-186a-44c1-a836-e4a520979f4c.htm
2019 BMW X1 sDrive 20d xLine,2020,2275000.0,19000,Automatic,Petrol,1st Owner,1995.0,20.68,5.0,https://www.cardekho.com/used-car-details/used-Bmw-x1-sdrive-20d-xline-cars-New-Delhi_00bf6ef7-a1f7-41a5-ae1c-5b0b93321663.htm
2021 Kia Sonet HTX Turbo iMT BSVI,2021,587000.0,83000,Automatic,Petrol,1st Owner,998.0,18.2,5.0,https://www.cardekho.com/used-car-details/used-Kia-sonet-htx-turbo-imt-bsvi-cars-New-Delhi_80bcb674-9d0f-435b-9ce5-94e9e4ab522e.htm?adId=31672&adType=41
2025 Mercedes-Benz GLS 450 4matic,2025,12400000.0,14100,Automatic,Petrol,1st Owner,2999.0,12.0,7.0,https://www.cardekho.com/used-car-details/used-Mercedes-benz-gls-450-4matic-cars-New-Delhi_1bb7871d-ffc2-46c8-9394-e60b7368a822.htm?adId=28418&adType=41
2019 Ford Ecosport 1.5 Petrol Titanium Plus BSIV,2019,545000.0,65000,Automatic,Petrol,1st Owner,1497.0,17.0,5.0,https://www.cardekho.com/used-car-details/used-Ford-ecosport-15-petrol-titanium-plus-bsiv-cars-New-Delhi_b78e1ed1-ba3e-4ff8-8982-51d5801d86f8.htm
2018 Honda City i-VTEC CVT ZX,2018,560000.0,111000,Automatic,Petrol,1st Owner,1497.0,18.0,5.0,https://www.cardekho.com/used-car-details/used-Honda-city-i-vtec-cvt-zx-cars-New-Delhi_d6f12ff9-ee68-42eb-b016-cbf3a2bc6682.htm?adId=31801&adType=41
2023 Hyundai Venue SX,2023,795000.0,53000,Automatic,Petrol,1st Owner,1197.0,20.36,5.0,https://www.cardekho.com/used-car-details/used-Hyundai-venue-sx-cars-New-Delhi_e4b084e4-a966-4699-a3ca-29c6f50625dd.htm
2022 Kia Carnival Limousine Plus,2022,3095000.0,39000,Automatic,Diesel,1st Owner,2199.0,,7.0,https://www.cardekho.com/used-car-details/used-Kia-carnival-limousine-plus-cars-New-Delhi_21a6e459-cd24-490a-9645-e2be0008cf34.htm
2022 MG Hector Shine CVT,2022,1093000.0,49998,Automatic,Petrol,1st Owner,1451.0,9.0,5.0,https://www.cardekho.com/used-car-details/used-Mg-hector-shine-cvt-cars-New-Delhi_28fc28f1-a537-469a-a902-8f9c0556debe.htm
2024 Honda City ZX,2024,1275000.0,40000,Automatic,Petrol,1st Owner,1498.0,17.8,5.0,https://www.cardekho.com/used-car-details/used-Honda-city-zx-cars-New-Delhi_a5fa3fda-d048-430e-8bb7-94e91b0c420d.htm?adId=31519&adType=41
2024 Honda Amaze 2nd Gen VX CVT,2024,765000.0,12200,Automatic,Petrol,1st Owner,1199.0,18.3,5.0,https://www.cardekho.com/used-car-details/used-Honda-amaze-2nd-gen-vx-cvt-cars-New-Delhi_4cd7f040-e98e-4ddf-bb85-895135597a42.htm
2019 Honda WR-V i-VTEC VX,2019,595000.0,66000,Automatic,Petrol,1st Owner,1199.0,17.5,5.0,https://www.cardekho.com/used-car-details/used-Honda-wr-v-i-vtec-vx-cars-New-Delhi_6597f57f-9ecc-4ee1-928c-904d8e6038c7.htm
2021 MG Hector Plus Super Diesel MT 7 STR,2021,1150000.0,36000,Automatic,Petrol,1st Owner,1956.0,16.56,7.0,https://www.cardekho.com/used-car-details/used-Mg-hector-plus-super-diesel-mt-7-str-cars-New-Delhi_9b7dacd4-3271-4ee8-8877-5e592ed5048f.htm
2020 Kia Seltos GTX Plus DCT,2020,1050000.0,66139,Automatic,Petrol,1st Owner,1353.0,16.5,5.0,https://www.cardekho.com/used-car-details/used-Kia-seltos-gtx-plus-dct-cars-New-Delhi_8f5a16ef-02d2-4b27-bcfd-5edab9df22be.htm?adId=31957&adType=41
2023 Kia Carnival Limousine Plus,2023,3150000.0,47000,Automatic,Diesel,1st Owner,2199.0,,7.0,https://www.cardekho.com/used-car-details/used-Kia-carnival-limousine-plus-cars-New-Delhi_b9b283d5-61bb-4c4d-b11b-718bf2553dc1.htm
2022 MG Hector Shine CVT,2022,1075000.0,32000,Automatic,Petrol,1st Owner,1451.0,9.0,5.0,https://www.cardekho.com/used-car-details/used-Mg-hector-shine-cvt-cars-New-Delhi_54c316f8-c191-42e4-a876-683b2be17b84.htm
2015 Mercedes-Benz CLA 200 CGI Sport,2015,1250000.0,37000,Automatic,Petrol,2nd Owner,1991.0,,5.0,https://www.cardekho.com/used-car-details/used-Mercedes-benz-cla-200-cgi-sport-cars-New-Delhi_7e701e40-86b9-41c9-9fd5-d2b7c84367ec.htm?adId=30936&adType=41
2020 Kia Carnival Prestige 6 STR,2020,1875000.0,99000,Automatic,Diesel,1st Owner,2199.0,,6.0,https://www.cardekho.com/used-car-details/used-Kia-carnival-prestige-6-str-cars-New-Delhi_0e80ae7f-73bf-4dfb-b0e4-cd371a3f0e33.htm
2022 Toyota Land Cruiser 300 ZX,2022,7200000.0,70000,Automatic,Diesel,1st Owner,3346.0,11.0,5.0,https://www.cardekho.com/used-car-details/used-Toyota-land-cruiser-300-zx-cars-New-Delhi_df85e16d-b1fc-426a-a724-9de047017e83.htm
2022 Maruti Suzuki XL6 Zeta AT,2022,890000.0,46000,Automatic,Petrol,1st Owner,1462.0,17.99,6.0,https://www.cardekho.com/used-car-details/used-Maruti-xl6-zeta-at-cars-New-Delhi_2cbf5ed8-957d-4bda-8ad1-7ce512f2f84e.htm
2026 Audi Q5 Premium Plus,2026,5600000.0,7000,Automatic,Petrol,1st Owner,1984.0,,5.0,https://www.cardekho.com/used-car-details/used-Audi-q5-premium-plus-cars-New-Delhi_876017ff-4b9d-4698-839e-c76bf6669469.htm?adId=31026&adType=41
2023 MG Hector Plus Sharp Pro 2023-2025,2023,1590000.0,25000,Automatic,Petrol,1st Owner,1451.0,13.79,6.0,https://www.cardekho.com/used-car-details/used-Mg-hector-plus-sharp-pro-2023-2025-cars-New-Delhi_2b744af0-75d5-495c-b65d-27baeba4ee83.htm
2023 MG Hector Hybrid Smart MT,2023,1185000.0,46000,Automatic,Petrol,1st Owner,1451.0,10.0,5.0,https://www.cardekho.com/used-car-details/used-Mg-hector-hybrid-smart-mt-cars-New-Delhi_c26b37df-4752-445a-aa40-f4100711a916.htm
2016 Honda Amaze S i-VTEC,2016,310000.0,69000,Automatic,Petrol,1st Owner,1198.0,17.8,5.0,https://www.cardekho.com/used-car-details/used-Honda-amaze-s-i-vtec-cars-New-Delhi_12434244-0cb9-4763-8fc6-b9f318f1fa67.htm
2019 Ford Freestyle Titanium Petrol BSIV,2019,390000.0,49000,Automatic,Petrol,1st Owner,1194.0,19.0,5.0,https://www.cardekho.com/used-car-details/used-Ford-freestyle-titanium-petrol-bsiv-cars-New-Delhi_259e6afe-392a-4cc5-b4f2-cf2222eedad1.htm?adId=31947&adType=41
2015 Maruti Suzuki Baleno 1.2 Sigma,2015,320000.0,52155,Automatic,Petrol,1st Owner,1197.0,21.4,5.0,https://www.cardekho.com/used-car-details/used-Maruti-baleno-12-sigma-cars-New-Delhi_994156eb-908a-47a0-9b36-9302608f5523.htm
2016 Hyundai Creta 1.6 VTVT S,2016,525000.0,65000,Manual,Petrol,1st Owner,1591.0,15.29,5.0,https://www.cardekho.com/used-car-details/used-Hyundai-creta-16-vtvt-s-cars-New-Delhi_5507510c-6e15-4476-8963-2ea1b58a1354.htm
2021 MG Hector Sharp DCT,2021,1125000.0,60000,Automatic,Petrol,1st Owner,1451.0,13.96,5.0,https://www.cardekho.com/used-car-details/used-Mg-hector-sharp-dct-cars-New-Delhi_4e7763e8-70eb-4fc9-b7d2-0173257ad1a9.htm
2019 Honda City i-VTEC CVT ZX,2019,700000.0,47000,Automatic,Petrol,1st Owner,1497.0,18.0,5.0,https://www.cardekho.com/used-car-details/used-Honda-city-i-vtec-cvt-zx-cars-New-Delhi_0618b0dc-73a6-4ae1-883b-94bfa0fdf997.htm?adId=31225&adType=41
2019 Kia Seltos GTX DCT,2019,658000.0,72932,Automatic,Petrol,2nd Owner,1353.0,16.2,5.0,https://www.cardekho.com/used-car-details/used-Kia-seltos-gtx-dct-cars-New-Delhi_7494fbbf-b20d-4c3c-9a9f-eb5b2b4ecd1d.htm
2018 Hyundai Creta 1.6 VTVT Base,2018,699000.0,81000,Manual,Petrol,1st Owner,1591.0,15.29,5.0,https://www.cardekho.com/used-car-details/used-Hyundai-creta-16-vtvt-base-cars-New-Delhi_c47d09f2-3a66-45c8-ac97-aa411f14f7da.htm
2018 Honda City i-VTEC CVT VX,2018,695000.0,68000,Automatic,Petrol,1st Owner,1497.0,18.0,5.0,https://www.cardekho.com/used-car-details/used-Honda-city-i-vtec-cvt-vx-cars-New-Delhi_b8e87eb0-2982-4c79-a6a4-9db98c77b78c.htm?adId=31127&adType=41
2017 Honda Amaze S i-VTEC,2017,325000.0,76000,Automatic,Petrol,1st Owner,1198.0,17.8,5.0,https://www.cardekho.com/used-car-details/used-Honda-amaze-s-i-vtec-cars-New-Delhi_52be1004-fe8e-43c3-ad6d-9b1fbfe6a60d.htm
2021 Skoda Kushaq 1.0 TSI Ambition BSVI,2021,765000.0,69000,Automatic,Petrol,1st Owner,999.0,19.2,5.0,https://www.cardekho.com/used-car-details/used-Skoda-kushaq-10-tsi-ambition-bsvi-cars-New-Delhi_6ea65225-0561-4280-8ebd-3e5686b94db0.htm
2022 Kia Seltos HTX A Diesel,2022,1027000.0,59841,Automatic,Petrol,2nd Owner,1493.0,,5.0,https://www.cardekho.com/used-car-details/used-Kia-seltos-htx-a-diesel-cars-New-Delhi_09ff67bd-03ce-443a-a9df-d754605db125.htm
2025 Mini Cooper S STD,2025,4500000.0,10000,Automatic,Petrol,1st Owner,1998.0,15.0,5.0,https://www.cardekho.com/used-car-details/used-Mini-cooper-s-std-cars-New-Delhi_20ddee9c-b10e-4786-81a8-7f612a6d77e0.htm?adId=31529&adType=41
2018 Hyundai Creta 1.6 SX,2018,675000.0,69000,Automatic,Petrol,1st Owner,1591.0,15.8,5.0,https://www.cardekho.com/used-car-details/used-Hyundai-creta-16-sx-cars-New-Delhi_26103c14-aeff-40e1-a90b-561e6102bff1.htm
2019 Hyundai Creta 1.6 EX Petrol,2019,650000.0,80000,Manual,Petrol,1st Owner,1591.0,15.8,5.0,https://www.cardekho.com/used-car-details/used-Hyundai-creta-16-ex-petrol-cars-New-Delhi_66ab8ec3-7c12-4ace-9d8b-0b29497c0278.htm
2019 Kia Seltos GTX Plus DCT,2019,890000.0,74000,Automatic,Petrol,1st Owner,1353.0,16.5,5.0,https://www.cardekho.com/used-car-details/used-Kia-seltos-gtx-plus-dct-cars-New-Delhi_dcd6ea65-94fe-4cf7-9a4a-a2a942fd6d0d.htm
2023 MG Hector Plus 1.5 Turbo Sharp Pro CVT 7 Str BSVI,2023,1400000.0,37000,Automatic,Petrol,1st Owner,1451.0,12.34,7.0,https://www.cardekho.com/used-car-details/used-Mg-hector-plus-15-turbo-sharp-pro-cvt-7-str-bsvi-cars-New-Delhi_2e0b30e7-22d4-4c74-9aac-c2d1879872b4.htm?adId=31694&adType=41
2023 Honda Amaze 2nd Gen S,2023,600000.0,68000,Automatic,Petrol,1st Owner,1199.0,18.6,5.0,https://www.cardekho.com/used-car-details/used-Honda-amaze-2nd-gen-s-cars-New-Delhi_8b05be7f-652d-40e9-a450-0cfd7e0b1f12.htm
2023 Hyundai Creta EX,2023,975000.0,9500,Manual,Petrol,1st Owner,1497.0,17.0,5.0,https://www.cardekho.com/used-car-details/used-Hyundai-creta-ex-cars-New-Delhi_1e6a29bd-5d17-4486-b41c-e9d1faf2371d.htm
2024 Nissan Magnite Kuro MT,2024,560000.0,22000,Automatic,Petrol,1st Owner,999.0,18.75,5.0,https://www.cardekho.com/used-car-details/used-Nissan-magnite-kuro-mt-cars-New-Delhi_3d7ba563-cfad-459e-bda2-2d8d45ce0f6e.htm?adId=29600&adType=41
2024 Hyundai i20 Active SX Petrol,2024,673000.0,16153,Automatic,Petrol,1st Owner,1197.0,17.19,5.0,https://www.cardekho.com/buy-used-car-details/used-Hyundai-i20-active-sx-petrol-cars-New-Delhi_449f33bd-72be-447e-9841-12434469cec5.htm
2022 Hyundai Creta EX Diesel BSVI,2022,1025000.0,45000,Manual,Petrol,1st Owner,1493.0,,5.0,https://www.cardekho.com/used-car-details/used-Hyundai-creta-ex-diesel-bsvi-cars-New-Delhi_37569ae3-42f4-4201-a20b-886436fbb54a.htm
2022 Kia Carnival Limousine,2022,2375000.0,90000,Automatic,Diesel,2nd Owner,2199.0,,7.0,https://www.cardekho.com/used-car-details/used-Kia-carnival-limousine-cars-New-Delhi_de9c71fe-7b5d-4937-a66e-12ac0e6e7ae7.htm?adId=32181&adType=41
2018 Hyundai Creta 1.6 SX Automatic,2018,598000.0,106000,Automatic,Petrol,1st Owner,1591.0,14.8,5.0,https://www.cardekho.com/used-car-details/used-Hyundai-creta-16-sx-automatic-cars-New-Delhi_cc02fb23-b05a-4a1c-8d31-5d4c554a8738.htm
2021 Tata Nexon XE BSVI,2021,535000.0,64000,Manual,Petrol,1st Owner,1199.0,17.33,5.0,https://www.cardekho.com/used-car-details/used-Tata-nexon-xe-bsvi-cars-New-Delhi_62ea6a65-11c8-4abe-a1f3-5d13fdfb9c10.htm
2022 Mercedes-Benz S-Class S450 4Matic BSVI,2022,10600000.0,8900,Automatic,Petrol,1st Owner,2999.0,,5.0,https://www.cardekho.com/used-car-details/used-Mercedes-benz-s-class-s450-4matic-bsvi-cars-New-Delhi_8b466aa0-41f6-41fd-b556-f472b0023bed.htm?adId=31532&adType=41
2019 Volvo XC90 D5 Inscription BSIV,2019,3090000.0,53000,Automatic,Petrol,1st Owner,1969.0,17.2,7.0,https://www.cardekho.com/used-car-details/used-Volvo-xc90-d5-inscription-bsiv-cars-New-Delhi_d6ef5076-969f-4c80-8d7b-7ff10f0229fc.htm
2022 Maruti Suzuki XL6 Zeta,2022,975000.0,58000,Automatic,Petrol,1st Owner,1462.0,19.01,6.0,https://www.cardekho.com/used-car-details/used-Maruti-xl6-zeta-cars-New-Delhi_bb44ab2c-7a69-492c-bcec-063fa231f9fb.htm
2025 Toyota Hyryder G Opt HYBRID Dual Tone,2025,1725000.0,25000,Automatic,Petrol,1st Owner,1490.0,27.97,5.0,https://www.cardekho.com/used-car-details/used-Toyota-hyryder-g-opt-hybrid-dual-tone-cars-New-Delhi_5911dcba-bb90-431c-a836-83e831eef027.htm
2017 Honda City i VTEC VX,2017,450000.0,70000,Automatic,Petrol,1st Owner,1497.0,17.8,5.0,https://www.cardekho.com/used-car-details/used-Honda-city-i-vtec-vx-cars-New-Delhi_44a3dd0b-ac99-4361-aded-802eb72bb695.htm?adId=31688&adType=41
2023 Audi Q3 Premium Plus BSVI,2023,3090000.0,25000,Automatic,Petrol,1st Owner,1984.0,,5.0,https://www.cardekho.com/used-car-details/used-Audi-q3-premium-plus-bsvi-cars-New-Delhi_d0c1c2a5-544b-4c3c-b5b3-68844bb03060.htm
2022 Maruti Suzuki XL6 Zeta AT,2022,936000.0,65890,Automatic,Petrol,1st Owner,1462.0,17.99,6.0,https://www.cardekho.com/used-car-details/used-Maruti-xl6-zeta-at-cars-New-Delhi_e5b32112-bb4a-4e2d-831a-47f547c328cf.htm
2021 Toyota Glanza V CVT,2021,530000.0,38000,Automatic,Petrol,3rd Owner,1197.0,19.56,5.0,https://www.cardekho.com/used-car-details/used-Toyota-glanza-v-cvt-cars-New-Delhi_58c71138-f988-4a90-adef-b635eecdee5a.htm
2017 Hyundai Creta 1.4 E Plus CRDi,2017,595000.0,125000,Manual,Petrol,1st Owner,1396.0,22.1,5.0,https://www.cardekho.com/used-car-details/used-Hyundai-creta-14-e-plus-crdi-cars-New-Delhi_a1f103b9-b77f-4b00-87aa-6ff301610bf5.htm?adId=31123&adType=41
2022 MG Hector Plus Sharp CVT,2022,1199000.0,73000,Automatic,Petrol,1st Owner,1451.0,16.56,6.0,https://www.cardekho.com/used-car-details/used-Mg-hector-plus-sharp-cvt-cars-New-Delhi_0fda9cbc-065e-4b20-a50f-9911e20fa914.htm
2017 Honda BR-V i-VTEC V CVT,2017,650000.0,28000,Automatic,Petrol,1st Owner,1497.0,15.4,7.0,https://www.cardekho.com/used-car-details/used-Honda-br-v-i-vtec-v-cvt-cars-New-Delhi_3b739d1e-d741-46ff-a330-70400aa5136f.htm
2016 Honda Amaze E i-Vtech,2016,340000.0,60000,Manual,Petrol,1st Owner,1198.0,18.0,5.0,https://www.cardekho.com/used-car-details/used-Honda-amaze-e-i-vtech-cars-New-Delhi_1a7903d6-d1ea-472a-9955-0cb31743710b.htm
2024 Mercedes-Benz GLA 200,2024,4100000.0,6000,Automatic,Petrol,1st Owner,1332.0,,5.0,https://www.cardekho.com/used-car-details/used-Mercedes-benz-gla-200-cars-New-Delhi_879f07a1-5e04-4d62-a267-806e5ea9d2f1.htm?adId=31817&adType=41
2018 Hyundai Grand i10 1.2 Kappa Sportz BSIV,2018,381000.0,56920,Manual,Petrol,1st Owner,1197.0,18.9,5.0,https://www.cardekho.com/buy-used-car-details/used-Hyundai-grand-i10-12-kappa-sportz-bsiv-cars-New-Delhi_f3c79c85-c78a-41b1-913c-f0af45723085.htm
2024 Audi Q3 Technology,2024,3390000.0,31000,Automatic,Petrol,1st Owner,1984.0,10.0,5.0,https://www.cardekho.com/used-car-details/used-Audi-q3-technology-cars-New-Delhi_6d57f993-6612-4db7-9d85-24304f590da6.htm
2026 Audi Q5 Premium Plus,2026,5380000.0,8500,Automatic,Petrol,1st Owner,1984.0,,5.0,https://www.cardekho.com/used-car-details/used-Audi-q5-premium-plus-cars-New-Delhi_2a72c40e-f505-4970-b0ae-b36a415f9cec.htm
2021 Mercedes-Benz GLS 450 4MATIC BSVI,2021,7700000.0,58000,Automatic,Petrol,1st Owner,2999.0,,7.0,https://www.cardekho.com/used-car-details/used-Mercedes-benz-gls-450-4matic-bsvi-cars-New-Delhi_c9cf4680-f496-4cc0-bc3d-4dfe18b923a2.htm?adId=28100&adType=41
2016 Hyundai Creta 1.6 VTVT E Plus,2016,545000.0,73000,Manual,Petrol,1st Owner,1591.0,15.29,5.0,https://www.cardekho.com/used-car-details/used-Hyundai-creta-16-vtvt-e-plus-cars-New-Delhi_676e266d-3861-4c49-a469-4040dc7da997.htm
2021 MG Hector Hybrid Sharp MT,2021,1100000.0,42000,Automatic,Petrol,1st Owner,1451.0,10.0,5.0,https://www.cardekho.com/used-car-details/used-Mg-hector-hybrid-sharp-mt-cars-New-Delhi_93638289-fe1b-4b33-97c2-046d6da8863b.htm
2019 Lexus ES 350h 300h,2019,3497999.9999999995,41000,Automatic,Petrol,1st Owner,2487.0,,5.0,https://www.cardekho.com/used-car-details/used-Lexus-es-350h-300h-cars-New-Delhi_f0fde614-060f-4c7c-b60c-5097ce7e6b7e.htm
2018 Toyota Fortuner 2.8 4WD AT BSIV,2018,2275000.0,78000,Automatic,Diesel,1st Owner,2755.0,15.04,7.0,https://www.cardekho.com/used-car-details/used-Toyota-fortuner-28-4wd-at-bsiv-cars-New-Delhi_d530908f-162d-40b7-8231-449776e89c04.htm?adId=30680&adType=41
2023 Mercedes-Benz AMG E 53 4MATIC Plus,2023,5190000.0,40000,Automatic,Petrol,1st Owner,2999.0,,5.0,https://www.cardekho.com/used-car-details/used-Mercedes-benz-amg-e-53-4matic-plus-cars-New-Delhi_32a69643-8d30-455f-a59e-a51110bef3e9.htm
2022 Kia Seltos X-Line Diesel AT,2022,1320000.0,63000,Automatic,Petrol,1st Owner,1493.0,18.0,5.0,https://www.cardekho.com/used-car-details/used-Kia-seltos-x-line-diesel-at-cars-New-Delhi_d65f8752-93d4-4db2-9856-00685f9d008e.htm
2015 Honda City i VTEC CVT VX,2015,412000.0,85000,Automatic,Petrol,1st Owner,1497.0,18.0,5.0,https://www.cardekho.com/used-car-details/used-Honda-city-i-vtec-cvt-vx-cars-New-Delhi_37be4435-65f0-4bb6-83f1-a82c24a57b43.htm?adId=31077&adType=41
2020 Jeep Compass 1.4 Limited Option,2020,1025000.0,74000,Automatic,Petrol,1st Owner,1368.0,16.0,5.0,https://www.cardekho.com/used-car-details/used-Jeep-compass-14-limited-option-cars-New-Delhi_f1e8fcd1-f992-44cb-a112-4c8630cfdc11.htm
2025 Jeep Wrangler Rubicon,2025,6590000.000000001,10000,Automatic,Petrol,1st Owner,1995.0,,5.0,https://www.cardekho.com/used-car-details/used-Jeep-wrangler-rubicon-cars-New-Delhi_e50eef89-3850-4e03-9e0c-1219e2eaa5b2.htm
2026 Hyundai Creta EX (O),2026,1399000.0,5000,Manual,Petrol,1st Owner,1497.0,17.4,5.0,https://www.cardekho.com/used-car-details/used-Hyundai-creta-ex-o-cars-New-Delhi_64b560da-12c2-431a-8b9b-1a0aeec7a2fe.htm
2022 Kia Seltos HTK Plus G,2022,900000.0,40000,Manual,Petrol,1st Owner,1497.0,16.8,5.0,https://www.cardekho.com/used-car-details/used-Kia-seltos-htk-plus-g-cars-New-Delhi_cbdbbab0-692a-4af5-a9b5-15d6ee617e7d.htm?adId=31063&adType=41
2022 Tata Punch Accomplished BSVI,2022,525000.0,35000,Manual,Petrol,2nd Owner,1199.0,20.09,5.0,https://www.cardekho.com/used-car-details/used-Tata-punch-accomplished-bsvi-cars-New-Delhi_819d5476-37b2-4b86-8e76-af73b3ea18e4.htm
2023 Mercedes-Benz E-Class Exclusive E 200 BSVI,2023,4900000.0,50000,Automatic,Petrol,1st Owner,1991.0,,5.0,https://www.cardekho.com/used-car-details/used-Mercedes-benz-e-class-exclusive-e-200-bsvi-cars-New-Delhi_6803598b-7541-4e1a-9508-97d9af897bfd.htm
2020 Kia Seltos HTX IVT G,2022,839000.0,60940,Automatic,Petrol,2nd Owner,1497.0,16.8,5.0,https://www.cardekho.com/used-car-details/used-Kia-seltos-htx-ivt-g-cars-New-Delhi_fdececa8-8de3-4d7f-9ab7-fd03c8b522cc.htm
2017 Tata Hexa XTA,2017,500000.0,150000,Automatic,Petrol,1st Owner,2179.0,,7.0,https://www.cardekho.com/used-car-details/used-Tata-hexa-xta-cars-New-Delhi_5b1faf21-e162-412e-b611-55cef2384f09.htm?adId=31818&adType=41
2023 Lexus ES 350h 300h Exquisite,2023,4290000.0,40142,Automatic,Petrol,1st Owner,2487.0,,5.0,https://www.cardekho.com/used-car-details/used-Lexus-es-350h-300h-exquisite-cars-New-Delhi_4e2889a2-0fad-441b-93f8-cb5019152280.htm
2022 Tata Nexon XM S BSVI,2022,581000.0,60341,Manual,Petrol,1st Owner,1199.0,17.33,5.0,https://www.cardekho.com/used-car-details/used-Tata-nexon-xm-s-bsvi-cars-New-Delhi_0a519c11-5823-4c66-8ca8-71728b1fe765.htm
2017 Honda Amaze SX i VTEC,2017,395000.0,52000,Automatic,Petrol,1st Owner,1198.0,17.8,5.0,https://www.cardekho.com/used-car-details/used-Honda-amaze-sx-i-vtec-cars-New-Delhi_9188fe67-bda2-4c9d-aee9-c02598a57e66.htm
2015 Toyota Camry Hybrid,2015,1025000.0,95000,Automatic,Petrol,1st Owner,2494.0,19.16,5.0,https://www.cardekho.com/used-car-details/used-Toyota-camry-hybrid-cars-New-Delhi_3f1b3282-6169-4f33-a1ff-12dfc8d77cc4.htm?adId=31107&adType=41
2015 Honda Amaze S AT i-Vtech,2016,395000.0,56000,Automatic,Petrol,1st Owner,1198.0,15.5,5.0,https://www.cardekho.com/used-car-details/used-Honda-amaze-s-at-i-vtech-cars-New-Delhi_b4eb0605-b1e6-446d-bd2a-a07cb0f156d3.htm
2022 Tata Nexon XM Plus S BSVI,2022,650000.0,40000,Manual,Petrol,1st Owner,1199.0,17.33,5.0,https://www.cardekho.com/used-car-details/used-Tata-nexon-xm-plus-s-bsvi-cars-New-Delhi_cb058975-d17e-42aa-8db5-3657faab6681.htm
2019 Mercedes-Benz E-Class Expression E 200 BSIV,2019,2750000.0,48000,Automatic,Petrol,2nd Owner,1991.0,,5.0,https://www.cardekho.com/used-car-details/used-Mercedes-benz-e-class-expression-e-200-bsiv-cars-New-Delhi_a1cf0ce4-4eac-4c4a-8ed9-4ee7def904e6.htm
2024 Jaguar F-Pace 2.0 R-Dynamic S,2024,5650000.0,23700,Automatic,Petrol,1st Owner,1997.0,,5.0,https://www.cardekho.com/used-car-details/used-Jaguar-f-pace-20-r-dynamic-s-cars-New-Delhi_ac1dccbc-9502-4225-9f2d-4c75f4d8ff75.htm?adId=27799&adType=41
2014 Mercedes-Benz E-Class E 200 CGI,2014,1090000.0,100000,Automatic,Petrol,2nd Owner,1991.0,,5.0,https://www.cardekho.com/used-car-details/used-Mercedes-benz-e-class-e-200-cgi-cars-New-Delhi_48fe6298-47ef-4f48-a0ef-8381a7f362c8.htm
2023 Honda Amaze 2nd Gen S,2023,575000.0,41000,Automatic,Petrol,2nd Owner,1199.0,18.6,5.0,https://www.cardekho.com/used-car-details/used-Honda-amaze-2nd-gen-s-cars-New-Delhi_62e30757-5ba1-4774-8342-02e0cddb5475.htm
2020 Hyundai Creta SX IVT BSVI,2020,825000.0,64000,Automatic,Petrol,1st Owner,1497.0,14.0,5.0,https://www.cardekho.com/used-car-details/used-Hyundai-creta-sx-ivt-bsvi-cars-New-Delhi_d1ec66d8-4080-42fe-8161-12a36e68b660.htm
2023 Mercedes-Benz GLC 300,2024,6000000.0,18000,Automatic,Petrol,1st Owner,1999.0,,5.0,https://www.cardekho.com/used-car-details/used-Mercedes-benz-glc-300-cars-New-Delhi_644d6a01-55af-441c-a043-1eccb9a96db3.htm?adId=30749&adType=41
2022 Tata Nexon XMA Plus AMT S,2022,624000.0,91463,Automatic,Petrol,1st Owner,1199.0,17.05,5.0,https://www.cardekho.com/used-car-details/used-Tata-nexon-xma-plus-amt-s-cars-New-Delhi_dbf11d19-11cc-4454-b6bf-71cca9be0fc3.htm
2021 MG Gloster Savvy 6-Str,2021,2600000.0,23000,Automatic,Diesel,1st Owner,1996.0,12.4,6.0,https://www.cardekho.com/used-car-details/used-Mg-gloster-savvy-6-str-cars-New-Delhi_c3f758a8-557f-4122-8398-b12313386991.htm
2016 Honda City i VTEC CVT VX,2016,515000.00000000006,80032,Automatic,Petrol,1st Owner,1497.0,18.0,5.0,https://www.cardekho.com/used-car-details/used-Honda-city-i-vtec-cvt-vx-cars-New-Delhi_5d24c739-ef7e-4058-bbe0-574b11ee6b51.htm
2022 Tata Tiago XTA AMT BSVI,2022,525000.0,4700,Automatic,Petrol,1st Owner,1199.0,19.0,5.0,https://www.cardekho.com/used-car-details/used-Tata-tiago-xta-amt-bsvi-cars-New-Delhi_7606db0c-c684-438a-a015-09de4d44b1e8.htm?adId=31247&adType=41
2015 Honda City i VTEC CVT VX,2015,490000.00000000006,74000,Automatic,Petrol,1st Owner,1497.0,18.0,5.0,https://www.cardekho.com/used-car-details/used-Honda-city-i-vtec-cvt-vx-cars-New-Delhi_378c9834-7de0-406e-b16b-72e42d677386.htm
2024 Mercedes-Benz S-Class S450 4Matic,2024,12500000.0,18000,Automatic,Petrol,1st Owner,2999.0,,5.0,https://www.cardekho.com/used-car-details/used-Mercedes-benz-s-class-s450-4matic-cars-New-Delhi_2b77d32d-d5c1-40fd-a216-ad68d211f798.htm
2022 Mercedes-Benz E-Class Exclusive E 200 BSVI,2022,5200000.0,21700,Automatic,Petrol,1st Owner,1991.0,,5.0,https://www.cardekho.com/used-car-details/used-Mercedes-benz-e-class-exclusive-e-200-bsvi-cars-New-Delhi_f01e6ab7-171f-4664-b014-b2d045c9bba8.htm
2023 Tata Altroz XZ Plus,2023,646000.0,31000,Automatic,Petrol,1st Owner,1199.0,19.33,5.0,https://www.cardekho.com/used-car-details/used-Tata-altroz-xz-plus-cars-New-Delhi_4c0fba58-ed9b-4c85-b900-4959fe9402b3.htm?adId=31752&adType=41
2023 MG Gloster Black Storm 4x4 6Str,2023,2875000.0,40000,Automatic,Diesel,1st Owner,1996.0,10.0,6.0,https://www.cardekho.com/used-car-details/used-Mg-gloster-black-storm-4x4-6str-cars-New-Delhi_17f621e8-c998-450f-ae5c-a5ca4a3ec303.htm
2021 Hyundai Creta S BSVI,2021,925000.0,23000,Automatic,Petrol,1st Owner,1497.0,,5.0,https://www.cardekho.com/used-car-details/used-Hyundai-creta-s-bsvi-cars-New-Delhi_1410d64b-27a4-458a-9b4e-0891390ba83c.htm
2020 Ford Aspire Titanium Plus Diesel,2020,375000.0,44000,Automatic,Petrol,1st Owner,1499.0,24.4,5.0,https://www.cardekho.com/used-car-details/used-Ford-aspire-titanium-plus-diesel-cars-New-Delhi_b317ee93-e9f0-4ba8-bb99-d071c50f58cd.htm?adId=30968&adType=41
2024 Kia Sonet Gravity,2024,825000.0,38000,Automatic,Petrol,1st Owner,1197.0,18.4,5.0,https://www.cardekho.com/used-car-details/used-Kia-sonet-gravity-cars-New-Delhi_33dc0799-c935-4f98-9c6e-88e463bac523.htm
2023 Toyota Hyryder V HYBRID BSVI,2023,1394000.0,81401,Automatic,Petrol,1st Owner,1490.0,27.97,5.0,https://www.cardekho.com/used-car-details/used-Toyota-hyryder-v-hybrid-bsvi-cars-New-Delhi_1924b26a-22c7-4426-b49a-58fddcab71f2.htm
2025 Kia Sonet GTX Plus Turbo DCT,2025,1200000.0,29000,Automatic,Petrol,1st Owner,998.0,18.4,5.0,https://www.cardekho.com/used-car-details/used-Kia-sonet-gtx-plus-turbo-dct-cars-New-Delhi_ea1262c0-020b-4b0f-a664-380eb2d3d9bd.htm?adId=30662&adType=41
2023 Hyundai Creta SX Opt Diesel AT,2023,1525000.0,32000,Automatic,Petrol,1st Owner,1493.0,14.0,5.0,https://www.cardekho.com/used-car-details/used-Hyundai-creta-sx-opt-diesel-at-cars-New-Delhi_3bf6cdf3-11b0-45f8-a1bc-5f4e6ea47ce5.htm
2022 Kia Sonet HTX Turbo iMT BSVI,2022,706000.0,62620,Automatic,Petrol,1st Owner,998.0,18.2,5.0,https://www.cardekho.com/used-car-details/used-Kia-sonet-htx-turbo-imt-bsvi-cars-New-Delhi_8d83626b-5f9b-4589-b25f-6319b9f00b6b.htm
2020 Kia Seltos HTX IVT G,2020,900000.0,80000,Automatic,Petrol,1st Owner,1497.0,16.8,5.0,https://www.cardekho.com/used-car-details/used-Kia-seltos-htx-ivt-g-cars-New-Delhi_9b95dc07-d6f0-4c74-bab1-690aeb06af8b.htm?adId=31754&adType=41
2022 Kia Seltos GTX Plus DCT,2022,1283000.0,37000,Automatic,Petrol,1st Owner,1353.0,16.5,5.0,https://www.cardekho.com/used-car-details/used-Kia-seltos-gtx-plus-dct-cars-New-Delhi_01e8c86e-b00a-4069-8dda-bfeda43634a8.htm
2023 Kia Seltos HTX IVT,2023,1275000.0,18000,Automatic,Petrol,1st Owner,1497.0,17.7,5.0,https://www.cardekho.com/used-car-details/used-Kia-seltos-htx-ivt-cars-New-Delhi_85330db6-454d-480a-a7c5-9961dcb6f109.htm
2016 Mercedes-Benz C-Class C 200 CGI,2017,1825000.0,25000,Automatic,Petrol,1st Owner,1991.0,,5.0,https://www.cardekho.com/used-car-details/used-Mercedes-benz-c-class-c-200-cgi-cars-New-Delhi_6f7f1361-e5e7-4ac7-8710-f85fc64b8542.htm
2019 Tata Harrier XZ BSIV,2019,720000.0,120000,Automatic,Diesel,1st Owner,1956.0,17.0,5.0,https://www.cardekho.com/used-car-details/used-Tata-harrier-xz-bsiv-cars-New-Delhi_1266bd5f-01c0-4c27-8767-a921981a60d4.htm?adId=31901&adType=41
2024 Tata Punch Pure,2024,525000.0,18000,Manual,Petrol,1st Owner,1199.0,20.09,5.0,https://www.cardekho.com/used-car-details/used-Tata-punch-pure-cars-New-Delhi_a2e7bbc1-5137-4f0c-b974-2fb325075fe9.htm
2022 Honda Amaze 2nd Gen E BSVI,2022,535000.0,35000,Automatic,Petrol,1st Owner,1199.0,18.6,5.0,https://www.cardekho.com/used-car-details/used-Honda-amaze-2nd-gen-e-bsvi-cars-New-Delhi_500f8fbb-f1c5-4412-a04a-2449944bffaa.htm
2022 Kia Carnival Limousine Plus,2022,3349000.0,7000,Automatic,Diesel,1st Owner,2199.0,,7.0,https://www.cardekho.com/used-car-details/used-Kia-carnival-limousine-plus-cars-New-Delhi_f1817d2f-4dc2-4822-92b2-4761af220b3b.htm
2020 Tata Harrier XT plus 2020-2022,2020,1000000.0,47000,Automatic,Diesel,2nd Owner,1956.0,16.35,5.0,https://www.cardekho.com/used-car-details/used-Tata-harrier-xt-plus-2020-2022-cars-New-Delhi_2abddd78-06e7-4c46-92a7-b8a523d6a6ff.htm?adId=31188&adType=41
2022 Maruti Suzuki Baleno Alpha AMT BSVI,2022,750000.0,20000,Automatic,Petrol,1st Owner,1197.0,22.94,5.0,https://www.cardekho.com/used-car-details/used-Maruti-baleno-alpha-amt-bsvi-cars-New-Delhi_f0430c99-70c0-425b-81a8-65fd3bf4789c.htm
2018 Maruti Suzuki Baleno 1.2 CVT Zeta,2018,445000.0,68000,Automatic,Petrol,1st Owner,1197.0,21.4,5.0,https://www.cardekho.com/used-car-details/used-Maruti-baleno-12-cvt-zeta-cars-New-Delhi_c22be3db-2aa2-44ae-9d7f-fd27b61cd57e.htm
2025 Hyundai Creta S (O),2025,1425000.0,21000,Automatic,Petrol,1st Owner,1497.0,17.4,5.0,https://www.cardekho.com/used-car-details/used-Hyundai-creta-s-o-cars-New-Delhi_7ca7bbcb-a0ce-434e-8056-38f6f894ff15.htm
2025 BMW 5 Series 530Li,2025,6950000.0,8000,Automatic,Petrol,1st Owner,1998.0,15.7,5.0,https://www.cardekho.com/used-car-details/used-Bmw-5-series-530li-cars-New-Delhi_fce37f8e-6bbd-4738-b827-72459a6f9a4b.htm?adId=29575&adType=41
2022 Tata Nexon Smart Plus AMT,2022,748000.0,39383,Automatic,Petrol,1st Owner,1199.0,17.18,5.0,https://www.cardekho.com/buy-used-car-details/used-Tata-nexon-smart-plus-amt-cars-New-Delhi_c14ce134-2be0-4174-bbf6-188f8d0857b9.htm
2020 Kia Carnival Prestige 6 STR,2020,1990000.0,79000,Automatic,Diesel,1st Owner,2199.0,,6.0,https://www.cardekho.com/used-car-details/used-Kia-carnival-prestige-6-str-cars-New-Delhi_50543140-7d11-4134-b116-ad565b3ee958.htm
2025 Mercedes-Benz C-Class C 200,2025,5300000.0,14000,Automatic,Petrol,1st Owner,1496.0,,5.0,https://www.cardekho.com/used-car-details/used-Mercedes-benz-c-class-c-200-cars-New-Delhi_b30b53c8-10f6-4a7f-b272-a5ddb4f2fe56.htm
2016 Toyota Fortuner 2.7 2WD MT BSIV,2016,1950000.0,120000,Automatic,Petrol,2nd Owner,2694.0,10.01,7.0,https://www.cardekho.com/used-car-details/used-Toyota-fortuner-27-2wd-mt-bsiv-cars-New-Delhi_5d23a9b4-c1ef-4869-82be-90d40dec6646.htm?adId=31211&adType=41
2023 MG Astor Savvy Turbo AT BSVI,2023,934000.0,64210,Automatic,Petrol,1st Owner,1349.0,14.34,5.0,https://www.cardekho.com/used-car-details/used-Mg-astor-savvy-turbo-at-bsvi-cars-New-Delhi_6327281b-2a4f-4b72-9b8e-d30ea02f4bf3.htm
2016 Honda Amaze 2nd Gen S,2016,325000.0,52017,Manual,Petrol,1st Owner,1199.0,18.6,5.0,https://www.cardekho.com/used-car-details/used-Honda-amaze-2nd-gen-s-cars-New-Delhi_7b9585f5-cf46-46f8-bb1e-5f41d94ba739.htm
2023 Hyundai Creta SX Summer Edition,2024,1252000.0,15952,Automatic,Petrol,1st Owner,1497.0,17.4,5.0,https://www.cardekho.com/buy-used-car-details/used-Hyundai-creta-sx-summer-edition-cars-New-Delhi_88b2876c-59e6-4d14-9949-36c77d320b96.htm
2018 Ford Ecosport 1.5 Diesel Titanium BSIV,2018,450000.0,70000,Automatic,Petrol,1st Owner,1498.0,23.0,5.0,https://www.cardekho.com/used-car-details/used-Ford-ecosport-15-diesel-titanium-bsiv-cars-New-Delhi_e2e8786a-1ed3-4b8b-811d-eddc9e3aa491.htm?adId=30502&adType=41
2016 Maruti Suzuki Baleno 1.2 CVT Delta,2016,380000.0,75000,Automatic,Petrol,1st Owner,1197.0,21.4,5.0,https://www.cardekho.com/used-car-details/used-Maruti-baleno-12-cvt-delta-cars-New-Delhi_2f3eff57-6a15-45a9-b583-6c4df91c1416.htm
2021 Hyundai Creta EX Diesel BSVI,2021,910000.0,70000,Manual,Petrol,1st Owner,1493.0,,5.0,https://www.cardekho.com/used-car-details/used-Hyundai-creta-ex-diesel-bsvi-cars-New-Delhi_09f6bdeb-7caa-49f5-b844-929410678ebb.htm
2023 Kia Seltos HTK Plus iMT,2023,950000.0,35000,Automatic,Petrol,1st Owner,1497.0,16.8,5.0,https://www.cardekho.com/used-car-details/used-Kia-seltos-htk-plus-imt-cars-New-Delhi_5aabf5e5-e190-4b58-aa7d-6820dc483cc1.htm
2023 Hyundai Creta SX Opt Knight Diesel AT DT BSVI,2023,1625000.0,29000,Automatic,Petrol,1st Owner,1493.0,18.0,5.0,https://www.cardekho.com/used-car-details/used-Hyundai-creta-sx-opt-knight-diesel-at-dt-bsvi-cars-New-Delhi_3588848c-2750-4e62-9904-3b1b6fea2c4e.htm?adId=31815&adType=41
2020 Kia Seltos HTK Plus G,2020,599000.0,85834,Automatic,Petrol,2nd Owner,1497.0,16.8,5.0,https://www.cardekho.com/buy-used-car-details/used-Kia-seltos-htk-plus-g-cars-New-Delhi_5fc6781d-436d-4a00-b941-a572c4c1635f.htm
2020 MG Hector Plus Sharp DCT,2020,1054000.0,34498,Automatic,Petrol,1st Owner,1451.0,11.67,6.0,https://www.cardekho.com/used-car-details/used-Mg-hector-plus-sharp-dct-cars-New-Delhi_96965f0f-303f-4a46-9218-e9bd86906bd0.htm
2018 Honda WR-V i-DTEC VX,2018,450000.0,120000,Automatic,Petrol,1st Owner,1498.0,25.5,5.0,https://www.cardekho.com/used-car-details/used-Honda-wr-v-i-dtec-vx-cars-New-Delhi_de57ab15-ff74-441b-98a9-fa1f36ff170a.htm?adId=30751&adType=41
2021 Kia Sonet HTX Turbo iMT BSVI,2021,690000.0,48645,Automatic,Petrol,1st Owner,998.0,18.2,5.0,https://www.cardekho.com/used-car-details/used-Kia-sonet-htx-turbo-imt-bsvi-cars-New-Delhi_c6a351dc-f3d3-4bc0-98c4-828254045558.htm
2021 Hyundai Alcazar Signature (O) AT,2021,1195000.0,41000,Automatic,Petrol,1st Owner,1999.0,14.2,6.0,https://www.cardekho.com/used-car-details/used-Hyundai-alcazar-signature-o-at-cars-New-Delhi_da8d3b5f-952c-47e6-ba0a-9b0d289c1091.htm
2019 Ford Ecosport 1.5 Petrol Ambiente BSIV,2019,465000.00000000006,68000,Manual,Petrol,2nd Owner,1497.0,17.0,5.0,https://www.cardekho.com/used-car-details/used-Ford-ecosport-15-petrol-ambiente-bsiv-cars-New-Delhi_793b63fb-e69b-47e6-9caf-dee98f079656.htm?adId=31763&adType=41
2017 Honda City i VTEC E,2017,480000.0,58000,Manual,Petrol,2nd Owner,1497.0,17.8,5.0,https://www.cardekho.com/used-car-details/used-Honda-city-i-vtec-e-cars-New-Delhi_2fc34f66-dde1-469f-9736-ad4faf2cdc71.htm
2021 Hyundai Creta SX Executive Diesel BSVI,2022,995000.0,58000,Automatic,Petrol,1st Owner,1493.0,18.0,5.0,https://www.cardekho.com/used-car-details/used-Hyundai-creta-sx-executive-diesel-bsvi-cars-New-Delhi_56f8e9ea-ac7a-4b35-92c7-496a8375db54.htm
2022 Kia Carnival Limousine Plus,2022,2250000.0,33000,Automatic,Diesel,2nd Owner,2199.0,,7.0,https://www.cardekho.com/used-car-details/used-Kia-carnival-limousine-plus-cars-New-Delhi_9b1b739d-561b-4df6-be1a-1bf30cf3c4d2.htm
2019 Jeep Compass 2.0 Limited,2019,865000.0,40000,Automatic,Petrol,1st Owner,1956.0,17.1,5.0,https://www.cardekho.com/used-car-details/used-Jeep-compass-20-limited-cars-New-Delhi_d3a4cccf-43db-4e45-ad05-3b3b1597e38c.htm?adId=30129&adType=41
2020 Hyundai Venue SX Plus Turbo DCT BSIV,2020,735000.0,45000,Automatic,Petrol,1st Owner,998.0,18.15,5.0,https://www.cardekho.com/used-car-details/used-Hyundai-venue-sx-plus-turbo-dct-bsiv-cars-New-Delhi_736850d0-82c5-4feb-bd5b-d08aa3a3199b.htm
2023 MG Astor Super EX BSVI,2023,693000.0,55401,Automatic,Petrol,1st Owner,1498.0,,5.0,https://www.cardekho.com/used-car-details/used-Mg-astor-super-ex-bsvi-cars-New-Delhi_3cb84ea9-acf0-4585-8b17-5cf391f0d3e3.htm
2021 Tata Harrier XT plus 2020-2022,2021,898000.0,81000,Automatic,Diesel,2nd Owner,1956.0,16.35,5.0,https://www.cardekho.com/used-car-details/used-Tata-harrier-xt-plus-2020-2022-cars-New-Delhi_6797eab2-56d2-4d57-8cd5-e9da32bc52be.htm
2024 Mercedes-Benz G-Class 400d Adventure Edition,2024,25500000.0,20000,Automatic,Petrol,1st Owner,2925.0,10.0,5.0,https://www.cardekho.com/used-car-details/used-Mercedes-benz-g-class-400d-adventure-edition-cars-New-Delhi_0626f291-29ad-4220-a935-ada74e55ef45.htm?adId=28918&adType=41
2021 Kia Seltos HTX IVT G,2021,1046000.0,51644,Automatic,Petrol,1st Owner,1497.0,16.8,5.0,https://www.cardekho.com/used-car-details/used-Kia-seltos-htx-ivt-g-cars-New-Delhi_c4af5513-acfb-48c0-ae29-093f49724bd5.htm
2023 Tata Altroz XM Plus S,2024,485000.0,35022,Manual,Petrol,1st Owner,1199.0,19.33,5.0,https://www.cardekho.com/used-car-details/used-Tata-altroz-xm-plus-s-cars-New-Delhi_949629ea-99ef-427a-af47-e8a8dc11750c.htm
2024 Maruti Suzuki Ciaz Alpha AT,2024,898000.0,18000,Automatic,Petrol,1st Owner,1462.0,20.04,5.0,https://www.cardekho.com/used-car-details/used-Maruti-ciaz-alpha-at-cars-New-Delhi_5e90b04e-8625-43e1-8ae3-a0449d3d3dba.htm
2021 Mercedes-Benz V-Class LWB,2021,5450000.0,40000,Automatic,Petrol,1st Owner,2143.0,,7.0,https://www.cardekho.com/used-car-details/used-Mercedes-benz-v-class-lwb-cars-New-Delhi_eae55d99-f452-4553-8e0d-8f03aad464fd.htm?adId=31129&adType=41
2019 Honda WR-V i-VTEC S,2019,495000.0,40000,Automatic,Petrol,1st Owner,1199.0,17.5,5.0,https://www.cardekho.com/used-car-details/used-Honda-wr-v-i-vtec-s-cars-New-Delhi_9688b23b-496a-4275-853b-886bed29d180.htm
2014 Honda Amaze EX i-Vtech,2014,215000.0,79000,Manual,Petrol,2nd Owner,1198.0,18.0,5.0,https://www.cardekho.com/used-car-details/used-Honda-amaze-ex-i-vtech-cars-New-Delhi_09e533c9-d9e6-498a-988b-4150830ebd1e.htm
2024 Mahindra Thar LX Hard Top AT RWD,2024,1250000.0,21856,Automatic,Petrol,2nd Owner,1997.0,8.0,4.0,https://www.cardekho.com/used-car-details/used-Mahindra-thar-lx-hard-top-at-rwd-cars-New-Delhi_4540da05-2714-4208-9c04-2519b74b6a0e.htm
2021 Hyundai Creta SX Opt IVT BSVI,2021,1150000.0,60000,Automatic,Petrol,1st Owner,1497.0,14.0,5.0,https://www.cardekho.com/used-car-details/used-Hyundai-creta-sx-opt-ivt-bsvi-cars-New-Delhi_c4ba8c09-fbe4-4ca9-8606-c143eb23102a.htm?adId=32178&adType=41
2015 Maruti Suzuki Wagon R LXI CNG,2015,210000.0,71000,Manual,Petrol,1st Owner,998.0,,5.0,https://www.cardekho.com/used-car-details/used-Maruti-wagon-r-lxi-cng-cars-New-Delhi_31679e22-e12a-487e-9c03-8f86e7aea3d0.htm
2014 Hyundai Elantra SX AT,2014,435000.0,55000,Automatic,Petrol,1st Owner,1797.0,14.5,5.0,https://www.cardekho.com/used-car-details/used-Hyundai-elantra-sx-at-cars-New-Delhi_3649b74f-2454-4859-b37e-1993c5e777ec.htm
2021 Maruti Suzuki Baleno Delta CVT,2021,550000.0,20000,Automatic,Petrol,1st Owner,1197.0,19.56,5.0,https://www.cardekho.com/used-car-details/used-Maruti-baleno-delta-cvt-cars-New-Delhi_81024634-8d5f-471d-96e6-02a1468d489a.htm?adId=31106&adType=41
2018 Hyundai i20 Petrol Magna,2018,375000.0,68000,Manual,Petrol,2nd Owner,1197.0,18.6,5.0,https://www.cardekho.com/used-car-details/used-Hyundai-i20-petrol-magna-cars-New-Delhi_055364de-dbd1-444f-8cea-b8900c74b36b.htm
2024 Maruti Suzuki XL6 Zeta CNG,2024,1170000.0,47000,Automatic,Petrol,1st Owner,1462.0,,6.0,https://www.cardekho.com/used-car-details/used-Maruti-xl6-zeta-cng-cars-New-Delhi_cf6dc754-ded9-4745-ac37-c593c21fd3d1.htm
2017 Maruti Suzuki Wagon R Stingray VXI,2017,295000.0,66000,Automatic,Petrol,1st Owner,998.0,20.51,5.0,https://www.cardekho.com/used-car-details/used-Maruti-wagon-r-stingray-vxi-cars-New-Delhi_d9afef4a-3ae3-47c0-8b3e-b9d02e8636e4.htm
2018 Ford Ecosport 1.5 Petrol Trend Plus AT BSIV,2019,405000.0,50000,Automatic,Petrol,1st Owner,1497.0,14.8,5.0,https://www.cardekho.com/used-car-details/used-Ford-ecosport-15-petrol-trend-plus-at-bsiv-cars-New-Delhi_3257ab82-cfe1-4812-801c-b6f172f1a6c5.htm?adId=32182&adType=41
2023 Mahindra XUV700 MX 5Str,2024,1199000.0,40000,Automatic,Petrol,1st Owner,1999.0,15.0,5.0,https://www.cardekho.com/used-car-details/used-Mahindra-xuv700-mx-5str-cars-New-Delhi_fe376437-67fd-424d-bd7a-5c974013675f.htm
2025 Maruti Suzuki Swift VXi CNG,2025,720000.0,15000,Manual,Petrol,1st Owner,1197.0,,5.0,https://www.cardekho.com/used-car-details/used-Maruti-swift-vxi-cng-cars-New-Delhi_2835647c-5668-47d0-8d09-0dbf0f7dd858.htm
2024 Maruti Suzuki XL6 Zeta CNG,2024,1165000.0,48000,Automatic,Petrol,1st Owner,1462.0,,6.0,https://www.cardekho.com/used-car-details/used-Maruti-xl6-zeta-cng-cars-New-Delhi_0c92d310-46cd-4d90-987f-b8d933291826.htm
2019 Jeep Compass 1.4 Limited Plus BSIV,2019,990000.0,56000,Automatic,Petrol,2nd Owner,1368.0,16.0,5.0,https://www.cardekho.com/used-car-details/used-Jeep-compass-14-limited-plus-bsiv-cars-New-Delhi_e707c6c4-bb2c-4262-9c46-daa69868c356.htm?adId=31816&adType=41
2021 Maruti Suzuki Celerio VXI,2021,410000.0,108000,Automatic,Petrol,1st Owner,998.0,21.63,5.0,https://www.cardekho.com/used-car-details/used-Maruti-celerio-vxi-cars-New-Delhi_4f8e75af-6d79-49e9-a117-080646d4ea12.htm
2022 Kia Seltos GTX Plus Diesel AT,2022,1250000.0,28600,Automatic,Petrol,1st Owner,1493.0,18.0,5.0,https://www.cardekho.com/used-car-details/used-Kia-seltos-gtx-plus-diesel-at-cars-New-Delhi_c5b503e3-e1ca-4872-8da1-63e305c0aa00.htm
2022 Mahindra XUV700 MX BSVI,2023,1159000.0,46252,Automatic,Petrol,1st Owner,1999.0,13.0,5.0,https://www.cardekho.com/used-car-details/used-Mahindra-xuv700-mx-bsvi-cars-New-Delhi_e8b5c7bf-0ff9-439e-aa2d-2d3bded66e2d.htm
2018 BMW 6 Series GT,2018,3200000.0,23000,Automatic,Petrol,1st Owner,1998.0,,4.0,https://www.cardekho.com/used-car-details/used-Bmw-6-series-gt-cars-New-Delhi_25f36628-949c-462b-a5e4-35ab2b7055fc.htm?adId=31131&adType=41
2022 MG Hector Shine CVT,2022,1090000.0,21000,Automatic,Petrol,1st Owner,1451.0,9.0,5.0,https://www.cardekho.com/used-car-details/used-Mg-hector-shine-cvt-cars-New-Delhi_76e40461-67e3-49bc-83d4-ddc7e27da976.htm
2024 Mahindra XUV700 AX5 7 Str,2024,1398000.0,72000,Automatic,Petrol,1st Owner,1999.0,15.0,7.0,https://www.cardekho.com/used-car-details/used-Mahindra-xuv700-ax5-7-str-cars-New-Delhi_fdedc502-a0d7-4a52-b6e3-594384305091.htm
2019 Volkswagen Ameo 1.0 MPI Comfortline,2019,500000.0,3000,Manual,Petrol,1st Owner,999.0,19.44,5.0,https://www.cardekho.com/used-car-details/used-Volkswagen-ameo-10-mpi-comfortline-cars-New-Delhi_59c7293a-8c49-4ff0-9e46-17474d87ff16.htm?adId=31062&adType=41
2022 Hyundai Creta EX BSVI,2022,835000.0,60000,Manual,Petrol,1st Owner,1497.0,,5.0,https://www.cardekho.com/used-car-details/used-Hyundai-creta-ex-bsvi-cars-New-Delhi_a15c31c7-74ed-4695-a909-35de41988ff4.htm
2015 Hyundai Verna 1.6 SX VTVT (O) AT,2015,425000.0,74000,Automatic,Petrol,1st Owner,1591.0,17.1,5.0,https://www.cardekho.com/used-car-details/used-Hyundai-verna-16-sx-vtvt-o-at-cars-New-Delhi_f6986bcb-4969-4ee7-97b8-840cbbb3da62.htm
2017 Maruti Suzuki Ciaz VXi,2017,425000.0,80000,Automatic,Petrol,1st Owner,1373.0,20.73,5.0,https://www.cardekho.com/used-car-details/used-Maruti-ciaz-vxi-cars-New-Delhi_454dc23a-f4b1-4f37-9f24-1c30ff86767d.htm
2019 BMW X1 sDrive20d Expedition,2019,1851000.0,42000,Automatic,Petrol,1st Owner,1995.0,,5.0,https://www.cardekho.com/used-car-details/used-Bmw-x1-sdrive20d-expedition-cars-New-Delhi_6c5772f2-9fc2-4db1-889f-a7c989c7317c.htm?adId=29634&adType=41
2022 Maruti Suzuki Wagon R VXI CNG BSVI,2022,475000.0,55000,Manual,Petrol,1st Owner,998.0,,5.0,https://www.cardekho.com/used-car-details/used-Maruti-wagon-r-vxi-cng-bsvi-cars-New-Delhi_cd9153ee-4719-46b0-a933-c4a84cd990ed.htm
2011 Mitsubishi Outlander 2.4,2011,260000.0,108000,Automatic,Petrol,4th Owner,2360.0,11.3,5.0,https://www.cardekho.com/used-car-details/used-Mitsubishi-outlander-24-cars-New-Delhi_ee4445e7-8796-4d35-a05e-acaf4df2f01d.htm
2019 Jeep Compass 1.4 Longitude Plus AT,2019,796000.0,42041,Automatic,Petrol,1st Owner,1368.0,14.1,5.0,https://www.cardekho.com/used-car-details/used-Jeep-compass-14-longitude-plus-at-cars-New-Delhi_031ced71-1378-443a-a476-a8794b71347e.htm
2022 Hyundai i20 Asta BSVI,2022,600000.0,40000,Automatic,Petrol,1st Owner,1197.0,21.0,5.0,https://www.cardekho.com/used-car-details/used-Hyundai-i20-asta-bsvi-cars-New-Delhi_b95701fd-f971-44b3-bc26-309052e5c07d.htm?adId=31483&adType=41
2019 Hyundai Santro Sportz AMT BSIV,2019,315000.0,63000,Automatic,Petrol,1st Owner,1086.0,20.3,5.0,https://www.cardekho.com/used-car-details/used-Hyundai-santro-sportz-amt-bsiv-cars-New-Delhi_3c388b26-7aa5-482f-9433-f16c2dd6dd54.htm
2022 MG Astor Super CVT BSVI,2022,894000.0,31020,Automatic,Petrol,1st Owner,1498.0,,5.0,https://www.cardekho.com/used-car-details/used-Mg-astor-super-cvt-bsvi-cars-New-Delhi_4dac85de-4de7-4b27-8fdc-9a1d9d6ab0de.htm
2021 Tata Safari XT Plus BSVI,2021,1047000.0,67012,Automatic,Diesel,1st Owner,1956.0,16.14,7.0,https://www.cardekho.com/used-car-details/used-Tata-safari-xt-plus-bsvi-cars-New-Delhi_1928d492-af8b-4b76-b9ad-82dea83e8445.htm
2018 Toyota Innova Crysta 2.4 G MT BSIV,2018,1050000.0,160000,Manual,Petrol,3rd Owner,2393.0,,7.0,https://www.cardekho.com/used-car-details/used-Toyota-innova-crysta-24-g-mt-bsiv-cars-New-Delhi_6d50f36f-1acf-4e27-81a9-6e4a708a55c8.htm?adId=30846&adType=41
2012 Mercedes-Benz C-Class C 200 BE Classic,2012,949000.0,60000,Automatic,Petrol,1st Owner,1796.0,,5.0,https://www.cardekho.com/used-car-details/used-Mercedes-benz-c-class-c-200-be-classic-cars-New-Delhi_656ee67a-8ebb-4481-afb1-1fdfa689003b.htm
2023 BMW 6 Series GT 630i M Sport BSVI,2023,5575000.0,6000,Automatic,Petrol,1st Owner,1998.0,,4.0,https://www.cardekho.com/used-car-details/used-Bmw-6-series-gt-630i-m-sport-bsvi-cars-New-Delhi_de887725-c104-413b-9896-7d14ee0919bb.htm
2026 Mercedes-Benz GLC 300,2026,7000000.0,7600,Automatic,Petrol,1st Owner,1999.0,,5.0,https://www.cardekho.com/used-car-details/used-Mercedes-benz-glc-300-cars-New-Delhi_08b257f2-fdc5-4a84-a8fc-6a04c9bb3770.htm?adId=32029&adType=41
2020 Kia Sonet HTX Turbo iMT BSVI,2020,675000.0,50000,Automatic,Petrol,1st Owner,998.0,18.2,5.0,https://www.cardekho.com/used-car-details/used-Kia-sonet-htx-turbo-imt-bsvi-cars-New-Delhi_2feb5ae0-20e7-4ab4-b979-15984b6c4c00.htm?adId=31958&adType=41
2022 Mercedes-Benz AMG G 63 4MATIC 2018-2023,2022,29500000.0,12000,Automatic,Petrol,1st Owner,3982.0,,5.0,https://www.cardekho.com/used-car-details/used-Mercedes-benz-amg-g-63-4matic-2018-2023-cars-New-Delhi_3ef09823-af28-45a3-b27c-66c55f1737ef.htm?adId=29593&adType=41
2021 Mercedes-Benz GLS 400d 4MATIC BSVI,2021,7000000.0,54600,Automatic,Petrol,2nd Owner,2925.0,,7.0,https://www.cardekho.com/used-car-details/used-Mercedes-benz-gls-400d-4matic-bsvi-cars-New-Delhi_9817a2ee-e586-4131-a738-36089d5dbac1.htm?adId=28479&adType=41
2020 BMW X1 sDrive 20d xLine,2020,2000000.0,47000,Automatic,Petrol,1st Owner,1995.0,20.68,5.0,https://www.cardekho.com/used-car-details/used-Bmw-x1-sdrive-20d-xline-cars-New-Delhi_c5e5154a-3ca8-4cc0-91a5-eaf131757d1c.htm?adId=31108&adType=41
2018 Maruti Suzuki Baleno 1.2 Delta,2018,395000.0,55000,Automatic,Petrol,1st Owner,1197.0,21.4,5.0,https://www.cardekho.com/used-car-details/used-Maruti-baleno-12-delta-cars-New-Delhi_ee6ec426-f6ce-4317-8efe-355357452e86.htm?adId=32130&adType=41
2024 Kia Carens Luxury Plus DCT,2024,1480000.0,30877,Automatic,Petrol,1st Owner,1482.0,,7.0,https://www.cardekho.com/used-car-details/used-Kia-carens-luxury-plus-dct-cars-New-Delhi_d8f28240-5f43-4aec-9460-ea849ced03d3.htm?adId=30418&adType=41
2016 Mercedes-Benz GLA Class 200,2016,1750000.0,70000,Automatic,Petrol,2nd Owner,1991.0,,5.0,https://www.cardekho.com/used-car-details/used-Mercedes-benz-gla-class-200-cars-New-Delhi_c3d02d7e-9825-42b9-93ba-2cc7a06dcada.htm?adId=31124&adType=41
2021 MG Gloster Savvy 7-Str,2021,2300000.0,80000,Automatic,Diesel,1st Owner,1996.0,12.0,7.0,https://www.cardekho.com/used-car-details/used-Mg-gloster-savvy-7-str-cars-New-Delhi_39077935-e765-4c22-a071-b3448bf106a5.htm?adId=31130&adType=41
2025 Hyundai Grand i10 Nios Sportz CNG,2025,800000.0,10000,Manual,Petrol,1st Owner,1197.0,27.3,5.0,https://www.cardekho.com/used-car-details/used-Hyundai-grand-i10-nios-sportz-cng-cars-New-Delhi_8aee2f82-7ae4-4365-ab11-fb941374819a.htm
2018 Ford Aspire Titanium Blu Diesel,2018,390000.0,82124,Automatic,Petrol,2nd Owner,1498.0,25.5,5.0,https://www.cardekho.com/used-car-details/used-Ford-aspire-titanium-blu-diesel-cars-New-Delhi_a4b4305b-05fa-421f-b764-0f5eacf4d51c.htm
2021 Mercedes-Benz GLS 450 4MATIC BSVI,2021,7600000.0,60000,Automatic,Petrol,1st Owner,2999.0,,7.0,https://www.cardekho.com/used-car-details/used-Mercedes-benz-gls-450-4matic-bsvi-cars-New-Delhi_0bd94113-224f-4336-944e-5401a17d1196.htm?adId=31109&adType=41
2021 Tata Altroz XZ BSVI,2021,484000.0,55620,Automatic,Petrol,1st Owner,1199.0,19.33,5.0,https://www.cardekho.com/used-car-details/used-Tata-altroz-xz-bsvi-cars-New-Delhi_a7ed087e-8e39-4acd-b625-7848b102d77e.htm
2016 Hyundai EON Era Plus,2016,185000.0,23000,Manual,Petrol,1st Owner,814.0,21.1,5.0,https://www.cardekho.com/used-car-details/used-Hyundai-eon-era-plus-cars-New-Delhi_7eaaa697-f8ed-4723-bfbb-73e8d0b037bd.htm
2017 Hyundai Verna 1.6 VTVT SX Option,2017,675000.0,65000,Automatic,Petrol,1st Owner,1591.0,17.01,5.0,https://www.cardekho.com/used-car-details/used-Hyundai-verna-16-vtvt-sx-option-cars-New-Delhi_12c190b2-dd80-49ec-97a9-ca20b1ca5382.htm
2024 Audi Q7 Premium Plus,2024,6800000.0,18500,Automatic,Petrol,1st Owner,2995.0,11.0,7.0,https://www.cardekho.com/used-car-details/used-Audi-q7-premium-plus-cars-New-Delhi_af076d94-58c0-4fab-963b-23928fe286b2.htm?adId=30815&adType=41
2022 Mahindra Thar LX 4WD Hard Top Diesel AT BSVI,2022,1250000.0,43000,Automatic,Petrol,1st Owner,2184.0,9.0,4.0,https://www.cardekho.com/used-car-details/used-Mahindra-thar-lx-4wd-hard-top-diesel-at-bsvi-cars-New-Delhi_90b1d0e9-7834-4f76-9426-eeec7157e328.htm
2013 Maruti Suzuki Swift VXI,2013,210000.0,74000,Manual,Petrol,2nd Owner,1197.0,18.6,5.0,https://www.cardekho.com/used-car-details/used-Maruti-swift-vxi-cars-New-Delhi_f98c485c-646a-407d-8f78-50668d3bf16a.htm
2024 Tata Harrier Fearless Dark AT,2024,1990000.0,30000,Automatic,Petrol,1st Owner,1956.0,16.8,5.0,https://www.cardekho.com/used-car-details/used-Tata-harrier-fearless-dark-at-cars-New-Delhi_5fd852bd-cc84-468c-8885-1ca444b542b4.htm
2019 Volvo XC90 D5 R-Design,2019,3000000.0,60000,Automatic,Petrol,2nd Owner,1969.0,17.2,7.0,https://www.cardekho.com/used-car-details/used-Volvo-xc90-d5-r-design-cars-New-Delhi_1e64f93c-0da7-4a26-9304-698295deff8b.htm?adId=31065&adType=41
2017 Maruti Suzuki Baleno 1.2 Delta,2017,400000.0,57000,Automatic,Petrol,1st Owner,1197.0,21.4,5.0,https://www.cardekho.com/used-car-details/used-Maruti-baleno-12-delta-cars-New-Delhi_80a24edd-78ca-4a22-92dd-d34a68f1e979.htm
2022 Skoda Kushaq 1.0 TSI Ambition BSVI,2022,723000.0,45107,Automatic,Petrol,2nd Owner,999.0,19.2,5.0,https://www.cardekho.com/used-car-details/used-Skoda-kushaq-10-tsi-ambition-bsvi-cars-New-Delhi_976fa5a5-2ba6-44be-b22b-d3e62b865a0f.htm
2022 Tata Tigor XZ Plus BSVI,2022,590000.0,62000,Automatic,Petrol,1st Owner,1199.0,19.28,5.0,https://www.cardekho.com/used-car-details/used-Tata-tigor-xz-plus-bsvi-cars-New-Delhi_72af38c6-0a2b-4d54-88ee-64f60c587236.htm
2018 Ford Ecosport 1.5 Diesel Titanium BSIV,2018,395000.0,80000,Automatic,Petrol,1st Owner,1498.0,23.0,5.0,https://www.cardekho.com/used-car-details/used-Ford-ecosport-15-diesel-titanium-bsiv-cars-New-Delhi_3a78152b-247e-487a-9457-1bcc917d582d.htm?adId=30674&adType=41
2024 Maruti Suzuki Baleno Delta,2024,630000.0,27000,Automatic,Petrol,1st Owner,1197.0,22.35,5.0,https://www.cardekho.com/used-car-details/used-Maruti-baleno-delta-cars-New-Delhi_b5e183c0-cfb9-4620-af0a-ce5ecb191d0b.htm
2022 Tata Tigor XZA Plus AMT BSVI,2022,538000.0,16000,Automatic,Petrol,1st Owner,1199.0,19.6,5.0,https://www.cardekho.com/used-car-details/used-Tata-tigor-xza-plus-amt-bsvi-cars-New-Delhi_54b7ed12-d0a5-47cc-b376-dca0660a76bb.htm
2017 Honda City i VTEC CVT VX,2017,500000.0,44500,Automatic,Petrol,1st Owner,1497.0,18.0,5.0,https://www.cardekho.com/used-car-details/used-Honda-city-i-vtec-cvt-vx-cars-New-Delhi_02804c8f-9394-4ed1-a730-e3db82ada719.htm?adId=30969&adType=41
2018 Hyundai Creta 1.6 SX Automatic,2019,790000.0,48000,Automatic,Petrol,2nd Owner,1591.0,14.8,5.0,https://www.cardekho.com/used-car-details/used-Hyundai-creta-16-sx-automatic-cars-New-Delhi_5541150e-be2b-4601-90e3-2510b7e524df.htm?adId=31650&adType=41
2022 Jeep Compass 1.4 Sport DCT BSVI,2022,1132000.0,43102,Automatic,Petrol,1st Owner,1368.0,14.1,5.0,https://www.cardekho.com/used-car-details/used-Jeep-compass-14-sport-dct-bsvi-cars-New-Delhi_a9051563-4383-44c2-b8d2-0bc93e0bc973.htm
2023 BMW 2 Series Gran Coupe 220i M Sport,2023,3350000.0,4000,Automatic,Petrol,1st Owner,1998.0,14.82,5.0,https://www.cardekho.com/used-car-details/used-Bmw-2-series-gran-coupe-220i-m-sport-cars-New-Delhi_4e822a2c-6d5c-47df-88e8-cd8d43240b2b.htm?adId=31780&adType=41
2020 Kia Carnival Prestige 6 STR,2020,1875000.0,99000,Automatic,Diesel,1st Owner,2199.0,,6.0,https://www.cardekho.com/used-car-details/used-Kia-carnival-prestige-6-str-cars-New-Delhi_964d5d25-addf-4ad8-a6a4-fb1c238cf3ca.htm
2025 Jeep Grand Cherokee Limited Opt,2025,5300000.0,33000,Automatic,Petrol,1st Owner,1995.0,,5.0,https://www.cardekho.com/used-car-details/used-Jeep-grand-cherokee-limited-opt-cars-New-Delhi_56c3b69a-b96a-451b-8b0c-d21a1c37c644.htm
2020 Volkswagen Polo GT TSI BSIV,2021,875000.0,28000,Automatic,Petrol,1st Owner,1197.0,,5.0,https://www.cardekho.com/used-car-details/used-Volkswagen-polo-gt-tsi-bsiv-cars-New-Delhi_b272a83d-f401-480b-b23b-13909a78bc04.htm
2018 Maruti Suzuki Baleno 1.2 Delta,2018,415000.00000000006,71000,Automatic,Petrol,1st Owner,1197.0,21.4,5.0,https://www.cardekho.com/used-car-details/used-Maruti-baleno-12-delta-cars-New-Delhi_64eb4dd1-067d-4c32-9334-124ccd313a12.htm?adId=31119&adType=41
2022 Kia Seltos HTK G,2022,890000.0,21000,Manual,Petrol,1st Owner,1497.0,16.8,5.0,https://www.cardekho.com/used-car-details/used-Kia-seltos-htk-g-cars-New-Delhi_129e9d65-c4b2-4cdd-a734-6a24635b70aa.htm
2019 Jeep Compass 1.4 Limited Plus BSIV,2019,1125000.0,36000,Automatic,Petrol,1st Owner,1368.0,16.0,5.0,https://www.cardekho.com/used-car-details/used-Jeep-compass-14-limited-plus-bsiv-cars-New-Delhi_67b35c28-046a-4ec3-ae52-44923fac8998.htm
2019 Ford Ecosport 1.5 Petrol Titanium Plus AT BSIV,2019,545000.0,66000,Automatic,Petrol,1st Owner,1497.0,14.8,5.0,https://www.cardekho.com/used-car-details/used-Ford-ecosport-15-petrol-titanium-plus-at-bsiv-cars-New-Delhi_ef264f8e-1155-460c-bbf4-17bfd0f5b9c7.htm
2024 Mahindra XUV 3XO AX7 L Turbo AT,2024,1250000.0,5400,Automatic,Petrol,1st Owner,1197.0,18.2,5.0,https://www.cardekho.com/used-car-details/used-Mahindra-xuv-3xo-ax7-l-turbo-at-cars-New-Delhi_8853b110-3985-460a-a93d-c42042ab4d15.htm?adId=31663&adType=41
2023 Hyundai Alcazar Signature (O) 7-Seater AT,2023,1490000.0,49000,Automatic,Petrol,1st Owner,1999.0,14.2,7.0,https://www.cardekho.com/used-car-details/used-Hyundai-alcazar-signature-o-7-seater-at-cars-New-Delhi_cd7d1ada-f2b8-4d5c-90ba-d72cca970e3f.htm
2016 Maruti Suzuki Wagon R Stingray LXI,2016,240000.0,98000,Automatic,Petrol,2nd Owner,998.0,20.51,5.0,https://www.cardekho.com/used-car-details/used-Maruti-wagon-r-stingray-lxi-cars-New-Delhi_c0bff380-56ca-4b8c-9e8f-8919020acf70.htm
2022 MG Astor Style BSVI,2022,775000.0,43000,Automatic,Petrol,2nd Owner,1498.0,15.43,5.0,https://www.cardekho.com/used-car-details/used-Mg-astor-style-bsvi-cars-New-Delhi_c9f3d894-d720-4ca8-80aa-c77328fba8c0.htm
2017 Hyundai Creta 1.6 CRDi SX Plus,2017,614000.0,100000,Automatic,Petrol,2nd Owner,1582.0,19.67,5.0,https://www.cardekho.com/used-car-details/used-Hyundai-creta-16-crdi-sx-plus-cars-New-Delhi_a9570e81-596e-4fab-9119-c712a6174459.htm?adId=30713&adType=41
2019 Kia Seltos HTK Plus G,2019,760000.0,28000,Manual,Petrol,1st Owner,1497.0,16.8,5.0,https://www.cardekho.com/used-car-details/used-Kia-seltos-htk-plus-g-cars-New-Delhi_f0f25142-1ed3-4abb-9914-041c007900d8.htm
2023 MG Astor Savvy Turbo AT BSVI,2023,1039000.0,49708,Automatic,Petrol,1st Owner,1349.0,14.34,5.0,https://www.cardekho.com/used-car-details/used-Mg-astor-savvy-turbo-at-bsvi-cars-New-Delhi_590aa3b4-7acd-4204-a0ac-23d1f0108ed1.htm
2018 Skoda Kodiaq 2.0 TDI Style,2018,1390000.0,75000,Automatic,Petrol,1st Owner,1968.0,,7.0,https://www.cardekho.com/used-car-details/used-Skoda-kodiaq-20-tdi-style-cars-New-Delhi_50f04d13-bd88-418b-bec3-986e5c0845b8.htm
2018 Jaguar XF 2.0 Diesel Prestige,2018,2275000.0,16000,Automatic,Petrol,1st Owner,1999.0,19.33,5.0,https://www.cardekho.com/used-car-details/used-Jaguar-xf-20-diesel-prestige-cars-New-Delhi_b71cebb0-fc84-488a-820c-7d4257fdcdac.htm?adId=29388&adType=41
2023 Kia Sonet HTX Turbo DCT,2023,925000.0,38000,Automatic,Petrol,1st Owner,998.0,18.2,5.0,https://www.cardekho.com/used-car-details/used-Kia-sonet-htx-turbo-dct-cars-New-Delhi_5e586bed-4ea6-424c-8397-e949b44d2930.htm
2026 Kia Sonet HTK Plus,2026,925000.0,2000,Automatic,Petrol,1st Owner,1197.0,18.4,5.0,https://www.cardekho.com/used-car-details/used-Kia-sonet-htk-plus-cars-New-Delhi_2cb98b46-7dd4-41cd-bed0-5f0b87aafcc9.htm
2024 Volkswagen Taigun 1.0 Comfortline,2025,898000.0,31000,Automatic,Petrol,1st Owner,999.0,19.89,5.0,https://www.cardekho.com/used-car-details/used-Volkswagen-taigun-10-comfortline-cars-New-Delhi_a6180e90-b1ed-492f-b8bd-39b84e7980b3.htm
2020 Maruti Suzuki Baleno Sigma,2020,440000.00000000006,62000,Manual,Petrol,1st Owner,1197.0,21.01,5.0,https://www.cardekho.com/used-car-details/used-Maruti-baleno-sigma-cars-New-Delhi_f79ca4b0-1c2f-4a29-a993-a4df7fd2d035.htm?adId=30753&adType=41
2024 Kia Seltos HTX,2024,1260000.0,26000,Manual,Petrol,1st Owner,1497.0,17.0,5.0,https://www.cardekho.com/used-car-details/used-Kia-seltos-htx-cars-New-Delhi_a58a035f-524f-4eaf-85ca-c186f23358a0.htm
2019 Toyota Corolla Altis 1.8 GL,2019,1125000.0,19000,Automatic,Petrol,1st Owner,1798.0,14.28,5.0,https://www.cardekho.com/used-car-details/used-Toyota-corolla-altis-18-gl-cars-New-Delhi_e475e010-ab3b-4708-954c-df7b2fc6c3eb.htm
2016 Hyundai Creta 1.6 VTVT AT SX Plus,2016,480000.0,74000,Automatic,Petrol,1st Owner,1591.0,13.0,5.0,https://www.cardekho.com/used-car-details/used-Hyundai-creta-16-vtvt-at-sx-plus-cars-New-Delhi_0fd4fc72-c3d9-456b-989a-dc73b7839120.htm?adId=31691&adType=41
2021 Skoda Kushaq 1.0 TSI Style AT BSVI,2021,790000.0,59718,Automatic,Petrol,2nd Owner,999.0,17.2,5.0,https://www.cardekho.com/used-car-details/used-Skoda-kushaq-10-tsi-style-at-bsvi-cars-New-Delhi_4907bdcf-4b0f-4e06-89e1-85c04970bcce.htm
2019 Tata Tigor XZ Plus,2019,375000.0,49000,Automatic,Petrol,1st Owner,1199.0,20.3,5.0,https://www.cardekho.com/used-car-details/used-Tata-tigor-xz-plus-cars-New-Delhi_d86b2ef4-e056-474f-b844-e845fa6559ae.htm
2023 Volkswagen Taigun 1.0 Highline AT,2023,962000.0,63120,Automatic,Petrol,1st Owner,999.0,17.23,5.0,https://www.cardekho.com/used-car-details/used-Volkswagen-taigun-10-highline-at-cars-New-Delhi_ae727024-fd77-4244-a2d3-45a1b8d8f1c9.htm
2016 Mercedes-Benz CLA 200 Sport Edition,2023,1950000.0,16000,Automatic,Petrol,1st Owner,1991.0,,5.0,https://www.cardekho.com/used-car-details/used-Mercedes-benz-cla-200-sport-edition-cars-New-Delhi_f42f2280-3405-4be0-888c-ac4c5a41c4d4.htm?adId=31128&adType=41
2025 Tata Punch Adventure Plus,2025,825000.0,2800,Automatic,Petrol,1st Owner,1199.0,20.09,5.0,https://www.cardekho.com/used-car-details/used-Tata-punch-adventure-plus-cars-New-Delhi_e19d0ee6-4d9a-41a0-9236-55067dcfb731.htm
2024 Kia Seltos HTK Plus,2024,1350000.0,35000,Automatic,Petrol,1st Owner,1497.0,17.0,5.0,https://www.cardekho.com/used-car-details/used-Kia-seltos-htk-plus-cars-New-Delhi_23af7c73-2c8e-43bb-bea8-decad1cf696b.htm
2024 Kia Sonet HTX Turbo DCT,2024,964000.0,49000,Automatic,Petrol,1st Owner,998.0,18.2,5.0,https://www.cardekho.com/used-car-details/used-Kia-sonet-htx-turbo-dct-cars-New-Delhi_a5abfa2d-cf7a-408f-8193-b7a1e11c818f.htm
2025 Mercedes-Benz GLS 450d 4MATIC AMG Line,2025,13000000.0,10000,Automatic,Petrol,1st Owner,2925.0,12.0,7.0,https://www.cardekho.com/used-car-details/used-Mercedes-benz-gls-450d-4matic-amg-line-cars-New-Delhi_0f6f7b19-9408-43b8-a171-2c89ae17e35f.htm?adId=28210&adType=41
2024 Hyundai Venue E,2024,690000.0,29000,Manual,Petrol,1st Owner,1197.0,20.36,5.0,https://www.cardekho.com/used-car-details/used-Hyundai-venue-e-cars-New-Delhi_e3ec17f3-0543-4b5d-8830-ee7692937567.htm
2023 Kia Seltos HTX IVT,2023,1400000.0,34000,Automatic,Petrol,1st Owner,1497.0,17.7,5.0,https://www.cardekho.com/used-car-details/used-Kia-seltos-htx-ivt-cars-New-Delhi_cc526db0-8602-49ac-9887-8997d334ba79.htm
2023 Honda Amaze 2nd Gen VX,2023,690000.0,12000,Automatic,Petrol,1st Owner,1199.0,18.6,5.0,https://www.cardekho.com/used-car-details/used-Honda-amaze-2nd-gen-vx-cars-New-Delhi_6b2aadae-e5aa-481e-801f-0a3a59e3dfe0.htm
2023 Mercedes-Benz A-Class Limousine A 200 BSVI,2023,3300000.0,30000,Automatic,Petrol,1st Owner,1332.0,,5.0,https://www.cardekho.com/used-car-details/used-Mercedes-benz-a-class-limousine-a-200-bsvi-cars-New-Delhi_258614d7-7515-46bc-b6af-07dcb4ea7dab.htm?adId=31531&adType=41
2021 Kia Seltos X-Line DCT,2021,1175000.0,54000,Automatic,Petrol,1st Owner,1353.0,16.5,5.0,https://www.cardekho.com/used-car-details/used-Kia-seltos-x-line-dct-cars-New-Delhi_3cdc1c36-2358-4412-a749-cf67ab0f2a3a.htm
2023 Kia Seltos HTX IVT,2023,1350000.0,28000,Automatic,Petrol,1st Owner,1497.0,17.7,5.0,https://www.cardekho.com/used-car-details/used-Kia-seltos-htx-ivt-cars-New-Delhi_fc35a079-bb04-4766-8f4f-f28446388a8c.htm
2022 Maruti Suzuki Grand Vitara Alpha AT BSVI,2022,1175000.0,60000,Automatic,Petrol,1st Owner,1462.0,20.58,5.0,https://www.cardekho.com/used-car-details/used-Maruti-grand-vitara-alpha-at-bsvi-cars-New-Delhi_beb6b20c-5662-4a27-b93e-de27c618566c.htm
2019 Kia Seltos GTX Plus,2019,890000.0,72000,Automatic,Petrol,1st Owner,1353.0,16.5,5.0,https://www.cardekho.com/used-car-details/used-Kia-seltos-gtx-plus-cars-New-Delhi_d4a4874a-03da-4700-81b6-529b49341c51.htm
2021 Tata Nexon XZA Plus AMT S,2021,675000.0,67000,Automatic,Petrol,1st Owner,1199.0,16.35,5.0,https://www.cardekho.com/used-car-details/used-Tata-nexon-xza-plus-amt-s-cars-New-Delhi_b5006899-ab7f-47c6-88ae-ed2628212116.htm
2016 Mahindra XUV500 W6 1.99 mHawk,2016,550000.0,125000,Automatic,Diesel,1st Owner,1997.0,16.0,7.0,https://www.cardekho.com/used-car-details/used-Mahindra-xuv500-w6-199-mhawk-cars-New-Delhi_33a8d6c6-e78d-4039-b552-04d59c2d2182.htm?adId=31493&adType=41
2023 Maruti Suzuki Grand Vitara Sigma BSVI,2023,915000.0,17000,Automatic,Petrol,1st Owner,1462.0,21.11,5.0,https://www.cardekho.com/used-car-details/used-Maruti-grand-vitara-sigma-bsvi-cars-New-Delhi_dc60ffa7-7740-42b0-aa82-f2afbcba26ff.htm
2020 Kia Seltos HTE G,2020,689000.0,69000,Manual,Petrol,1st Owner,1497.0,16.8,5.0,https://www.cardekho.com/used-car-details/used-Kia-seltos-hte-g-cars-New-Delhi_4ac21aca-9188-4913-a37b-366862bed0ea.htm
2025 Toyota Taisor V Turbo,2025,884000.0,5973,Automatic,Petrol,1st Owner,998.0,21.5,5.0,https://www.cardekho.com/used-car-details/used-Toyota-taisor-v-turbo-cars-New-Delhi_69f32b3d-3a2d-448f-99e9-a10fcada9f89.htm
2023 BMW X7 xDrive 40i M Sport,2023,9900000.0,31000,Automatic,Petrol,1st Owner,2998.0,10.54,7.0,https://www.cardekho.com/used-car-details/used-Bmw-x7-xdrive-40i-m-sport-cars-New-Delhi_7576bc87-4c6e-46b3-9fe8-9a8cd8d733d0.htm?adId=31533&adType=41
2023 Tata Punch Creative Flagship AMT DT,2023,650000.0,50000,Automatic,Petrol,1st Owner,1199.0,18.8,5.0,https://www.cardekho.com/used-car-details/used-Tata-punch-creative-flagship-amt-dt-cars-New-Delhi_6637fcc4-e3b7-41f1-9cf1-e7d11c353208.htm
2019 Hyundai Creta 1.6 SX Automatic,2019,765000.0,89000,Automatic,Petrol,1st Owner,1591.0,14.8,5.0,https://www.cardekho.com/used-car-details/used-Hyundai-creta-16-sx-automatic-cars-New-Delhi_ba903867-17aa-4a01-9187-36780c0a608f.htm
2021 Hyundai Alcazar Platinum (O) AT,2021,1190000.0,80000,Automatic,Petrol,2nd Owner,1999.0,14.2,6.0,https://www.cardekho.com/used-car-details/used-Hyundai-alcazar-platinum-o-at-cars-New-Delhi_9ff677e1-1dfc-4222-b97c-ec4688e42925.htm
2022 Honda City V MT,2022,770000.0,67000,Automatic,Petrol,1st Owner,1498.0,18.6,5.0,https://www.cardekho.com/used-car-details/used-Honda-city-v-mt-cars-New-Delhi_d272d7d9-de05-421c-b727-9e355c87e59c.htm
2014 Honda City i VTEC CVT SV,2014,325000.0,90000,Automatic,Petrol,2nd Owner,1497.0,18.0,5.0,https://www.cardekho.com/used-car-details/used-Honda-city-i-vtec-cvt-sv-cars-New-Delhi_1653d2c2-969a-4a19-b81c-107f7d05f879.htm
2025 Tata Nexon Smart Plus,2025,679000.0,24000,Manual,Petrol,1st Owner,1199.0,17.44,5.0,https://www.cardekho.com/used-car-details/used-Tata-nexon-smart-plus-cars-New-Delhi_2cd69928-988c-4e33-9122-8803241f0da1.htm
2023 Toyota Fortuner 4X2 AT,2023,3279999.9999999995,30000,Automatic,Petrol,1st Owner,2694.0,,7.0,https://www.cardekho.com/used-car-details/used-Toyota-fortuner-4x2-at-cars-New-Delhi_40f503b8-7947-4bb8-8704-9a920c539252.htm?adId=28101&adType=41
2021 Hyundai Creta EX BSVI,2021,830000.0000000001,31000,Manual,Petrol,1st Owner,1497.0,,5.0,https://www.cardekho.com/used-car-details/used-Hyundai-creta-ex-bsvi-cars-New-Delhi_408f4a1c-5336-45bc-b043-bbd48605a69f.htm
2022 Kia Carnival Limousine,2022,2690000.0,65000,Automatic,Diesel,1st Owner,2199.0,,7.0,https://www.cardekho.com/used-car-details/used-Kia-carnival-limousine-cars-New-Delhi_76fee936-b2db-4a9c-8dd8-fb2df4132934.htm
2021 Land Rover Defender 110 HSE 2020-2022,2021,8175000.0,70000,Automatic,Petrol,2nd Owner,1997.0,,7.0,https://www.cardekho.com/used-car-details/used-Land-rover-defender-110-hse-2020-2022-cars-New-Delhi_fc6a9586-c34d-4a04-9c6d-311dc414e8cf.htm?adId=31137&adType=41
2020 Kia Seltos HTX G,2020,850000.0,38000,Automatic,Petrol,1st Owner,1497.0,16.8,5.0,https://www.cardekho.com/used-car-details/used-Kia-seltos-htx-g-cars-New-Delhi_566063d1-e5df-419a-bc4e-73ddff86a033.htm
2025 Hyundai Creta SX Premium,2025,1698999.9999999998,19000,Automatic,Petrol,1st Owner,1497.0,17.4,5.0,https://www.cardekho.com/used-car-details/used-Hyundai-creta-sx-premium-cars-New-Delhi_08784990-c236-4b7a-8e6b-ffbdad6046a5.htm
2026 Hyundai Creta SX (O) Knight Diesel AT,2026,1961000.0,10600,Automatic,Petrol,1st Owner,1493.0,19.1,5.0,https://www.cardekho.com/used-car-details/used-Hyundai-creta-sx-o-knight-diesel-at-cars-New-Delhi_aebd3f3f-4a28-4e48-b444-daf7abd52920.htm
2022 Maruti Suzuki Grand Vitara 2.4 AT,2022,880000.0000000001,36596,Automatic,Petrol,1st Owner,2393.0,9.24,5.0,https://www.cardekho.com/used-car-details/used-Maruti-grand-vitara-24-at-cars-New-Delhi_89025eba-7576-4feb-a2b6-7948299a613f.htm
2021 Maruti Suzuki XL6 Zeta,2021,700000.0,90000,Automatic,Petrol,1st Owner,1462.0,19.01,6.0,https://www.cardekho.com/used-car-details/used-Maruti-xl6-zeta-cars-New-Delhi_69839c06-299f-4633-809d-42dfcda2fc48.htm?adId=31988&adType=41
2024 Kia Seltos GTX Plus Turbo DCT,2024,1590000.0,60000,Automatic,Petrol,1st Owner,1482.0,17.9,5.0,https://www.cardekho.com/used-car-details/used-Kia-seltos-gtx-plus-turbo-dct-cars-New-Delhi_03609e10-8e54-49a1-ba98-074861c05b06.htm
2016 Honda City i VTEC V,2016,399000.0,75000,Automatic,Petrol,1st Owner,1497.0,17.8,5.0,https://www.cardekho.com/used-car-details/used-Honda-city-i-vtec-v-cars-New-Delhi_4da8f3fb-fb26-475e-a7ca-ce6bfe930a36.htm
2023 Tata Nexon Pure Plus,2023,735000.0,52477,Manual,Petrol,1st Owner,1199.0,17.44,5.0,https://www.cardekho.com/used-car-details/used-Tata-nexon-pure-plus-cars-New-Delhi_115a2fcd-de91-489f-b46e-c86046959959.htm
2023 Land Rover Range Rover 3.0 I Diesel LWB SE,2023,21800000.0,15000,Automatic,Petrol,1st Owner,2997.0,13.16,7.0,https://www.cardekho.com/used-car-details/used-Land-rover-range-rover-30-i-diesel-lwb-se-cars-New-Delhi_62435a01-953b-402b-b4d9-4595d2290e1a.htm?adId=29597&adType=41
2019 Jeep Compass 1.4 Limited Plus BSIV,2020,1110000.0,74000,Automatic,Petrol,1st Owner,1368.0,16.0,5.0,https://www.cardekho.com/used-car-details/used-Jeep-compass-14-limited-plus-bsiv-cars-New-Delhi_da3ba4d3-4899-40d5-b7f6-0d9fe2932cdd.htm
2019 Hyundai Creta 1.6 SX Automatic,2019,800000.0,50000,Automatic,Petrol,1st Owner,1591.0,14.8,5.0,https://www.cardekho.com/used-car-details/used-Hyundai-creta-16-sx-automatic-cars-New-Delhi_b8e0579f-8520-4246-8da8-2b32f09f9c16.htm
2019 Hyundai Creta 1.6 SX Automatic,2019,698000.0,90000,Automatic,Petrol,1st Owner,1591.0,14.8,5.0,https://www.cardekho.com/used-car-details/used-Hyundai-creta-16-sx-automatic-cars-New-Delhi_cac3279b-20fe-453d-8abb-848c59e996c8.htm
2020 Hyundai Venue SX Turbo,2020,600000.0,32000,Automatic,Petrol,2nd Owner,998.0,18.27,5.0,https://www.cardekho.com/used-car-details/used-Hyundai-venue-sx-turbo-cars-New-Delhi_61e6bc01-a2a9-45c5-b61b-c842fd8a7d21.htm?adId=30666&adType=41
2015 Toyota Corolla Altis VL AT,2015,500000.0,100000,Automatic,Petrol,2nd Owner,1798.0,14.28,5.0,https://www.cardekho.com/used-car-details/used-Toyota-corolla-altis-vl-at-cars-New-Delhi_7fc6e0be-9eba-4ec5-92f9-026c041c9e32.htm?adId=31955&adType=41
2018 Maruti Suzuki Swift Dzire AMT ZXI Plus,2018,410000.0,70000,Automatic,Petrol,2nd Owner,1197.0,21.21,5.0,https://www.cardekho.com/used-car-details/used-Maruti-swift-dzire-amt-zxi-plus-cars-New-Delhi_f8b6893a-b179-4ee0-87ba-40848ebf4822.htm?adId=31537&adType=41
2013 Maruti Suzuki Ritz LXi,2014,225000.0,53000,Manual,Petrol,1st Owner,1197.0,18.5,5.0,https://www.cardekho.com/used-car-details/used-Maruti-ritz-lxi-cars-New-Delhi_8fbfea71-1f96-48e2-8372-90b9f281cc5d.htm
2021 Honda City V MT,2021,725000.0,91000,Automatic,Petrol,1st Owner,1498.0,18.6,5.0,https://www.cardekho.com/used-car-details/used-Honda-city-v-mt-cars-New-Delhi_22eb98db-e7f4-4f73-8963-332a7bec8bdb.htm
2021 Honda City V MT,2021,690000.0,84000,Automatic,Petrol,2nd Owner,1498.0,18.6,5.0,https://www.cardekho.com/used-car-details/used-Honda-city-v-mt-cars-New-Delhi_4f46e4ac-c9b9-4c56-98e2-191e2fc03a64.htm
2023 Mahindra Scorpio S 11,2023,1400000.0,95000,Automatic,Diesel,1st Owner,2184.0,14.44,7.0,https://www.cardekho.com/used-car-details/used-Mahindra-scorpio-s-11-cars-New-Delhi_d8184066-9291-4f76-ae8d-c3bf507fed67.htm?adId=31722&adType=41
2021 Honda WR-V VX,2021,625000.0,38000,Automatic,Petrol,1st Owner,1199.0,16.5,5.0,https://www.cardekho.com/used-car-details/used-Honda-wr-v-vx-cars-New-Delhi_b469070d-48b0-493f-a8dc-1de1b96d8db7.htm
2025 Volkswagen Taigun 1.5 GT Plus Sports DSG,2025,1725000.0,16000,Automatic,Petrol,1st Owner,1498.0,19.01,5.0,https://www.cardekho.com/used-car-details/used-Volkswagen-taigun-15-gt-plus-sports-dsg-cars-New-Delhi_9cd04dcc-be8a-474b-a1f0-1a2a204435f1.htm
2020 Mercedes-Benz C-Class Progressive C 200,2020,2490000.0,50000,Automatic,Petrol,2nd Owner,1950.0,,5.0,https://www.cardekho.com/used-car-details/used-Mercedes-benz-c-class-progressive-c-200-cars-New-Delhi_3ccb2b22-cf15-406d-9705-96738fbac585.htm?adId=32119&adType=41
2019 Hyundai Venue SX Turbo BSIV,2019,650000.0,50000,Automatic,Petrol,1st Owner,998.0,18.27,5.0,https://www.cardekho.com/used-car-details/used-Hyundai-venue-sx-turbo-bsiv-cars-New-Delhi_40f05a6c-31f1-4f2b-8498-b692c6b9a1be.htm
2021 Kia Seltos HTX IVT G,2021,1075000.0,30000,Automatic,Petrol,2nd Owner,1497.0,16.8,5.0,https://www.cardekho.com/used-car-details/used-Kia-seltos-htx-ivt-g-cars-New-Delhi_7b5606aa-33ad-4c30-ba7d-693eb25892fb.htm
2021 Porsche 911 Carrera BSVI,2021,17500000.0,17000,Automatic,Petrol,1st Owner,2981.0,10.64,4.0,https://www.cardekho.com/used-car-details/used-Porsche-911-carrera-bsvi-cars-New-Delhi_f4bc9953-fabc-482f-8dc0-f1523c6fb45f.htm?adId=31158&adType=41
2020 Hyundai Creta E Diesel BSVI,2020,825000.0,74000,Manual,Petrol,1st Owner,1493.0,,5.0,https://www.cardekho.com/used-car-details/used-Hyundai-creta-e-diesel-bsvi-cars-New-Delhi_be6699a1-a75c-44be-bc50-f7850c4326d3.htm
2024 Maruti Suzuki Grand Vitara Sigma,2024,1050000.0,11000,Automatic,Petrol,1st Owner,1462.0,21.11,5.0,https://www.cardekho.com/used-car-details/used-Maruti-grand-vitara-sigma-cars-New-Delhi_9d5742f1-4056-4af3-bebf-1c83db7cb7f5.htm
2023 Maruti Suzuki Grand Vitara Delta CNG BSVI,2023,1050000.0,60000,Automatic,Petrol,1st Owner,1462.0,,5.0,https://www.cardekho.com/used-car-details/used-Maruti-grand-vitara-delta-cng-bsvi-cars-New-Delhi_88e29417-1c07-4622-b265-0bddec29909b.htm
2022 Mahindra Scorpio S5,2022,1290000.0,58000,Manual,Diesel,1st Owner,2179.0,17.0,7.0,https://www.cardekho.com/used-car-details/used-Mahindra-scorpio-s5-cars-New-Delhi_972ab8f7-01e1-40ae-810c-831565afb843.htm?adId=32063&adType=41
2021 Mercedes-Benz S-Class S 350 d,2021,5200000.0,41000,Automatic,Petrol,1st Owner,2925.0,,5.0,https://www.cardekho.com/used-car-details/used-Mercedes-benz-s-class-s-350-d-cars-New-Delhi_93eb2480-2766-4036-9fe4-d8bb867fcd20.htm
2023 MG Hector 1.5 Turbo Sharp pro CVT BSVI,2023,1435000.0,51000,Automatic,Petrol,1st Owner,1451.0,12.34,5.0,https://www.cardekho.com/used-car-details/used-Mg-hector-15-turbo-sharp-pro-cvt-bsvi-cars-New-Delhi_4c0812b8-98b4-407b-b2a5-1c111f7baebd.htm
2015 Volkswagen Polo 1.2 MPI Comfortline,2015,237000.0,82772,Automatic,Petrol,1st Owner,1199.0,16.2,5.0,https://www.cardekho.com/used-car-details/used-Volkswagen-polo-12-mpi-comfortline-cars-New-Delhi_c87fa7f6-d5ec-41f3-93bb-00d743376d74.htm
2021 Mahindra XUV300 W8 Option BSVI,2021,649000.0,47000,Automatic,Petrol,1st Owner,1197.0,16.82,5.0,https://www.cardekho.com/used-car-details/used-Mahindra-xuv300-w8-option-bsvi-cars-New-Delhi_70d2d684-7663-4194-878d-71fc64c2d48e.htm?adId=31584&adType=41
2024 Hyundai Creta S (O) iVT,2024,1448000.0,11000,Automatic,Petrol,1st Owner,1497.0,17.7,5.0,https://www.cardekho.com/used-car-details/used-Hyundai-creta-s-o-ivt-cars-New-Delhi_a7ff0b74-997b-433a-8438-7f58d2cbc75e.htm
2014 Honda Amaze VX i-VTEC,2014,289000.0,46628,Automatic,Petrol,1st Owner,1198.0,17.8,5.0,https://www.cardekho.com/buy-used-car-details/used-Honda-amaze-vx-i-vtec-cars-New-Delhi_f8048916-8eae-4689-8be5-590338eaa3bf.htm
2020 MG Gloster Savvy 6-Str,2020,2250000.0,62000,Automatic,Diesel,1st Owner,1996.0,12.4,6.0,https://www.cardekho.com/used-car-details/used-Mg-gloster-savvy-6-str-cars-New-Delhi_a5c3305d-9206-4743-9f6c-0e615a550a27.htm
2017 BMW 5 Series 520d Luxury Line,2017,1525000.0,110000,Automatic,Petrol,1st Owner,1995.0,,5.0,https://www.cardekho.com/used-car-details/used-Bmw-5-series-520d-luxury-line-cars-New-Delhi_3bd9e1f2-0ec2-4928-8fe8-ae43f84ee60d.htm?adId=30953&adType=41
2024 Maruti Suzuki XL6 Zeta CNG,2024,1100000.0,60000,Automatic,Petrol,1st Owner,1462.0,,6.0,https://www.cardekho.com/used-car-details/used-Maruti-xl6-zeta-cng-cars-New-Delhi_e9717dd8-6b89-466f-acf8-85fd4c183427.htm
2018 Hyundai Creta 1.6 SX Option Executive,2018,582000.0,115547,Automatic,Petrol,1st Owner,1591.0,15.8,5.0,https://www.cardekho.com/used-car-details/used-Hyundai-creta-16-sx-option-executive-cars-New-Delhi_2df406f2-a3aa-4ea9-9f49-86512d9e522b.htm
2018 Maruti Suzuki Ciaz 1.4 Alpha,2018,565000.0,57000,Automatic,Petrol,1st Owner,1373.0,20.73,5.0,https://www.cardekho.com/used-car-details/used-Maruti-ciaz-14-alpha-cars-New-Delhi_06452a21-5918-4ec5-82fc-4499a20bf451.htm
2015 Hyundai Verna 1.6 SX VTVT AT,2015,349000.0,66000,Automatic,Petrol,2nd Owner,1591.0,15.74,5.0,https://www.cardekho.com/used-car-details/used-Hyundai-verna-16-sx-vtvt-at-cars-New-Delhi_dfde9a90-d488-4448-8fe4-f088caba0354.htm?adId=30641&adType=41
2016 Tata Tiago 1.2 Revotron XZ,2016,285000.0,49000,Manual,Petrol,1st Owner,1199.0,23.84,5.0,https://www.cardekho.com/used-car-details/used-Tata-tiago-12-revotron-xz-cars-New-Delhi_d11c5b6f-c0b7-4d77-a243-d447bb7d0fde.htm
2021 Kia Sonet HTX Plus Turbo iMT BSVI,2021,710000.0,42000,Automatic,Petrol,1st Owner,998.0,18.2,5.0,https://www.cardekho.com/used-car-details/used-Kia-sonet-htx-plus-turbo-imt-bsvi-cars-New-Delhi_6b554e45-4c85-4d59-a61c-826fcbd64558.htm
2017 Hyundai Tucson 2.0 e-VGT 2WD AT GLS,2017,850000.0,38000,Automatic,Petrol,2nd Owner,1995.0,16.38,5.0,https://www.cardekho.com/used-car-details/used-Hyundai-tucson-20-e-vgt-2wd-at-gls-cars-New-Delhi_e960b572-77ed-428b-911a-1731cf08b6a4.htm
2023 Mercedes-Benz AMG A 35 4MATIC BSVI,2023,4000000.0,7500,Automatic,Petrol,1st Owner,1991.0,,5.0,https://www.cardekho.com/used-car-details/used-Mercedes-benz-amg-a-35-4matic-bsvi-cars-New-Delhi_bd96f55a-9ab7-4c2e-9190-9c4e045459ac.htm
2016 Hyundai Grand i10 Magna,2016,295000.0,56000,Manual,Petrol,1st Owner,1197.0,18.9,5.0,https://www.cardekho.com/used-car-details/used-Hyundai-grand-i10-magna-cars-New-Delhi_82c6832a-99f7-4af0-968b-df71b1930bed.htm
2024 Toyota Fortuner 4X2 AT,2024,3525000.0,15000,Automatic,Petrol,1st Owner,2694.0,,7.0,https://www.cardekho.com/used-car-details/used-Toyota-fortuner-4x2-at-cars-New-Delhi_fa76415c-af19-4392-b37f-44b11487f558.htm?adId=29592&adType=41
2023 Tata Nexon XZ Plus,2023,875000.0,60000,Automatic,Petrol,1st Owner,1199.0,17.33,5.0,https://www.cardekho.com/used-car-details/used-Tata-nexon-xz-plus-cars-New-Delhi_12c75d23-8617-4951-b318-1309dd1cd502.htm
2023 Mercedes-Benz C-Class C 200,2023,4250000.0,46000,Automatic,Petrol,1st Owner,1496.0,,5.0,https://www.cardekho.com/used-car-details/used-Mercedes-benz-c-class-c-200-cars-New-Delhi_82b75e30-8976-4c32-af0b-802af84819f9.htm
2025 BMW 3 Series Long Wheelbase 330Li M Sport GL,2025,5100000.0,10000,Automatic,Petrol,1st Owner,1998.0,,5.0,https://www.cardekho.com/used-car-details/used-Bmw-3-series-long-wheelbase-330li-m-sport-gl-cars-New-Delhi_befc0db7-427f-4d35-acfa-5018c4ae52e7.htm?adId=31526&adType=41
2024 Toyota Innova Hycross ZX Hybrid,2024,3150000.0,50000,Automatic,Petrol,1st Owner,1987.0,,7.0,https://www.cardekho.com/used-car-details/used-Toyota-innova-hycross-zx-hybrid-cars-New-Delhi_ce85bcee-2620-4880-a8a0-7274ee692b05.htm
2019 Hyundai Grand i10 1.2 Kappa Sportz BSIV,2019,425000.0,15600,Manual,Petrol,1st Owner,1197.0,18.9,5.0,https://www.cardekho.com/used-car-details/used-Hyundai-grand-i10-12-kappa-sportz-bsiv-cars-New-Delhi_47f38c1b-859a-4c7b-97bc-17e0e678ea3a.htm
2019 Honda City i-VTEC CVT V,2019,590000.0,99000,Automatic,Petrol,1st Owner,1497.0,18.0,5.0,https://www.cardekho.com/used-car-details/used-Honda-city-i-vtec-cvt-v-cars-New-Delhi_b9639d65-85a5-4a5f-aee0-ec85601900ee.htm
2021 Land Rover Defender 110 X-Dynamic HSE,2021,8175000.0,70000,Automatic,Petrol,2nd Owner,1997.0,,7.0,https://www.cardekho.com/used-car-details/used-Land-rover-defender-110-x-dynamic-hse-cars-New-Delhi_499e1bfd-5bbf-42ad-9b8e-62a25fcb7ec5.htm?adId=29920&adType=41
2023 Maruti Suzuki XL6 Alpha AT,2023,950000.0,76142,Automatic,Petrol,1st Owner,1462.0,,6.0,https://www.cardekho.com/used-car-details/used-Maruti-xl6-alpha-at-cars-New-Delhi_40a4945f-c315-425f-8aa4-9ef84ee7adfc.htm
2021 Volvo XC60 Inscription D5,2021,3440000.0,68000,Automatic,Petrol,1st Owner,1969.0,,5.0,https://www.cardekho.com/used-car-details/used-Volvo-xc60-inscription-d5-cars-New-Delhi_3f938c0f-c2e7-4288-b5f7-df90b10d8211.htm
2023 Hyundai Creta S plus Knight Diesel,2023,1180000.0,52000,Automatic,Petrol,1st Owner,1493.0,18.0,5.0,https://www.cardekho.com/used-car-details/used-Hyundai-creta-s-plus-knight-diesel-cars-New-Delhi_957e7908-f253-4eb9-bb60-58c0b70f7103.htm
2025 Mahindra XUV700 AX7L 7Str Diesel AT,2025,2600000.0,14000,Automatic,Petrol,1st Owner,2198.0,16.57,7.0,https://www.cardekho.com/used-car-details/used-Mahindra-xuv700-ax7l-7str-diesel-at-cars-New-Delhi_82171e5e-c085-406c-9f11-1a5b0fb07f46.htm?adId=30500&adType=41
2018 Maruti Suzuki Celerio ZXI AMT BSIV,2018,345000.0,60000,Automatic,Petrol,1st Owner,998.0,23.1,5.0,https://www.cardekho.com/used-car-details/used-Maruti-celerio-zxi-amt-bsiv-cars-New-Delhi_96b5f660-0de4-430c-bacb-a69f7d198207.htm
2023 Mahindra Thar LX 4WD Hard Top Diesel AT BSVI,2023,1340000.0,41000,Automatic,Petrol,1st Owner,2184.0,9.0,4.0,https://www.cardekho.com/used-car-details/used-Mahindra-thar-lx-4wd-hard-top-diesel-at-bsvi-cars-New-Delhi_2a82e121-c346-4ab3-9b82-537f923a5861.htm
2020 MG Hector Sharp DCT,2020,850000.0,35000,Automatic,Petrol,1st Owner,1451.0,13.96,5.0,https://www.cardekho.com/used-car-details/used-Mg-hector-sharp-dct-cars-New-Delhi_68bb0379-a1c2-41b1-977e-be44814304ca.htm
2018 Audi A6 35 TFSI,2019,2575000.0,22000,Automatic,Petrol,1st Owner,1798.0,,5.0,https://www.cardekho.com/used-car-details/used-Audi-a6-35-tfsi-cars-New-Delhi_72572a92-f8be-4b08-8756-b7ce865795ce.htm?adId=30747&adType=41
2018 Maruti Suzuki Baleno 1.2 CVT Zeta,2018,399000.0,22102,Automatic,Petrol,1st Owner,1197.0,21.4,5.0,https://www.cardekho.com/used-car-details/used-Maruti-baleno-12-cvt-zeta-cars-New-Delhi_61d8599d-12a1-4ffe-8c44-ce561be45466.htm
2018 Hyundai Creta 1.6 SX Option Executive,2018,633000.0,116587,Automatic,Petrol,1st Owner,1591.0,15.8,5.0,https://www.cardekho.com/used-car-details/used-Hyundai-creta-16-sx-option-executive-cars-New-Delhi_02597212-41b9-490d-aa79-2a83ff2636dc.htm
2024 Audi Q3 Premium Plus,2024,3450000.0,29000,Automatic,Petrol,1st Owner,1984.0,10.14,5.0,https://www.cardekho.com/used-car-details/used-Audi-q3-premium-plus-cars-New-Delhi_07decd98-8a76-4f12-933e-f06f8e2fb02a.htm?adId=31126&adType=41
2024 MG Hector Savvy Pro CVT 2023-2025,2026,1395000.0,50000,Automatic,Petrol,1st Owner,1451.0,12.34,5.0,https://www.cardekho.com/used-car-details/used-Mg-hector-savvy-pro-cvt-2023-2025-cars-New-Delhi_beed20cf-9cc0-4aa4-91bd-62afd6fd9805.htm
2021 Mercedes-Benz S-Class S450 4Matic BSVI,2023,8500000.0,41000,Automatic,Petrol,1st Owner,2999.0,,5.0,https://www.cardekho.com/used-car-details/used-Mercedes-benz-s-class-s450-4matic-bsvi-cars-New-Delhi_6b5a9d8a-81f6-4a56-aaad-9e6cad7f576b.htm
2019 Kia Seltos HTK Plus G,2019,627000.0,30329,Manual,Petrol,1st Owner,1497.0,16.8,5.0,https://www.cardekho.com/buy-used-car-details/used-Kia-seltos-htk-plus-g-cars-New-Delhi_cfeb7c08-2c5b-4c8f-852d-339d6b6b8b1e.htm
2023 Toyota Fortuner 4X2 AT BSVI,2023,3250000.0,28000,Automatic,Petrol,1st Owner,2694.0,10.0,7.0,https://www.cardekho.com/used-car-details/used-Toyota-fortuner-4x2-at-bsvi-cars-New-Delhi_24bbd785-3092-4d1a-845d-40e42318deeb.htm?adId=32110&adType=41
2024 Maruti Suzuki Baleno Delta,2024,640000.0,27000,Automatic,Petrol,1st Owner,1197.0,22.35,5.0,https://www.cardekho.com/used-car-details/used-Maruti-baleno-delta-cars-New-Delhi_b6064da5-0935-4844-ab37-a9423d3b3e3e.htm
2022 Tata Nexon XZ Plus BSVI,2022,699000.0,38000,Automatic,Petrol,1st Owner,1199.0,17.33,5.0,https://www.cardekho.com/used-car-details/used-Tata-nexon-xz-plus-bsvi-cars-New-Delhi_d458f642-5ce4-4584-8aee-ca189324f0c8.htm
2025 Toyota Glanza V,2025,900000.0,16000,Automatic,Petrol,1st Owner,1197.0,22.35,5.0,https://www.cardekho.com/used-car-details/used-Toyota-glanza-v-cars-New-Delhi_0f8563e2-12c5-4af2-973a-5c352adff3fe.htm
2018 Mahindra Scorpio S5 BSIV,2018,635000.0,56000,Manual,Diesel,2nd Owner,2179.0,16.36,7.0,https://www.cardekho.com/used-car-details/used-Mahindra-scorpio-s5-bsiv-cars-New-Delhi_85e5f375-3f69-47f0-9e5c-9307352df9b3.htm?adId=30970&adType=41
2017 Hyundai Creta 1.6 VTVT SX Plus,2017,735000.0,70000,Automatic,Petrol,1st Owner,1591.0,13.0,5.0,https://www.cardekho.com/used-car-details/used-Hyundai-creta-16-vtvt-sx-plus-cars-New-Delhi_2e1b205b-3b8b-4a5e-8904-c10e4cc98960.htm
2021 Kia Sonet HTX Turbo iMT BSVI,2021,572000.0,43458,Automatic,Petrol,2nd Owner,998.0,18.2,5.0,https://www.cardekho.com/buy-used-car-details/used-Kia-sonet-htx-turbo-imt-bsvi-cars-New-Delhi_d4ec7bcf-3ee9-4393-af53-7d9dfb630dbe.htm
2023 Hyundai Verna SX IVT,2023,1090000.0,39000,Automatic,Petrol,1st Owner,1497.0,19.6,5.0,https://www.cardekho.com/used-car-details/used-Hyundai-verna-sx-ivt-cars-New-Delhi_f1f0aeb1-c08a-4f96-b8b4-4eb0cc3c2e6c.htm?adId=31198&adType=41
2016 Hyundai Grand i10 1.2 Kappa Sportz BSIV,2016,271000.0,84554,Manual,Petrol,1st Owner,1197.0,18.9,5.0,https://www.cardekho.com/used-car-details/used-Hyundai-grand-i10-12-kappa-sportz-bsiv-cars-New-Delhi_06424259-fde7-4c28-ac4c-6471207a6497.htm
2019 Hyundai Grand i10 Nios Asta,2020,475000.0,57000,Automatic,Petrol,1st Owner,1197.0,20.7,5.0,https://www.cardekho.com/used-car-details/used-Hyundai-grand-i10-nios-asta-cars-New-Delhi_9f187549-69a0-4379-b8cc-839ac69065d6.htm
2023 Mahindra XUV700 AX7 7Str Diesel,2023,1720000.0,45000,Automatic,Petrol,1st Owner,2198.0,17.0,7.0,https://www.cardekho.com/used-car-details/used-Mahindra-xuv700-ax7-7str-diesel-cars-New-Delhi_71e17837-fcdd-4e82-aaef-f2671880a9bd.htm?adId=32086&adType=41
2022 Mercedes-Benz GLS 450 4MATIC BSVI,2022,8475000.0,70000,Automatic,Petrol,1st Owner,2999.0,,7.0,https://www.cardekho.com/used-car-details/used-Mercedes-benz-gls-450-4matic-bsvi-cars-New-Delhi_4d7c4cc8-1be0-4946-8fa9-24b14edf12e8.htm
2024 Maruti Suzuki Brezza Zxi CNG,2024,1050000.0,52000,Automatic,Petrol,1st Owner,1462.0,,5.0,https://www.cardekho.com/used-car-details/used-Maruti-brezza-zxi-cng-cars-New-Delhi_bd86ed66-7cdf-4b87-9c57-5a31a0dc4cad.htm
2020 Mercedes-Benz C-Class Progressive C 200,2020,2400000.0,50000,Automatic,Petrol,2nd Owner,1950.0,,5.0,https://www.cardekho.com/used-car-details/used-Mercedes-benz-c-class-progressive-c-200-cars-New-Delhi_d7fd72d5-252a-425b-b36c-ead8e8cf770d.htm?adId=31017&adType=41
2023 MG Hector Plus Sharp Pro 2023-2025,2023,1470000.0,49000,Automatic,Petrol,1st Owner,1451.0,13.79,6.0,https://www.cardekho.com/used-car-details/used-Mg-hector-plus-sharp-pro-2023-2025-cars-New-Delhi_af2e9361-33de-42eb-a7fc-447d329b9e63.htm
2016 Hyundai Grand i10 Magna,2016,340000.0,84327,Automatic,Petrol,1st Owner,1197.0,18.9,5.0,https://www.cardekho.com/used-car-details/used-Hyundai-grand-i10-magna-cars-New-Delhi_53f45458-310a-4028-a0c4-a6a4e1fe9e21.htm
2020 MG Hector Hybrid Sharp MT,2020,844999.9999999999,70001,Automatic,Petrol,1st Owner,1451.0,15.81,5.0,https://www.cardekho.com/used-car-details/used-Mg-hector-hybrid-sharp-mt-cars-New-Delhi_a40a4027-e305-4a5b-890d-a498180fa2ea.htm
2025 BMW 5 Series 530Li,2025,7000000.0,16800,Automatic,Petrol,1st Owner,1998.0,15.7,5.0,https://www.cardekho.com/used-car-details/used-Bmw-5-series-530li-cars-New-Delhi_28a61b2d-d3e9-44a8-b7cb-3636f16ece34.htm?adId=30816&adType=41
2019 Hyundai Venue SX Plus Turbo DCT BSIV,2019,790000.0,35000,Automatic,Petrol,1st Owner,998.0,18.15,5.0,https://www.cardekho.com/used-car-details/used-Hyundai-venue-sx-plus-turbo-dct-bsiv-cars-New-Delhi_492bd080-3b16-4262-b8bf-0c09eed705af.htm
2022 Hyundai Creta EX BSVI,2022,925000.0,40000,Manual,Petrol,1st Owner,1497.0,,5.0,https://www.cardekho.com/used-car-details/used-Hyundai-creta-ex-bsvi-cars-New-Delhi_4d75c9cc-8aca-44b7-b4d6-2bb4fee5585b.htm
2024 Toyota Hyryder V HYBRID,2024,1900000.0,60000,Automatic,Petrol,1st Owner,1490.0,27.97,5.0,https://www.cardekho.com/used-car-details/used-Toyota-hyryder-v-hybrid-cars-New-Delhi_f17a137b-475c-48d9-a95e-fbde2a8932c9.htm?adId=31810&adType=41
2020 Hyundai Venue SX Plus Turbo DCT,2020,725000.0,43052,Automatic,Petrol,1st Owner,998.0,18.15,5.0,https://www.cardekho.com/used-car-details/used-Hyundai-venue-sx-plus-turbo-dct-cars-New-Delhi_fc37d106-4f43-43de-92be-84dc12a1cdc8.htm
2021 MG Astor Sharp CVT BSVI,2021,865000.0,41000,Automatic,Petrol,1st Owner,1498.0,14.82,5.0,https://www.cardekho.com/used-car-details/used-Mg-astor-sharp-cvt-bsvi-cars-New-Delhi_61f57fc4-d428-4219-b0bd-e501246029ed.htm
2013 Honda Amaze S i-VTEC,2013,230000.0,57696,Automatic,Petrol,1st Owner,1198.0,17.8,5.0,https://www.cardekho.com/used-car-details/used-Honda-amaze-s-i-vtec-cars-New-Delhi_ef22172d-e64a-4e37-9d2e-c79ec69559ed.htm
2021 Maruti Suzuki Ignis Sigma BSVI,2021,360000.0,50000,Automatic,Petrol,2nd Owner,1197.0,20.89,5.0,https://www.cardekho.com/used-car-details/used-Maruti-ignis-sigma-bsvi-cars-New-Delhi_eb68b79b-040a-4339-bb64-c60dbdcf7983.htm?adId=31298&adType=41
2024 Hyundai Creta SX,2024,1250000.0,44000,Automatic,Petrol,1st Owner,1497.0,17.0,5.0,https://www.cardekho.com/used-car-details/used-Hyundai-creta-sx-cars-New-Delhi_1f694401-838f-484a-9269-fc8fd26b22e1.htm
2023 Tata Nexon Fearless Plus A PS Red Dark DCA,2023,979000.0,25152,Automatic,Petrol,1st Owner,1199.0,17.01,5.0,https://www.cardekho.com/buy-used-car-details/used-Tata-nexon-fearless-plus-a-ps-red-dark-dca-cars-New-Delhi_03b41ecf-fb02-43ac-a819-04187e42e150.htm
2024 Mahindra XUV700 AX5 7 Str Diesel AT,2024,2000000.0,10000,Automatic,Petrol,1st Owner,2198.0,16.57,7.0,https://www.cardekho.com/used-car-details/used-Mahindra-xuv700-ax5-7-str-diesel-at-cars-New-Delhi_33391e9e-6324-4a7a-9fcb-60f83b425b2a.htm?adId=31639&adType=41
2017 Audi Q3 30 TDI,2017,1099000.0,68000,Automatic,Petrol,1st Owner,1968.0,,5.0,https://www.cardekho.com/used-car-details/used-Audi-q3-30-tdi-cars-New-Delhi_e4ac274a-4f6e-4236-bf88-6e2d1ac67717.htm
2024 Mahindra Scorpio N Z8L Diesel 4x4 2023-2025,2024,2199000.0,22500,Automatic,Petrol,1st Owner,2198.0,15.42,7.0,https://www.cardekho.com/used-car-details/used-Mahindra-scorpio-n-z8l-diesel-4x4-2023-2025-cars-New-Delhi_1e8d30ff-5185-422f-8265-b384c966c90b.htm?adId=32177&adType=41
2022 Mahindra Thar LX 4WD Convert Top Diesel AT BSVI,2022,1350000.0,56000,Automatic,Petrol,1st Owner,2184.0,9.0,4.0,https://www.cardekho.com/used-car-details/used-Mahindra-thar-lx-4wd-convert-top-diesel-at-bsvi-cars-New-Delhi_67f56236-b107-4064-a30e-9cd298b00688.htm
2023 Kia Seltos HTX IVT,2023,1351000.0,14780,Automatic,Petrol,1st Owner,1497.0,17.7,5.0,https://www.cardekho.com/used-car-details/used-Kia-seltos-htx-ivt-cars-New-Delhi_e1dc1abf-285e-4565-aa63-c3b32a757033.htm
2019 Skoda Superb Style 1.8 TSI MT,2019,2000000.0,150000,Automatic,Petrol,1st Owner,1798.0,14.12,5.0,https://www.cardekho.com/used-car-details/used-Skoda-superb-style-18-tsi-mt-cars-New-Delhi_fcbeb21e-ebca-4d43-b8b3-95402a252968.htm?adId=31606&adType=41
2020 Kia Seltos HTX G,2020,810000.0,62000,Automatic,Petrol,1st Owner,1497.0,16.8,5.0,https://www.cardekho.com/used-car-details/used-Kia-seltos-htx-g-cars-New-Delhi_4d3ba8a9-4385-415e-8298-8dae90f0cdef.htm
2018 Maruti Suzuki Vitara Brezza ZDi Plus AMT,2018,620000.0,82000,Automatic,Petrol,1st Owner,1248.0,24.3,5.0,https://www.cardekho.com/used-car-details/used-Maruti-vitara-brezza-zdi-plus-amt-cars-New-Delhi_62770713-8086-4520-aa69-68678391e5de.htm?adId=31711&adType=41
2026 Volkswagen Taigun 1.5 GT Plus Sports DSG,2026,1925000.0,1700,Automatic,Petrol,1st Owner,1498.0,19.01,5.0,https://www.cardekho.com/used-car-details/used-Volkswagen-taigun-15-gt-plus-sports-dsg-cars-New-Delhi_87c50ad9-76ca-427c-8179-dff91b0d63cf.htm
2024 MG Hector Sharp Pro CVT 2023-2025,2024,1490000.0,38520,Automatic,Petrol,1st Owner,1451.0,12.34,5.0,https://www.cardekho.com/used-car-details/used-Mg-hector-sharp-pro-cvt-2023-2025-cars-New-Delhi_28a1056d-948c-43d6-b7a6-750f183a86ee.htm
2017 Honda City i VTEC CVT VX,2017,447000.0,62248,Automatic,Petrol,1st Owner,1497.0,18.0,5.0,https://www.cardekho.com/used-car-details/used-Honda-city-i-vtec-cvt-vx-cars-New-Delhi_dcaf5d99-9246-46a9-9417-85ae8a891da0.htm
2025 Mercedes-Benz GLC 300,2025,6700000.0,7000,Automatic,Petrol,2nd Owner,1999.0,,5.0,https://www.cardekho.com/used-car-details/used-Mercedes-benz-glc-300-cars-New-Delhi_4b23766f-734d-48a6-be73-5f0ad3abf9a4.htm?adId=31525&adType=41
2016 Hyundai Creta 1.6 VTVT SX Plus,2016,446000.0,58326,Automatic,Petrol,3rd Owner,1591.0,13.0,5.0,https://www.cardekho.com/buy-used-car-details/used-Hyundai-creta-16-vtvt-sx-plus-cars-New-Delhi_09cce72d-ea02-44ae-a757-2fe501b26142.htm
2023 Mercedes-Benz GLB 200 Progressive Line BSVI,2023,3790000.0,37000,Automatic,Petrol,1st Owner,1332.0,,7.0,https://www.cardekho.com/used-car-details/used-Mercedes-benz-glb-200-progressive-line-bsvi-cars-New-Delhi_3113ab64-8bc3-476f-bfb1-9c952d455c5b.htm
2016 Tata Tiago 1.2 Revotron XZ,2016,290000.0,49000,Manual,Petrol,1st Owner,1199.0,23.84,5.0,https://www.cardekho.com/used-car-details/used-Tata-tiago-12-revotron-xz-cars-New-Delhi_c4d40dc1-89ca-4649-b1bd-74f7cb3367a6.htm
2020 Mercedes-Benz GLA Class 200 Sport,2020,2175000.0,60000,Automatic,Petrol,1st Owner,1991.0,,5.0,https://www.cardekho.com/used-car-details/used-Mercedes-benz-gla-class-200-sport-cars-New-Delhi_ef7dbeab-cc86-427a-9f62-89c141548257.htm?adId=31132&adType=41
2014 Honda Amaze S i-Vtech,2014,230000.0,75000,Manual,Petrol,2nd Owner,1198.0,18.0,5.0,https://www.cardekho.com/used-car-details/used-Honda-amaze-s-i-vtech-cars-New-Delhi_524978a3-6609-468f-8956-e138b473cf74.htm
2021 Honda City ZX CVT,2021,890000.0,36000,Automatic,Petrol,2nd Owner,1498.0,18.3,5.0,https://www.cardekho.com/used-car-details/used-Honda-city-zx-cvt-cars-New-Delhi_a482f3e6-92ae-4316-b422-ce2bdf9f3571.htm
2020 Kia Seltos HTK G,2020,775000.0,39000,Manual,Petrol,1st Owner,1497.0,16.8,5.0,https://www.cardekho.com/used-car-details/used-Kia-seltos-htk-g-cars-New-Delhi_82d3a05e-ee28-4022-aa6a-a0b76713a91f.htm
2021 Mercedes-Benz E-Class Exclusive E 200,2022,4950000.0,19500,Automatic,Petrol,2nd Owner,1991.0,,5.0,https://www.cardekho.com/used-car-details/used-Mercedes-benz-e-class-exclusive-e-200-cars-New-Delhi_db511e25-cba5-4d39-8468-cb1c231dc70f.htm?adId=27453&adType=41
2019 Kia Seltos HTK Plus G,2019,790000.0,70000,Manual,Petrol,1st Owner,1497.0,16.8,5.0,https://www.cardekho.com/used-car-details/used-Kia-seltos-htk-plus-g-cars-New-Delhi_1da93e88-7eb4-4e48-b54d-54139d6b55ad.htm
2016 Hyundai Creta 1.6 VTVT SX Plus,2016,480000.0,117000,Automatic,Petrol,2nd Owner,1591.0,13.0,5.0,https://www.cardekho.com/used-car-details/used-Hyundai-creta-16-vtvt-sx-plus-cars-New-Delhi_f9aee860-2f5d-4fbe-a7df-4b383c28e9cf.htm
2018 Ford Ecosport 1.5 Petrol Titanium BSIV,2018,490000.00000000006,62000,Automatic,Petrol,1st Owner,1497.0,17.0,5.0,https://www.cardekho.com/used-car-details/used-Ford-ecosport-15-petrol-titanium-bsiv-cars-New-Delhi_e7083fa3-ed64-498a-ac31-7d03f51a8f18.htm
2020 Maruti Suzuki Swift Dzire Tour 1.2 S STD CNG,2020,450000.0,75000,Manual,Petrol,1st Owner,1197.0,,5.0,https://www.cardekho.com/used-car-details/used-Maruti-swift-dzire-tour-12-s-std-cng-cars-New-Delhi_a8a9b9d1-2fd7-4678-8122-2b9e3da7fcce.htm?adId=31909&adType=41
2021 MG Hector Sharp DCT,2021,1090000.0,38000,Automatic,Petrol,1st Owner,1451.0,13.96,5.0,https://www.cardekho.com/used-car-details/used-Mg-hector-sharp-dct-cars-New-Delhi_76ddbc73-1915-4188-a9c2-466f849225d5.htm
2021 MG Hector Sharp DCT,2021,1275000.0,25000,Automatic,Petrol,1st Owner,1451.0,13.96,5.0,https://www.cardekho.com/used-car-details/used-Mg-hector-sharp-dct-cars-New-Delhi_5f341499-897c-4b49-b6a5-192a0bd3fb7a.htm
2024 Hyundai Creta SX,2024,1425000.0,14000,Automatic,Petrol,1st Owner,1497.0,17.4,5.0,https://www.cardekho.com/used-car-details/used-Hyundai-creta-sx-cars-New-Delhi_744fe8e8-85bf-4fbb-93b2-94e136db2c9b.htm
2017 Mercedes-Benz E-Class Exclusive E 200 BSIV,2017,2325000.0,34000,Automatic,Petrol,1st Owner,1991.0,,5.0,https://www.cardekho.com/used-car-details/used-Mercedes-benz-e-class-exclusive-e-200-bsiv-cars-New-Delhi_2a53d030-2af8-465d-94ff-abe5c077820f.htm?adId=30684&adType=41
2023 Hyundai Creta SX,2023,1250000.0,15000,Automatic,Petrol,1st Owner,1497.0,17.0,5.0,https://www.cardekho.com/used-car-details/used-Hyundai-creta-sx-cars-New-Delhi_44e2eb44-ae32-41da-8d90-c820f33eb589.htm
2018 Ford Ecosport 1.5 Petrol Titanium Plus BSIV,2018,495000.0,62000,Automatic,Petrol,1st Owner,1497.0,17.0,5.0,https://www.cardekho.com/used-car-details/used-Ford-ecosport-15-petrol-titanium-plus-bsiv-cars-New-Delhi_0ae43a18-fec2-46fa-ac9d-aa26223f78a1.htm
2018 Hyundai Grand i10 Prime T Plus CNG,2018,375000.0,68000,Manual,Petrol,1st Owner,1197.0,,5.0,https://www.cardekho.com/used-car-details/used-Hyundai-grand-i10-prime-t-plus-cng-cars-New-Delhi_a2add261-d6e2-4d6b-9523-fc6cb0daccb1.htm?adId=30251&adType=41
2021 Honda City V CVT,2021,925000.0,39000,Automatic,Petrol,1st Owner,1498.0,18.3,5.0,https://www.cardekho.com/used-car-details/used-Honda-city-v-cvt-cars-New-Delhi_3f5f71d2-355e-4a3b-aa18-2df7abd86039.htm
2018 Honda WR-V i-VTEC VX,2018,495000.0,56000,Automatic,Petrol,1st Owner,1199.0,17.5,5.0,https://www.cardekho.com/used-car-details/used-Honda-wr-v-i-vtec-vx-cars-New-Delhi_98592a02-0b73-4f2a-92e8-aba46bb71386.htm
2023 Mercedes-Benz E-Class Exclusive E 200,2023,4850000.0,63252,Automatic,Petrol,1st Owner,1991.0,,5.0,https://www.cardekho.com/used-car-details/used-Mercedes-benz-e-class-exclusive-e-200-cars-New-Delhi_d93cae86-3e43-4e6d-877f-ed86076b8e17.htm
2025 Maruti Suzuki Ertiga VXi CNG,2025,1180000.0,16700,Manual,Petrol,1st Owner,1462.0,,7.0,https://www.cardekho.com/used-car-details/used-Maruti-ertiga-vxi-cng-cars-New-Delhi_c138f925-b26a-4b73-b08e-d599a6337810.htm?adId=31889&adType=41
2018 Hyundai Creta EX Summer Edition,2018,522000.0,44881,Manual,Petrol,1st Owner,1497.0,17.4,5.0,https://www.cardekho.com/used-car-details/used-Hyundai-creta-ex-summer-edition-cars-New-Delhi_32575ed3-b195-4e7e-8438-b81703ba08bc.htm
2021 Kia Seltos HTK Plus G,2021,875000.0,45000,Manual,Petrol,1st Owner,1497.0,16.8,5.0,https://www.cardekho.com/used-car-details/used-Kia-seltos-htk-plus-g-cars-New-Delhi_8092eafb-be3f-4d82-8f18-59ce3ab3a0d4.htm
2023 Toyota Innova Hycross ZX Hybrid,2023,2890000.0,50000,Automatic,Petrol,1st Owner,1987.0,,7.0,https://www.cardekho.com/used-car-details/used-Toyota-innova-hycross-zx-hybrid-cars-New-Delhi_13b00c8a-e19a-4700-8c77-133c399fa09b.htm?adId=31819&adType=41
2016 Honda Amaze S i-Vtech,2016,216000.0,82679,Manual,Petrol,1st Owner,1198.0,18.0,5.0,https://www.cardekho.com/used-car-details/used-Honda-amaze-s-i-vtech-cars-New-Delhi_51f552b5-2c6b-4674-9d4a-fb4ac942134a.htm
2024 Maruti Suzuki Grand Vitara Delta AT,2024,1250000.0,11000,Automatic,Petrol,1st Owner,1462.0,20.58,5.0,https://www.cardekho.com/used-car-details/used-Maruti-grand-vitara-delta-at-cars-New-Delhi_75d69c44-f189-4d3a-9a57-ad39f252e641.htm
2023 Mahindra Thar LX 4WD Hard Top AT BSVI,2023,1240000.0,29000,Automatic,Petrol,1st Owner,1997.0,8.0,4.0,https://www.cardekho.com/used-car-details/used-Mahindra-thar-lx-4wd-hard-top-at-bsvi-cars-New-Delhi_b5be6dfb-9bcb-4f50-9ec7-ee17c0a517b2.htm
2022 Toyota Innova Crysta 2.7 ZX 7 STR AT,2022,1875000.0,55000,Automatic,Petrol,1st Owner,2694.0,,7.0,https://www.cardekho.com/used-car-details/used-Toyota-innova-crysta-27-zx-7-str-at-cars-New-Delhi_239b1ccd-3d40-419e-8efa-b95e4cac9599.htm?adId=31849&adType=41
2018 Tata Nexon 1.5 Revotorq XZ Plus,2018,475000.0,85000,Automatic,Petrol,2nd Owner,1497.0,21.5,5.0,https://www.cardekho.com/used-car-details/used-Tata-nexon-15-revotorq-xz-plus-cars-New-Delhi_793d878a-6ce4-4613-8fff-8bd68228faa2.htm
2019 MG Hector Sharp DCT,2019,1070000.0,60000,Automatic,Petrol,1st Owner,1451.0,13.96,5.0,https://www.cardekho.com/used-car-details/used-Mg-hector-sharp-dct-cars-New-Delhi_55c8f3d9-98d1-48f4-af16-6ca73f62a7f7.htm
2018 Renault KWID RXL,2018,220000.00000000003,60000,Automatic,Petrol,1st Owner,799.0,25.17,5.0,https://www.cardekho.com/used-car-details/used-Renault-kwid-rxl-cars-New-Delhi_5b121ab5-fab8-4547-a8e4-d5057d45ee53.htm
2025 Volvo XC90 B5 AWD Mild hybrid Ultra,2025,8790000.0,5000,Automatic,Petrol,1st Owner,1969.0,,7.0,https://www.cardekho.com/used-car-details/used-Volvo-xc90-b5-awd-mild-hybrid-ultra-cars-New-Delhi_2e64a9ce-7422-461d-bae5-b27371fa6162.htm?adId=31528&adType=41
2025 Hyundai Grand i10 Nios Sportz,2025,660000.0,10000,Automatic,Petrol,1st Owner,1197.0,18.0,5.0,https://www.cardekho.com/used-car-details/used-Hyundai-grand-i10-nios-sportz-cars-New-Delhi_7d80f02f-0ac4-4e0b-b9d6-c108c717b43b.htm
2024 Mahindra Thar LX Convert Top Diesel,2024,1190000.0,38000,Manual,Petrol,1st Owner,2184.0,9.0,4.0,https://www.cardekho.com/used-car-details/used-Mahindra-thar-lx-convert-top-diesel-cars-New-Delhi_7a21fe9c-d4ec-4060-8d27-2ffe6c0ccab9.htm
2022 Kia Seltos HTK Plus G,2022,975000.0,33000,Manual,Petrol,1st Owner,1497.0,16.8,5.0,https://www.cardekho.com/used-car-details/used-Kia-seltos-htk-plus-g-cars-New-Delhi_284153e8-4702-4726-bcf7-d9007b442cdf.htm
2022 Maruti Suzuki Swift VXI BSVI,2022,515000.00000000006,30000,Manual,Petrol,1st Owner,1197.0,22.38,5.0,https://www.cardekho.com/used-car-details/used-Maruti-swift-vxi-bsvi-cars-New-Delhi_81edbee9-6fdc-42a4-a1d2-c6bcf4b5ad60.htm?adId=32104&adType=41
2024 Audi A4 Technology,2024,3490000.0,30000,Automatic,Petrol,1st Owner,1984.0,14.1,5.0,https://www.cardekho.com/used-car-details/used-Audi-a4-technology-cars-New-Delhi_f9fbc9d2-d6c5-41b4-adba-71192d1ecf53.htm
2021 Jeep Compass 1.4 Anniversary Edition DCT 2021-2022,2021,1475000.0,21000,Automatic,Petrol,1st Owner,1368.0,14.1,5.0,https://www.cardekho.com/used-car-details/used-Jeep-compass-14-anniversary-edition-dct-2021-2022-cars-New-Delhi_52be5e47-dcf9-4aed-8b7a-4d8219a94b2d.htm
2022 MG Hector Sharp CVT,2022,1199000.0,15000,Automatic,Petrol,2nd Owner,1451.0,9.0,5.0,https://www.cardekho.com/used-car-details/used-Mg-hector-sharp-cvt-cars-New-Delhi_dbbcb73d-26f5-43fd-a749-dbb4588b965c.htm
2022 Maruti Suzuki Celerio VXI CNG BSVI,2022,450000.0,110000,Automatic,Petrol,1st Owner,998.0,,5.0,https://www.cardekho.com/used-car-details/used-Maruti-celerio-vxi-cng-bsvi-cars-New-Delhi_05c5cb62-ff8d-43ad-9d0a-d6f5072e5e2b.htm?adId=30658&adType=41
2023 Kia Sonet GTX Plus Diesel iMT,2023,869000.0,46324,Automatic,Petrol,2nd Owner,1493.0,,5.0,https://www.cardekho.com/buy-used-car-details/used-Kia-sonet-gtx-plus-diesel-imt-cars-New-Delhi_415f93ca-2c3c-4b69-8beb-8fb53509f979.htm
2025 Mahindra Scorpio N Z2 E,2025,1499000.0,24000,Manual,Petrol,1st Owner,1997.0,12.17,7.0,https://www.cardekho.com/used-car-details/used-Mahindra-scorpio-n-z2-e-cars-New-Delhi_d79a4e7a-47da-4614-98de-be43f6a5799b.htm?adId=30790&adType=41
2023 Tata Nexon XZA Plus AMT BSVI,2023,698000.0,45903,Automatic,Petrol,1st Owner,1199.0,17.05,5.0,https://www.cardekho.com/used-car-details/used-Tata-nexon-xza-plus-amt-bsvi-cars-New-Delhi_fda48386-0155-4b50-a62f-7b972a9a10e6.htm
2022 Hyundai Creta E Diesel BSVI,2022,999000.0,55000,Manual,Petrol,1st Owner,1493.0,,5.0,https://www.cardekho.com/used-car-details/used-Hyundai-creta-e-diesel-bsvi-cars-New-Delhi_5d3df6da-1f2a-41b7-aa3d-7bb19fc0c0d5.htm
2023 Hyundai i20 Asta,2023,745000.0,52000,Automatic,Petrol,1st Owner,1197.0,21.0,5.0,https://www.cardekho.com/used-car-details/used-Hyundai-i20-asta-cars-New-Delhi_2a28944c-9ec5-4108-9bf3-10bd68d79109.htm
2022 Toyota Innova Crysta 2.7 ZX 7 STR AT,2022,1650000.0,84000,Automatic,Petrol,1st Owner,2694.0,,7.0,https://www.cardekho.com/used-car-details/used-Toyota-innova-crysta-27-zx-7-str-at-cars-New-Delhi_659e2afc-241c-41e1-b156-9773a8fe870b.htm?adId=29822&adType=41
2023 Tata Altroz XZ,2024,662000.0,45780,Automatic,Petrol,1st Owner,1199.0,19.33,5.0,https://www.cardekho.com/used-car-details/used-Tata-altroz-xz-cars-New-Delhi_c1e1c078-7848-455a-852a-6cf45c827764.htm
2022 Hyundai Creta EX BSVI,2022,1035000.0,42000,Manual,Petrol,1st Owner,1497.0,,5.0,https://www.cardekho.com/used-car-details/used-Hyundai-creta-ex-bsvi-cars-New-Delhi_543d5994-6606-4219-9009-9735112d7059.htm
2023 Hyundai Grand i10 Nios Sportz,2023,588000.0,8000,Automatic,Petrol,1st Owner,1197.0,20.7,5.0,https://www.cardekho.com/used-car-details/used-Hyundai-grand-i10-nios-sportz-cars-New-Delhi_8134cc34-3258-4b43-a1ee-be6f60b27535.htm
2019 Maruti Suzuki Swift LXI,2019,400000.0,57000,Manual,Petrol,2nd Owner,1197.0,21.21,5.0,https://www.cardekho.com/used-car-details/used-Maruti-swift-lxi-cars-New-Delhi_90af25cc-36ad-408e-b91b-730fbd351969.htm?adId=31294&adType=41
2019 Honda WR-V i-VTEC S,2019,525000.0,43000,Automatic,Petrol,1st Owner,1199.0,17.5,5.0,https://www.cardekho.com/used-car-details/used-Honda-wr-v-i-vtec-s-cars-New-Delhi_b516d37e-b80f-4b50-9179-261ea5fdc94e.htm
2022 Tata Nexon XM S BSVI,2022,645000.0,51000,Manual,Petrol,1st Owner,1199.0,17.33,5.0,https://www.cardekho.com/used-car-details/used-Tata-nexon-xm-s-bsvi-cars-New-Delhi_b74ac515-86f3-4112-a17e-0da06f28836f.htm
2025 Audi Q3 Premium Plus,2025,3700000.0,17000,Automatic,Petrol,1st Owner,1984.0,10.14,5.0,https://www.cardekho.com/used-car-details/used-Audi-q3-premium-plus-cars-New-Delhi_9989aff0-863f-4730-b49e-4ae24524d283.htm
2024 Mahindra Thar LX Hard Top,2024,1300000.0,30000,Manual,Petrol,2nd Owner,1997.0,8.0,4.0,https://www.cardekho.com/used-car-details/used-Mahindra-thar-lx-hard-top-cars-New-Delhi_09f52e41-8928-48a5-9dab-e7870a5c466a.htm?adId=31136&adType=41
2024 Audi Q3 Premium Plus,2024,3600000.0,10000,Automatic,Petrol,1st Owner,1984.0,10.14,5.0,https://www.cardekho.com/used-car-details/used-Audi-q3-premium-plus-cars-New-Delhi_bf6b770e-13ee-4a48-8bbb-74c1fa3e87b9.htm
2023 Mahindra Thar LX 4WD Hard Top AT BSVI,2023,1125000.0,29000,Automatic,Petrol,1st Owner,1997.0,8.0,4.0,https://www.cardekho.com/used-car-details/used-Mahindra-thar-lx-4wd-hard-top-at-bsvi-cars-New-Delhi_f6134fb1-e902-4464-954b-712758b078e4.htm
2016 Mercedes-Benz C-Class C 200 CGI,2017,1600000.0,66000,Automatic,Petrol,2nd Owner,1991.0,,5.0,https://www.cardekho.com/used-car-details/used-Mercedes-benz-c-class-c-200-cgi-cars-New-Delhi_02111a6f-1cfb-4262-939a-50a7d458e3ef.htm
2020 Maruti Suzuki Swift LXI,2020,460000.0,19053,Manual,Petrol,2nd Owner,1197.0,21.21,5.0,https://www.cardekho.com/used-car-details/used-Maruti-swift-lxi-cars-New-Delhi_38ac66e3-610d-4a4e-944b-d8560d6e872a.htm?adId=31216&adType=41
2021 Renault Kiger RXZ Turbo DT,2021,576000.0,38017,Automatic,Petrol,1st Owner,999.0,20.5,5.0,https://www.cardekho.com/buy-used-car-details/used-Renault-kiger-rxz-turbo-dt-cars-New-Delhi_bafdf399-cbc6-42ad-8837-7edfefd803ee.htm
2022 Kia Carnival Limousine,2022,2690000.0,65000,Automatic,Diesel,1st Owner,2199.0,,7.0,https://www.cardekho.com/used-car-details/used-Kia-carnival-limousine-cars-New-Delhi_f8b52919-abf9-4d31-82f8-d62de30cadcb.htm
2023 Tata Nexon Bandipur Edition,2023,755000.0,46617,Manual,Petrol,1st Owner,1199.0,,5.0,https://www.cardekho.com/buy-used-car-details/used-Tata-nexon-bandipur-edition-cars-New-Delhi_4b4bf07a-8648-4397-ada2-893a64555edc.htm
2025 Mercedes-Benz GLE 450 4Matic,2025,9600000.0,30000,Automatic,Petrol,1st Owner,2999.0,,5.0,https://www.cardekho.com/used-car-details/used-Mercedes-benz-gle-450-4matic-cars-New-Delhi_3edf1cdc-b3ca-4bc6-8902-e25f245f4521.htm?adId=32207&adType=41
2022 Mahindra Thar LX 4WD Hard Top AT BSVI,2022,1190000.0,30000,Automatic,Petrol,1st Owner,1997.0,8.0,4.0,https://www.cardekho.com/used-car-details/used-Mahindra-thar-lx-4wd-hard-top-at-bsvi-cars-New-Delhi_d9b287d2-5ce8-4fee-9815-a147d52c7ef9.htm
2023 Skoda Slavia 1.5 TSI Style DSG,2023,1290000.0,27000,Automatic,Petrol,1st Owner,1498.0,19.36,5.0,https://www.cardekho.com/used-car-details/used-Skoda-slavia-15-tsi-style-dsg-cars-New-Delhi_f2a7beef-e9e0-4716-bace-3da4d39490ed.htm
2022 MG Astor Smart CVT BSVI,2022,795000.0,39000,Automatic,Petrol,1st Owner,1498.0,14.82,5.0,https://www.cardekho.com/used-car-details/used-Mg-astor-smart-cvt-bsvi-cars-New-Delhi_7ac2091e-d92f-4fd3-b1af-080987df0b4e.htm
2021 Land Rover Defender 110 X-Dynamic HSE,2021,8700000.0,41000,Automatic,Petrol,1st Owner,1997.0,,7.0,https://www.cardekho.com/used-car-details/used-Land-rover-defender-110-x-dynamic-hse-cars-New-Delhi_8b8d2608-b007-4a85-b12c-4797aa423ad3.htm?adId=27451&adType=41
2020 Honda City V MT,2020,685000.0,65000,Automatic,Petrol,1st Owner,1498.0,18.6,5.0,https://www.cardekho.com/used-car-details/used-Honda-city-v-mt-cars-New-Delhi_45668487-86d7-49c7-8c61-66f0fd67eb7b.htm
2023 Maruti Suzuki Grand Vitara Delta CNG 2 Airbag,2023,1075000.0,18000,Automatic,Petrol,1st Owner,1462.0,,5.0,https://www.cardekho.com/used-car-details/used-Maruti-grand-vitara-delta-cng-2-airbag-cars-New-Delhi_37b1c810-3166-47f8-9294-9ebb3a341355.htm
2022 Mahindra Thar LX 4WD Hard Top Diesel AT BSVI,2022,1499000.0,12500,Automatic,Petrol,1st Owner,2184.0,9.0,4.0,https://www.cardekho.com/used-car-details/used-Mahindra-thar-lx-4wd-hard-top-diesel-at-bsvi-cars-New-Delhi_e6abc541-f0a4-41ab-aff5-04d9649924ec.htm?adId=31025&adType=41
2016 Volkswagen Ameo 1.2 MPI Comfortline,2017,270000.0,76000,Manual,Petrol,1st Owner,1198.0,17.0,5.0,https://www.cardekho.com/used-car-details/used-Volkswagen-ameo-12-mpi-comfortline-cars-New-Delhi_7024938c-cac3-4a82-a939-08c6817cc320.htm
2024 Maruti Suzuki Grand Vitara Alpha Plus Hybrid CVT,2024,1390000.0,21000,Automatic,Petrol,1st Owner,1490.0,27.97,5.0,https://www.cardekho.com/used-car-details/used-Maruti-grand-vitara-alpha-plus-hybrid-cvt-cars-New-Delhi_0cdf21af-9782-40d6-afc2-16effc0cfaf6.htm
2021 Tata Nexon XZ 2020-2022,2021,450000.0,150000,Automatic,Petrol,2nd Owner,1199.0,17.57,5.0,https://www.cardekho.com/used-car-details/used-Tata-nexon-xz-2020-2022-cars-New-Delhi_f692fbef-bec2-41df-bc09-e736634ffa2f.htm?adId=32184&adType=41
2022 Maruti Suzuki Grand Vitara Alpha Plus Hybrid CVT BSVI,2022,1075000.0,26000,Automatic,Petrol,1st Owner,1490.0,27.97,5.0,https://www.cardekho.com/used-car-details/used-Maruti-grand-vitara-alpha-plus-hybrid-cvt-bsvi-cars-New-Delhi_009724cf-e525-48a3-9e20-f4bc2bf529f3.htm
2017 Honda Jazz 1.2 V AT i VTEC,2017,420000.0,65000,Automatic,Petrol,1st Owner,1199.0,19.0,5.0,https://www.cardekho.com/used-car-details/used-Honda-jazz-12-v-at-i-vtec-cars-New-Delhi_d0397ea4-4874-4550-84eb-7a060cfcfebd.htm?adId=28969&adType=41
2023 Tata Tigor XZ Plus,2023,650000.0,52000,Automatic,Petrol,1st Owner,1199.0,19.28,5.0,https://www.cardekho.com/used-car-details/used-Tata-tigor-xz-plus-cars-New-Delhi_64a81d28-30e4-462c-b176-1db40cff4610.htm
2020 Kia Seltos GTX DCT,2020,825000.0,45799,Automatic,Petrol,2nd Owner,1353.0,16.2,5.0,https://www.cardekho.com/used-car-details/used-Kia-seltos-gtx-dct-cars-New-Delhi_290d6563-1dd8-4aa6-ba50-1d7bb5208a74.htm
2018 Maruti Suzuki Wagon R LXI CNG,2018,320000.0,63200,Automatic,Petrol,2nd Owner,998.0,,5.0,https://www.cardekho.com/used-car-details/used-Maruti-wagon-r-lxi-cng-cars-New-Delhi_ae6f21e6-a928-43c8-a353-169dff7bca5b.htm?adId=31746&adType=41
2021 Hyundai Aura S CNG,2021,549000.0,62000,Automatic,Petrol,1st Owner,1197.0,,5.0,https://www.cardekho.com/used-car-details/used-Hyundai-aura-s-cng-cars-New-Delhi_4cbd1208-6bb4-49f4-8d73-9565f8187cd2.htm
2019 Renault KWID RXL,2019,250000.0,51000,Manual,Petrol,1st Owner,799.0,25.17,5.0,https://www.cardekho.com/used-car-details/used-Renault-kwid-rxl-cars-New-Delhi_180a64d1-53f2-4a1a-999a-ae238491fb3e.htm
2021 MG Hector Sharp AT BSIV,2021,1025000.0,52000,Automatic,Petrol,2nd Owner,1451.0,13.96,5.0,https://www.cardekho.com/used-car-details/used-Mg-hector-sharp-at-bsiv-cars-New-Delhi_39e78dd3-d4a6-4cdb-bee4-1ec31d41f099.htm
2024 Hyundai Creta SX (O) iVT,2024,1739999.9999999998,18500,Automatic,Petrol,1st Owner,1497.0,17.7,5.0,https://www.cardekho.com/used-car-details/used-Hyundai-creta-sx-o-ivt-cars-New-Delhi_1f042cfa-37fc-4d46-89f8-0bbbaa2d8355.htm?adId=32198&adType=41
2021 Hyundai Creta SX Opt IVT BSVI,2021,1090000.0,52000,Automatic,Petrol,1st Owner,1497.0,14.0,5.0,https://www.cardekho.com/used-car-details/used-Hyundai-creta-sx-opt-ivt-bsvi-cars-New-Delhi_ca4ee917-acf7-4d8a-9fbb-49dcc8a2ac9d.htm
2015 Mercedes-Benz C-Class C 200 AVANTGARDE,2015,1340000.0,83000,Automatic,Petrol,2nd Owner,1991.0,,5.0,https://www.cardekho.com/used-car-details/used-Mercedes-benz-c-class-c-200-avantgarde-cars-New-Delhi_06c3da4b-b79f-437f-b39b-94ee18e97267.htm
2022 Mahindra Thar LX 4WD Hard Top AT BSVI,2022,1049000.0,50000,Automatic,Petrol,2nd Owner,1997.0,8.0,4.0,https://www.cardekho.com/used-car-details/used-Mahindra-thar-lx-4wd-hard-top-at-bsvi-cars-New-Delhi_5f1901aa-8e4f-432b-ab51-ac083188f358.htm
2019 Mahindra Alturas G4 4X4 AT BSIV,2019,1575000.0,70000,Automatic,Petrol,1st Owner,2157.0,12.05,7.0,https://www.cardekho.com/used-car-details/used-Mahindra-alturas-g4-4x4-at-bsiv-cars-New-Delhi_b3e077fc-c083-41fb-92a6-c72d17bf8f0a.htm?adId=28491&adType=41
2024 Toyota Hyryder S HYBRID,2024,1575000.0,29000,Automatic,Petrol,1st Owner,1490.0,27.97,5.0,https://www.cardekho.com/used-car-details/used-Toyota-hyryder-s-hybrid-cars-New-Delhi_a1ea7f39-ee2c-45b1-a3fe-6b6a63c3a874.htm
2014 Hyundai Grand i10 1.2 Kappa Magna BSIV,2014,235000.0,82646,Manual,Petrol,2nd Owner,1197.0,18.9,5.0,https://www.cardekho.com/used-car-details/used-Hyundai-grand-i10-12-kappa-magna-bsiv-cars-New-Delhi_3ea789d3-5c9e-4cef-a889-20809c4b5698.htm
2017 BMW 3 Series GT M Sport Petrol,2017,1800000.0,70000,Automatic,Petrol,1st Owner,1998.0,,5.0,https://www.cardekho.com/used-car-details/used-Bmw-3-series-gt-m-sport-petrol-cars-New-Delhi_96717c92-fdbb-486c-b36e-ca7b3dad21f6.htm?adId=28046&adType=41
2023 Maruti Suzuki Grand Vitara Sigma BSVI,2023,799000.0,37000,Automatic,Petrol,2nd Owner,1462.0,21.11,5.0,https://www.cardekho.com/used-car-details/used-Maruti-grand-vitara-sigma-bsvi-cars-New-Delhi_e0c5fbc4-199f-4b34-ba5c-d194175ff725.htm
2019 MG Hector Sharp DCT,2019,1095000.0,15000,Automatic,Petrol,1st Owner,1451.0,13.96,5.0,https://www.cardekho.com/used-car-details/used-Mg-hector-sharp-dct-cars-New-Delhi_0198785e-40dc-4fb1-998f-d3f5cbab18e8.htm
2016 Hyundai Grand i10 Sportz,2016,235000.0,65000,Automatic,Petrol,2nd Owner,1197.0,18.9,5.0,https://www.cardekho.com/used-car-details/used-Hyundai-grand-i10-sportz-cars-New-Delhi_9b4abe82-8291-480e-9892-83cfc5c66684.htm
2014 Honda Amaze S i-Vtech,2014,249000.00000000003,68000,Manual,Petrol,1st Owner,1198.0,18.0,5.0,https://www.cardekho.com/used-car-details/used-Honda-amaze-s-i-vtech-cars-New-Delhi_5dba37b5-bc34-4bd2-b5cf-650b1c0bd545.htm?adId=31466&adType=41
2025 Hyundai Venue S Opt Turbo DCT,2025,1125000.0,15885,Automatic,Petrol,1st Owner,998.0,18.31,5.0,https://www.cardekho.com/used-car-details/used-Hyundai-venue-s-opt-turbo-dct-cars-New-Delhi_57b09f4b-291a-4d96-b98c-7b5d75870e21.htm
2019 Volkswagen Polo 1.0 MPI Comfortline,2019,387000.0,103144,Automatic,Petrol,1st Owner,999.0,17.74,5.0,https://www.cardekho.com/used-car-details/used-Volkswagen-polo-10-mpi-comfortline-cars-New-Delhi_583f737d-876f-4968-a2c3-db90ff02fa1e.htm
2023 Toyota Glanza G,2023,550000.0,28342,Automatic,Petrol,1st Owner,1197.0,21.01,5.0,https://www.cardekho.com/used-car-details/used-Toyota-glanza-g-cars-New-Delhi_f7247c74-c532-4d13-84ae-ff618e11650b.htm
2018 Tata Tiago 1.2 Revotron XT,2018,280000.0,60000,Manual,Petrol,2nd Owner,1199.0,23.84,5.0,https://www.cardekho.com/used-car-details/used-Tata-tiago-12-revotron-xt-cars-New-Delhi_7cad073a-a939-470b-96c6-5c9ef34f3680.htm?adId=31116&adType=41
2019 Volkswagen Polo 1.0 MPI Highline Plus,2019,540000.0,40953,Automatic,Petrol,1st Owner,999.0,18.78,5.0,https://www.cardekho.com/used-car-details/used-Volkswagen-polo-10-mpi-highline-plus-cars-New-Delhi_f005bd17-9b27-4c6e-973a-3d7995fe6010.htm
2021 Maruti Suzuki Ciaz Delta BSVI,2021,599000.0,67000,Automatic,Petrol,1st Owner,1462.0,20.65,5.0,https://www.cardekho.com/used-car-details/used-Maruti-ciaz-delta-bsvi-cars-New-Delhi_c3d1e6d1-3386-4bb6-a799-77c138f95b9d.htm
2016 Maruti Suzuki Alto K10 VXI AMT,2016,240000.0,100000,Automatic,Petrol,2nd Owner,998.0,23.95,5.0,https://www.cardekho.com/used-car-details/used-Maruti-alto-k10-vxi-amt-cars-New-Delhi_c6d1f647-03a5-4ef8-89c4-2a9087671170.htm?adId=30288&adType=41
2022 Hyundai i20 Sportz BSVI,2022,575000.0,38000,Automatic,Petrol,1st Owner,1197.0,21.0,5.0,https://www.cardekho.com/used-car-details/used-Hyundai-i20-sportz-bsvi-cars-New-Delhi_8e630d51-ee37-4cce-bb68-454eab01a2e9.htm
2020 Honda Jazz ZX CVT,2020,535000.0,82000,Automatic,Petrol,1st Owner,1199.0,17.1,5.0,https://www.cardekho.com/used-car-details/used-Honda-jazz-zx-cvt-cars-New-Delhi_97c9ca93-d066-44c6-a216-87cd0ead2611.htm
2017 Honda Amaze S Petrol BSIV,2017,228000.0,86219,Automatic,Petrol,1st Owner,1199.0,19.5,5.0,https://www.cardekho.com/buy-used-car-details/used-Honda-amaze-s-petrol-bsiv-cars-New-Delhi_c452aa8b-4885-4dd8-ae67-b59f3877a82c.htm
2014 Hyundai Xcent 1.2 Kappa AT S Option,2015,299000.0,57000,Automatic,Petrol,1st Owner,1197.0,16.9,5.0,https://www.cardekho.com/used-car-details/used-Hyundai-xcent-12-kappa-at-s-option-cars-New-Delhi_067b2806-243b-4749-b9c3-bdfc305fcd62.htm?adId=30252&adType=41
2016 Ford Aspire 1.2 Ti-VCT Titanium Opt,2016,219000.0,51747,Automatic,Petrol,1st Owner,1196.0,18.16,5.0,https://www.cardekho.com/used-car-details/used-Ford-aspire-12-ti-vct-titanium-opt-cars-New-Delhi_357092c0-6cd7-420d-814e-efe711b43463.htm
2016 Hyundai Creta 1.6 VTVT SX Plus,2017,590000.0,63490,Automatic,Petrol,2nd Owner,1591.0,13.0,5.0,https://www.cardekho.com/used-car-details/used-Hyundai-creta-16-vtvt-sx-plus-cars-New-Delhi_b86a61a2-362b-4d09-9bea-4492726a51e0.htm
2017 Maruti Suzuki Wagon R AMT VXI Plus Option,2017,299000.0,56000,Automatic,Petrol,1st Owner,998.0,20.51,5.0,https://www.cardekho.com/used-car-details/used-Maruti-wagon-r-amt-vxi-plus-option-cars-New-Delhi_8910d30e-f6b1-483a-927c-2e7423c430ae.htm?adId=30250&adType=41
2018 Mercedes-Benz GLE 250d,2018,2650000.0,40000,Automatic,Petrol,1st Owner,2143.0,17.9,5.0,https://www.cardekho.com/used-car-details/used-Mercedes-benz-gle-250d-cars-New-Delhi_a7a5760b-124e-4e87-be80-d652443a9099.htm
2018 Maruti Suzuki Baleno 1.2 Delta,2018,425000.0,60056,Automatic,Petrol,1st Owner,1197.0,21.4,5.0,https://www.cardekho.com/used-car-details/used-Maruti-baleno-12-delta-cars-New-Delhi_bf1a361f-6f0d-48b2-bf2d-17444f74c968.htm
2022 Hyundai i20 N-Line N8 DCT,2022,786000.0,25216,Automatic,Petrol,2nd Owner,998.0,20.0,5.0,https://www.cardekho.com/used-car-details/used-Hyundai-i20-n-line-n8-dct-cars-New-Delhi_0401bc06-c0e8-4f28-9f0c-fb4ef7ad1012.htm
2019 Renault KWID 1.0 RXT AMT BSIV,2019,215000.0,27000,Automatic,Petrol,1st Owner,999.0,24.04,5.0,https://www.cardekho.com/used-car-details/used-Renault-kwid-10-rxt-amt-bsiv-cars-New-Delhi_a8467d9b-b6e1-4374-b905-72f0df1415f2.htm?adId=30971&adType=41
2021 Hyundai Creta SX,2021,996000.0,46268,Automatic,Petrol,1st Owner,1497.0,17.0,5.0,https://www.cardekho.com/buy-used-car-details/used-Hyundai-creta-sx-cars-New-Delhi_b6547b46-a0a5-46ee-b678-97ead32ab079.htm
2025 Toyota Innova Hycross ZX(O) Hybrid,2025,3475000.0,18000,Automatic,Petrol,1st Owner,1987.0,,7.0,https://www.cardekho.com/used-car-details/used-Toyota-innova-hycross-zxo-hybrid-cars-New-Delhi_dd68114a-aa9b-4e14-891e-866c6ef2818e.htm
2025 Toyota Rumion G,2025,999000.0,5500,Automatic,Petrol,1st Owner,1462.0,20.51,7.0,https://www.cardekho.com/used-car-details/used-Toyota-rumion-g-cars-New-Delhi_79831d92-c3d5-4081-aa0c-58ad5394aa27.htm
2019 BMW X1 sDrive 20d xLine,2019,1850000.0,47000,Automatic,Petrol,1st Owner,1995.0,20.68,5.0,https://www.cardekho.com/used-car-details/used-Bmw-x1-sdrive-20d-xline-cars-New-Delhi_fee5a2a1-f06f-4633-a47c-42a96fa9bedd.htm?adId=28103&adType=41
2016 Mercedes-Benz GLA Class 200,2016,1500000.0,66000,Automatic,Petrol,3rd Owner,1991.0,,5.0,https://www.cardekho.com/used-car-details/used-Mercedes-benz-gla-class-200-cars-New-Delhi_af04f284-f0fe-45c1-aeae-3ff7bf89560d.htm
2016 Honda Amaze 2nd Gen S,2016,310000.0,32915,Manual,Petrol,1st Owner,1199.0,18.6,5.0,https://www.cardekho.com/used-car-details/used-Honda-amaze-2nd-gen-s-cars-New-Delhi_19360bec-b573-4a35-9aaa-01dc9a42286c.htm
2011 Hyundai i10 Era,2011,80.0,43000,Manual,Petrol,1st Owner,1086.0,19.81,5.0,https://www.cardekho.com/used-car-details/used-Hyundai-i10-era-cars-New-Delhi_2b6bbdc9-e660-4241-82cd-e4cf178b1680.htm?adId=32039&adType=41
2023 Kia Seltos GTX Plus S Turbo DCT,2023,1475000.0,39000,Automatic,Petrol,1st Owner,1482.0,17.9,5.0,https://www.cardekho.com/used-car-details/used-Kia-seltos-gtx-plus-s-turbo-dct-cars-New-Delhi_ea027c96-4df2-49b1-92fc-1296212b6b3d.htm
2017 Mercedes-Benz E-Class E 200 CGI,2017,1689999.9999999998,63000,Automatic,Petrol,2nd Owner,1991.0,,5.0,https://www.cardekho.com/used-car-details/used-Mercedes-benz-e-class-e-200-cgi-cars-New-Delhi_f7fbdd9b-16bf-43bc-bf72-48a4c4140207.htm
2016 Maruti Suzuki Wagon R Stingray LXI,2016,180000.0,120000,Automatic,Petrol,3rd Owner,998.0,20.51,5.0,https://www.cardekho.com/used-car-details/used-Maruti-wagon-r-stingray-lxi-cars-New-Delhi_6dd74aae-43cd-40a3-9df0-c8c7432e3afe.htm?adId=30852&adType=41
2016 Mercedes-Benz C-Class C 200 CGI,2016,1475000.0,40000,Automatic,Petrol,2nd Owner,1991.0,,5.0,https://www.cardekho.com/used-car-details/used-Mercedes-benz-c-class-c-200-cgi-cars-New-Delhi_25f68033-507b-4362-a9fe-55a9a76f2685.htm
2021 Mahindra Thar LX 4WD Hard Top Diesel BSVI,2021,1175000.0,55000,Manual,Petrol,1st Owner,2184.0,15.2,4.0,https://www.cardekho.com/used-car-details/used-Mahindra-thar-lx-4wd-hard-top-diesel-bsvi-cars-New-Delhi_5958e22f-a73c-4c50-94d4-923efa26126b.htm
2012 Hyundai i10 Era,2012,135000.0,103718,Manual,Petrol,2nd Owner,1086.0,19.81,5.0,https://www.cardekho.com/used-car-details/used-Hyundai-i10-era-cars-New-Delhi_d55cc429-3dfc-4f52-82da-bb62bed2fb46.htm?adId=31253&adType=41
2023 Nissan Magnite XV,2023,578000.0,38594,Automatic,Petrol,1st Owner,999.0,19.35,5.0,https://www.cardekho.com/buy-used-car-details/used-Nissan-magnite-xv-cars-New-Delhi_3093ebb7-67d9-4686-84e0-bf54752af6e5.htm
2011 Maruti Suzuki Wagon R VXI BS IV,2011,125000.0,41000,Manual,Petrol,1st Owner,998.0,18.9,5.0,https://www.cardekho.com/used-car-details/used-Maruti-wagon-r-vxi-bs-iv-cars-New-Delhi_511ecbf6-d048-4403-a23a-875d6afb353b.htm?adId=31788&adType=41
2024 Volkswagen Tiguan 2.0 TSI Elegance,2024,2690000.0,30000,Automatic,Petrol,1st Owner,1984.0,12.65,5.0,https://www.cardekho.com/used-car-details/used-Volkswagen-tiguan-20-tsi-elegance-cars-New-Delhi_c0693ef0-a2a3-4666-a03b-aae71291d60a.htm
2024 Kia Seltos HTK Plus IVT,2024,1390000.0,17000,Automatic,Petrol,1st Owner,1497.0,17.7,5.0,https://www.cardekho.com/used-car-details/used-Kia-seltos-htk-plus-ivt-cars-New-Delhi_1a4d5d07-03bf-4997-8f17-8cca80d5073b.htm
2023 Hyundai Creta SX Opt Knight IVT DT BSVI,2023,1175000.0,52000,Automatic,Petrol,1st Owner,1497.0,14.0,5.0,https://www.cardekho.com/used-car-details/used-Hyundai-creta-sx-opt-knight-ivt-dt-bsvi-cars-New-Delhi_f3b49eb5-9e08-482a-ba8d-c27d2bf8bdfa.htm
2019 Hyundai i20 Petrol Spotz,2019,499000.0,57000,Manual,Petrol,1st Owner,1197.0,18.6,5.0,https://www.cardekho.com/used-car-details/used-Hyundai-i20-petrol-spotz-cars-New-Delhi_273c284d-e575-4263-b740-d62153e36acc.htm?adId=28970&adType=41
2019 Mercedes-Benz CLA 200 CDI Sport,2026,2200000.0,17000,Automatic,Petrol,1st Owner,2143.0,,5.0,https://www.cardekho.com/used-car-details/used-Mercedes-benz-cla-200-cdi-sport-cars-New-Delhi_d48d4300-3b72-432d-9f92-f56b72c53efb.htm
2019 Mercedes-Benz GLE 43 AMG Coupe,2019,4590000.0,54000,Automatic,Petrol,2nd Owner,2996.0,,5.0,https://www.cardekho.com/used-car-details/used-Mercedes-benz-gle-43-amg-coupe-cars-New-Delhi_affeb2b5-c2ff-43f8-98d4-d366f1679473.htm
2024 MG Hector Plus Savvy Pro CVT 2023-2025,2024,1475000.0,30000,Automatic,Petrol,1st Owner,1451.0,12.34,6.0,https://www.cardekho.com/used-car-details/used-Mg-hector-plus-savvy-pro-cvt-2023-2025-cars-New-Delhi_b6dc7788-c05b-431d-bba1-7602c13f7323.htm
2017 Honda WR-V i-VTEC VX,2017,465000.00000000006,72000,Automatic,Petrol,2nd Owner,1199.0,17.5,5.0,https://www.cardekho.com/used-car-details/used-Honda-wr-v-i-vtec-vx-cars-New-Delhi_4fe44af1-ac6c-48ae-ab75-2b8b55968b5b.htm?adId=28012&adType=41
2024 MG Astor Sharp Pro CVT,2024,1225000.0,14000,Automatic,Petrol,1st Owner,1498.0,14.82,5.0,https://www.cardekho.com/used-car-details/used-Mg-astor-sharp-pro-cvt-cars-New-Delhi_4f486e63-1e45-46b1-af23-de7b742c89aa.htm
2021 MG Hector Plus Sharp DCT,2021,1150000.0,77000,Automatic,Petrol,1st Owner,1451.0,11.67,6.0,https://www.cardekho.com/used-car-details/used-Mg-hector-plus-sharp-dct-cars-New-Delhi_72d2f00c-3986-4f87-91b7-facead48f1bc.htm
2016 Hyundai Grand i10 Sportz,2016,285000.0,65000,Automatic,Petrol,1st Owner,1197.0,18.9,5.0,https://www.cardekho.com/used-car-details/used-Hyundai-grand-i10-sportz-cars-New-Delhi_cdd42487-258e-4083-8b94-c05aa8fcaa47.htm
2019 Mercedes-Benz E-Class Expression E 200 BSIV,2019,3200000.0,88700,Automatic,Petrol,2nd Owner,1991.0,,5.0,https://www.cardekho.com/used-car-details/used-Mercedes-benz-e-class-expression-e-200-bsiv-cars-New-Delhi_0ae1a802-6edd-4271-bab0-ee8d4738e595.htm?adId=26471&adType=41
2016 Honda BR-V i-VTEC S MT,2016,490000.00000000006,59000,Automatic,Petrol,1st Owner,1497.0,15.4,7.0,https://www.cardekho.com/used-car-details/used-Honda-br-v-i-vtec-s-mt-cars-New-Delhi_0f5ee5a5-17c3-48b2-9837-d735ae082797.htm
2026 Volkswagen Taigun 1.5 GT DSG,2026,1950000.0,1700,Automatic,Petrol,1st Owner,1498.0,18.47,5.0,https://www.cardekho.com/used-car-details/used-Volkswagen-taigun-15-gt-dsg-cars-New-Delhi_b832c980-0479-439c-9aa8-d903e56e92eb.htm
2022 Kia Seltos GTX Plus Diesel AT,2022,1108000.0,77241,Automatic,Petrol,1st Owner,1493.0,19.1,5.0,https://www.cardekho.com/used-car-details/used-Kia-seltos-gtx-plus-diesel-at-cars-New-Delhi_8ca4d360-3c40-4bb1-adeb-7ad84113a6c6.htm
2022 Mercedes-Benz EQS 580 4Matic,2022,8000000.0,30200,Automatic,Petrol,1st Owner,,,5.0,https://www.cardekho.com/used-car-details/used-Mercedes-benz-eqs-580-4matic-cars-New-Delhi_7da35643-e10f-49b0-afd0-e5c8ed1afb45.htm?adId=29497&adType=41
2025 Maruti Suzuki Grand Vitara Delta Plus Hybrid CVT,2025,1490000.0,6000,Automatic,Petrol,1st Owner,1490.0,27.97,5.0,https://www.cardekho.com/used-car-details/used-Maruti-grand-vitara-delta-plus-hybrid-cvt-cars-New-Delhi_b7356bca-257e-4794-af16-57ae6ae2a34b.htm
2020 MG Hector Sharp DCT,2020,886000.0,30959,Automatic,Petrol,1st Owner,1451.0,13.96,5.0,https://www.cardekho.com/used-car-details/used-Mg-hector-sharp-dct-cars-New-Delhi_6dbff5e8-48bf-4435-a60d-1b458895ad81.htm
2023 BMW iX xDrive40,2023,6500000.0,23000,Automatic,Petrol,1st Owner,,,5.0,https://www.cardekho.com/used-car-details/used-Bmw-ix-xdrive40-cars-New-Delhi_0ac4d7c5-1bbe-48b2-a172-d0fc328595a7.htm?adId=31530&adType=41
2021 Mercedes-Benz AMG GLC 43 4MATIC Coupe BSVI,2021,5275000.0,48000,Automatic,Petrol,1st Owner,2996.0,,5.0,https://www.cardekho.com/used-car-details/used-Mercedes-benz-amg-glc-43-4matic-coupe-bsvi-cars-New-Delhi_e61b40ab-469b-4e69-bab4-44b2ccdcc5ac.htm
2022 Nissan Magnite XV BSVI,2022,368000.0,75355,Automatic,Petrol,1st Owner,999.0,18.75,5.0,https://www.cardekho.com/used-car-details/used-Nissan-magnite-xv-bsvi-cars-New-Delhi_312e99fa-5f53-465e-b661-c89e9d8a667a.htm
2025 Mercedes-Benz G-Class Electric G 580,2025,24500000.0,20000,Automatic,Petrol,1st Owner,,,5.0,https://www.cardekho.com/used-car-details/used-Mercedes-benz-g-class-electric-g-580-cars-New-Delhi_febbfeca-04ae-4a4c-8e57-ba64d211923a.htm?adId=31527&adType=41
2018 Mahindra TUV 300 T8,2018,510000.0,123000,Manual,Diesel,2nd Owner,1493.0,18.49,7.0,https://www.cardekho.com/used-car-details/used-Mahindra-tuv-300-t8-cars-New-Delhi_075fa29e-eda1-40b1-b6a3-4fc3f1bbf953.htm
2024 MG Astor Select CVT,2024,855000.0000000001,49289,Automatic,Petrol,1st Owner,1498.0,14.82,5.0,https://www.cardekho.com/used-car-details/used-Mg-astor-select-cvt-cars-New-Delhi_5f84c48a-6c44-4a4c-a6f3-06fd3f6f0e5f.htm
2020 Hyundai Venue SX Turbo,2020,600000.0,48000,Automatic,Petrol,1st Owner,998.0,18.27,5.0,https://www.cardekho.com/used-car-details/used-Hyundai-venue-sx-turbo-cars-New-Delhi_37143517-9957-4083-9cc7-507a2fa15916.htm
2024 Mercedes-Benz GLE 300d 4Matic,2024,8100000.0,36800,Automatic,Petrol,1st Owner,1993.0,,5.0,https://www.cardekho.com/used-car-details/used-Mercedes-benz-gle-300d-4matic-cars-New-Delhi_51718274-c627-43e8-919d-8cd0224cd288.htm?adId=26998&adType=41
2019 Maruti Suzuki Baleno Alpha CVT,2019,495000.0,25000,Automatic,Petrol,2nd Owner,1197.0,19.56,5.0,https://www.cardekho.com/used-car-details/used-Maruti-baleno-alpha-cvt-cars-New-Delhi_8d725e7c-023c-4756-87e1-5fa3de576caf.htm
2016 Mercedes-Benz GLE 250d,2016,1990000.0,90000,Automatic,Petrol,1st Owner,2143.0,17.9,5.0,https://www.cardekho.com/used-car-details/used-Mercedes-benz-gle-250d-cars-New-Delhi_15891ea4-275b-4be9-8dca-8da530f53553.htm
2016 Honda Amaze 2nd Gen S,2016,293000.0,121542,Manual,Petrol,1st Owner,1199.0,18.6,5.0,https://www.cardekho.com/used-car-details/used-Honda-amaze-2nd-gen-s-cars-New-Delhi_e0fdee03-392b-4424-932c-95149b056e59.htm
2024 Mercedes-Benz GLS 450d 4matic,2024,11200000.000000002,24500,Automatic,Petrol,1st Owner,2925.0,12.0,7.0,https://www.cardekho.com/used-car-details/used-Mercedes-benz-gls-450d-4matic-cars-New-Delhi_0fd81415-e103-4dd4-be00-d6bab8db444e.htm?adId=26880&adType=41
2022 Toyota Innova Crysta 2.7 GX 7 STR,2022,1750000.0,41000,Manual,Petrol,1st Owner,2694.0,,7.0,https://www.cardekho.com/used-car-details/used-Toyota-innova-crysta-27-gx-7-str-cars-New-Delhi_4df2497a-f93b-43b8-9814-466772a1146f.htm?adId=28020&adType=41
2021 Tata Nexon XZA Plus AMT BSVI,2021,590000.0,45906,Automatic,Petrol,1st Owner,1199.0,17.05,5.0,https://www.cardekho.com/used-car-details/used-Tata-nexon-xza-plus-amt-bsvi-cars-New-Delhi_de225d61-8d6f-4607-8f77-8e7f6281d1d3.htm
2020 Kia Seltos HTX G,2020,780000.0,74399,Automatic,Petrol,1st Owner,1497.0,16.8,5.0,https://www.cardekho.com/used-car-details/used-Kia-seltos-htx-g-cars-New-Delhi_3b0c9d87-9021-4e3b-ab5c-dd2c9f28e41b.htm
2021 BMW 5 Series 530i M Sport,2021,4600000.0,37400,Automatic,Petrol,1st Owner,1998.0,,5.0,https://www.cardekho.com/used-car-details/used-Bmw-5-series-530i-m-sport-cars-New-Delhi_c683d721-e110-4efa-a22c-ef67ba1b211e.htm?adId=26469&adType=41
2021 Honda City ZX CVT,2021,1050000.0,52365,Automatic,Petrol,1st Owner,1498.0,18.3,5.0,https://www.cardekho.com/used-car-details/used-Honda-city-zx-cvt-cars-New-Delhi_982411cf-f05c-470b-88b1-c271811a55a1.htm
2022 Mahindra Thar LX 4WD Convert Top Diesel AT BSVI,2023,1300000.0,14000,Automatic,Petrol,1st Owner,2184.0,9.0,4.0,https://www.cardekho.com/used-car-details/used-Mahindra-thar-lx-4wd-convert-top-diesel-at-bsvi-cars-New-Delhi_9be7b51b-b6b7-4008-88a5-9269c07c8038.htm?adId=28669&adType=41
2016 Volkswagen Ameo 1.2 MPI Highline,2016,325000.0,51000,Automatic,Petrol,1st Owner,1198.0,17.0,5.0,https://www.cardekho.com/used-car-details/used-Volkswagen-ameo-12-mpi-highline-cars-New-Delhi_1a495956-f1e3-46c3-be9d-704ebc1faa2c.htm
2019 Mercedes-Benz C-Class Progressive C 200,2019,2490000.0,35000,Automatic,Petrol,1st Owner,1950.0,,5.0,https://www.cardekho.com/used-car-details/used-Mercedes-benz-c-class-progressive-c-200-cars-New-Delhi_9551e861-ad23-4e0a-88d9-01ef9f5bc539.htm
2021 Kia Carnival Limousine Plus,2021,2100000.0,103000,Automatic,Diesel,1st Owner,2199.0,,7.0,https://www.cardekho.com/used-car-details/used-Kia-carnival-limousine-plus-cars-New-Delhi_d77c9ba6-3f8d-42ab-b2da-c5f20701fd6a.htm
2017 Toyota Innova Crysta 2.4 G MT BSIV,2017,1025000.0,55000,Manual,Petrol,1st Owner,2393.0,,7.0,https://www.cardekho.com/used-car-details/used-Toyota-innova-crysta-24-g-mt-bsiv-cars-New-Delhi_4e5b72d6-9f82-4bb2-affb-b6d3525f6152.htm?adId=27207&adType=41
2023 Skoda Slavia 1.5 TSI Style DSG,2023,1090000.0,84000,Automatic,Petrol,1st Owner,1498.0,19.36,5.0,https://www.cardekho.com/used-car-details/used-Skoda-slavia-15-tsi-style-dsg-cars-New-Delhi_a690525d-aa3a-4234-b9a1-9ed83c05279b.htm
2019 Jeep Compass Trailhawk,2019,1199000.0,73640,Automatic,Petrol,1st Owner,1956.0,16.3,5.0,https://www.cardekho.com/used-car-details/used-Jeep-compass-trailhawk-cars-New-Delhi_d9f50039-1bf8-4319-9c31-d968bdea9153.htm
2018 Hyundai Grand i10 1.2 Kappa Magna AT,2018,425000.0,53000,Automatic,Petrol,1st Owner,1197.0,18.9,5.0,https://www.cardekho.com/used-car-details/used-Hyundai-grand-i10-12-kappa-magna-at-cars-New-Delhi_a9a1841e-123a-498a-b3eb-53ca17b36d8a.htm
2020 Toyota Innova Crysta 2.7 ZX AT,2020,1390000.0,119000,Automatic,Petrol,1st Owner,2694.0,,7.0,https://www.cardekho.com/used-car-details/used-Toyota-innova-crysta-27-zx-at-cars-New-Delhi_06df0be0-2cbb-4336-a02c-25d07fcccfdb.htm
2021 Hyundai Creta EX Diesel BSVI,2021,880000.0000000001,48000,Manual,Petrol,1st Owner,1493.0,,5.0,https://www.cardekho.com/used-car-details/used-Hyundai-creta-ex-diesel-bsvi-cars-New-Delhi_0bbc6893-87fe-4902-81f4-e0aef771ed06.htm
2022 Mercedes-Benz GLC 200,2022,4500000.0,38000,Automatic,Petrol,1st Owner,1991.0,,5.0,https://www.cardekho.com/used-car-details/used-Mercedes-benz-glc-200-cars-New-Delhi_ec7e6380-c4a2-4cd6-ba53-bf151f9a3aed.htm?adId=21542&adType=41
2017 Toyota Innova Crysta 2.8 ZX AT BSIV,2017,1300000.0,125000,Automatic,Petrol,1st Owner,2755.0,,7.0,https://www.cardekho.com/used-car-details/used-Toyota-innova-crysta-28-zx-at-bsiv-cars-New-Delhi_bd3ad07e-25cd-4837-8657-6933bdbbdf50.htm
2021 Mercedes-Benz E-Class Exclusive E 200,2021,4950000.0,20000,Automatic,Petrol,1st Owner,1991.0,,5.0,https://www.cardekho.com/used-car-details/used-Mercedes-benz-e-class-exclusive-e-200-cars-New-Delhi_d05dd6c1-3cb3-41ae-bf5c-dc8ddc1c816f.htm?adId=21962&adType=41
2019 Tata Tigor XZ Plus,2019,390000.0,57000,Automatic,Petrol,1st Owner,1199.0,20.3,5.0,https://www.cardekho.com/used-car-details/used-Tata-tigor-xz-plus-cars-New-Delhi_5cf60d3e-1e1d-4b65-a825-2bf0a9ad1a44.htm
2021 MG Hector Plus Sharp CVT,2021,1100000.0,58000,Automatic,Petrol,1st Owner,1451.0,16.56,6.0,https://www.cardekho.com/used-car-details/used-Mg-hector-plus-sharp-cvt-cars-New-Delhi_5bcdf298-4f92-4795-898d-c3947ea4b845.htm
2014 Ford Ecosport 1.0 Ecoboost Titanium,2014,276000.0,66700,Automatic,Petrol,2nd Owner,999.0,18.88,5.0,https://www.cardekho.com/used-car-details/used-Ford-ecosport-10-ecoboost-titanium-cars-New-Delhi_b450a83a-9649-4e6b-af73-f2ac60a5500e.htm?adId=25946&adType=41
2023 Volkswagen Taigun 1.5 TSI GT Plus DSG,2023,1099000.0,49000,Automatic,Petrol,1st Owner,1498.0,17.88,5.0,https://www.cardekho.com/used-car-details/used-Volkswagen-taigun-15-tsi-gt-plus-dsg-cars-New-Delhi_30113161-9e1a-4037-9c39-f7363462390b.htm
2017 Mercedes-Benz GLC 220d 4MATIC Style,2018,1750000.0,70000,Automatic,Petrol,1st Owner,2143.0,,5.0,https://www.cardekho.com/used-car-details/used-Mercedes-benz-glc-220d-4matic-style-cars-New-Delhi_06e48bd4-6780-4bd2-be3b-7ed8399410ba.htm
2023 Tata Safari XT Plus BSVI,2023,1475000.0,48000,Automatic,Diesel,1st Owner,1956.0,16.14,7.0,https://www.cardekho.com/used-car-details/used-Tata-safari-xt-plus-bsvi-cars-New-Delhi_c302eff4-032f-4e84-9b1d-d51257bf5e96.htm?adId=24410&adType=41
2022 Audi A4 Technology BSVI,2022,2790000.0,16000,Automatic,Petrol,2nd Owner,1998.0,,5.0,https://www.cardekho.com/used-car-details/used-Audi-a4-technology-bsvi-cars-New-Delhi_9babca25-ccaa-4b60-963a-d0b078904f43.htm
2017 Honda Jazz 1.2 S i VTEC,2017,345000.0,62000,Automatic,Petrol,1st Owner,1199.0,18.7,5.0,https://www.cardekho.com/used-car-details/used-Honda-jazz-12-s-i-vtec-cars-New-Delhi_6ead553b-3e8d-4a0a-8ad1-850078b5f130.htm?adId=26003&adType=41
2025 Mercedes-Benz GLE 450 4Matic,2025,9700000.0,12000,Automatic,Petrol,1st Owner,2999.0,,5.0,https://www.cardekho.com/used-car-details/used-Mercedes-benz-gle-450-4matic-cars-New-Delhi_1685a233-0b43-4227-b512-1ae917fda2f8.htm
2014 Maruti Suzuki Ertiga VXI,2015,350000.0,65000,Manual,Petrol,1st Owner,1373.0,16.02,7.0,https://www.cardekho.com/used-car-details/used-Maruti-ertiga-vxi-cars-New-Delhi_62b1b118-8806-4f08-a218-e2cbd00c7d95.htm?adId=25955&adType=41
2023 Maruti Suzuki Grand Vitara Zeta AT,2023,1150000.0,55000,Automatic,Petrol,1st Owner,1462.0,20.58,5.0,https://www.cardekho.com/used-car-details/used-Maruti-grand-vitara-zeta-at-cars-New-Delhi_9fbf425b-cdbd-445d-a33f-7f1c0456bfd5.htm
2025 Mahindra XUV700 AX5 7 Str AT,2025,1900000.0,15000,Automatic,Petrol,1st Owner,1999.0,13.0,7.0,https://www.cardekho.com/used-car-details/used-Mahindra-xuv700-ax5-7-str-at-cars-New-Delhi_a88e2658-6e38-4c30-aa00-162c398d53d2.htm
2015 Hyundai Creta 1.6 VTVT S,2015,476000.0,74000,Manual,Petrol,1st Owner,1591.0,15.29,5.0,https://www.cardekho.com/used-car-details/used-Hyundai-creta-16-vtvt-s-cars-New-Delhi_f4382d89-4ece-49e1-80d5-7c0ef01cf1c9.htm?adId=26004&adType=41
2021 Tata Safari XT Plus BSVI,2022,1125000.0,42000,Automatic,Diesel,1st Owner,1956.0,16.14,7.0,https://www.cardekho.com/used-car-details/used-Tata-safari-xt-plus-bsvi-cars-New-Delhi_3de87a22-cb54-48f7-bc81-861c8e52fd18.htm
2015 Ford Ecosport 1.5 Ti VCT MT Titanium,2015,296000.0,67000,Automatic,Petrol,2nd Owner,1499.0,15.8,5.0,https://www.cardekho.com/used-car-details/used-Ford-ecosport-15-ti-vct-mt-titanium-cars-New-Delhi_c6cbb6c6-6ccc-46cb-8316-0e154e268238.htm?adId=26002&adType=41
2022 Mahindra XUV700 AX7 AT Luxury Pack BSVI,2022,1590000.0,63000,Automatic,Petrol,1st Owner,1999.0,11.0,7.0,https://www.cardekho.com/used-car-details/used-Mahindra-xuv700-ax7-at-luxury-pack-bsvi-cars-New-Delhi_815ca5c2-7fe8-4a0f-84f9-3f711cfb1f67.htm
2019 Ford Endeavour Titanium Plus 4X2,2019,1725000.0,125000,Automatic,Diesel,1st Owner,2198.0,14.2,7.0,https://www.cardekho.com/used-car-details/used-Ford-endeavour-titanium-plus-4x2-cars-New-Delhi_29cc26ef-5fab-413e-b133-f2832737773d.htm
2025 Toyota Innova Hycross VX 7STR Hybrid,2025,2900000.0,14000,Automatic,Petrol,1st Owner,1987.0,,7.0,https://www.cardekho.com/used-car-details/used-Toyota-innova-hycross-vx-7str-hybrid-cars-New-Delhi_6c47e779-9a88-40a6-a6ab-5088c275fda7.htm
2014 Honda City i VTEC SV,2014,296000.0,65000,Automatic,Petrol,1st Owner,1497.0,17.4,5.0,https://www.cardekho.com/used-car-details/used-Honda-city-i-vtec-sv-cars-New-Delhi_cfb7a849-0dae-473f-84a0-d05549559d91.htm?adId=25954&adType=41
2016 Audi Q7 45 TDI Quattro Premium Plus,2016,2275000.0,80000,Automatic,Petrol,1st Owner,2967.0,14.75,7.0,https://www.cardekho.com/used-car-details/used-Audi-q7-45-tdi-quattro-premium-plus-cars-New-Delhi_24db93c9-021c-439a-a949-c02e6c00a658.htm?adId=24127&adType=41
2022 Tata Altroz XZA Plus DCT BSVI,2023,670000.0,49000,Automatic,Petrol,1st Owner,1199.0,18.5,5.0,https://www.cardekho.com/used-car-details/used-Tata-altroz-xza-plus-dct-bsvi-cars-New-Delhi_caebff8f-417b-4c7d-b772-f40b0d5577f3.htm
2013 Ford Ecosport 1.0 Ecoboost Titanium Optional,2013,276000.0,60000,Automatic,Petrol,1st Owner,999.0,18.88,5.0,https://www.cardekho.com/used-car-details/used-Ford-ecosport-10-ecoboost-titanium-optional-cars-New-Delhi_e70bd881-62f5-4470-8eab-c4d23a33a4df.htm?adId=25999&adType=41
2024 Toyota Innova Hycross ZX Hybrid,2024,3350000.0,27000,Automatic,Petrol,1st Owner,1987.0,,7.0,https://www.cardekho.com/used-car-details/used-Toyota-innova-hycross-zx-hybrid-cars-New-Delhi_13a8cba2-88db-4457-80fa-68974d94300b.htm
2022 Hyundai Alcazar Platinum (O) Turbo DCT,2022,1445000.0,40000,Automatic,Petrol,1st Owner,1482.0,18.8,6.0,https://www.cardekho.com/used-car-details/used-Hyundai-alcazar-platinum-o-turbo-dct-cars-New-Delhi_5672b854-0942-4fc5-9388-1dadb97870a1.htm?adId=24135&adType=41
2023 Maruti Suzuki Grand Vitara Zeta AT,2023,1250000.0,23000,Automatic,Petrol,1st Owner,1462.0,20.58,5.0,https://www.cardekho.com/used-car-details/used-Maruti-grand-vitara-zeta-at-cars-New-Delhi_f9551d92-2c0b-4b6c-a4e5-1ee062deabba.htm
2015 Honda Mobilio S i-VTEC,2015,340000.0,78000,Manual,Petrol,2nd Owner,1497.0,17.3,7.0,https://www.cardekho.com/used-car-details/used-Honda-mobilio-s-i-vtec-cars-New-Delhi_ffe8df22-d042-4a87-9c67-b5e45facbdcb.htm
2021 Tata Harrier XTA Plus AT BSVI,2021,990000.0,71000,Automatic,Diesel,1st Owner,1956.0,14.6,5.0,https://www.cardekho.com/used-car-details/used-Tata-harrier-xta-plus-at-bsvi-cars-New-Delhi_cae31b2a-ab76-4be3-8a70-0380c148b4e5.htm
2022 Hyundai Grand i10 Nios Sportz CNG,2026,575000.0,61000,Automatic,Petrol,1st Owner,1197.0,,5.0,https://www.cardekho.com/used-car-details/used-Hyundai-grand-i10-nios-sportz-cng-cars-New-Delhi_450f44b3-cbc1-49e4-b25c-e4327d3fca73.htm?adId=28017&adType=41
2021 Hyundai Creta E Diesel BSVI,2021,875000.0,76000,Manual,Petrol,1st Owner,1493.0,,5.0,https://www.cardekho.com/used-car-details/used-Hyundai-creta-e-diesel-bsvi-cars-New-Delhi_c922627a-09e0-4d8a-884a-c7eba531ba0e.htm
2019 Mercedes-Benz S-Class S 350 d,2019,6000000.0,37000,Automatic,Petrol,1st Owner,2925.0,,5.0,https://www.cardekho.com/used-car-details/used-Mercedes-benz-s-class-s-350-d-cars-New-Delhi_84ec58c9-97af-4888-a2cb-fb0a6df40d9b.htm?adId=21532&adType=41
2023 Toyota Innova Hycross GX 7STR,2023,1975000.0,31000,Automatic,Petrol,1st Owner,1987.0,,7.0,https://www.cardekho.com/used-car-details/used-Toyota-innova-hycross-gx-7str-cars-New-Delhi_18914e7b-4db5-4df3-93c7-d380f82e853d.htm
2020 Volvo XC60 Inscription D5,2020,3900000.0,43500,Automatic,Petrol,1st Owner,1969.0,,5.0,https://www.cardekho.com/used-car-details/used-Volvo-xc60-inscription-d5-cars-New-Delhi_48311124-437f-4a0f-a583-96b0a62f4785.htm?adId=21530&adType=41
2022 Toyota Innova Crysta 2.4 G 7 STR,2022,1775000.0,69000,Manual,Diesel,1st Owner,2393.0,,7.0,https://www.cardekho.com/used-car-details/used-Toyota-innova-crysta-24-g-7-str-cars-New-Delhi_3391c1da-eb04-4f76-a4ad-7e9b3dceb393.htm?adId=26312&adType=41
2019 Mercedes-Benz E-Class Expression E 200 BSIV,2019,3800000.0,32000,Automatic,Petrol,2nd Owner,1991.0,,5.0,https://www.cardekho.com/used-car-details/used-Mercedes-benz-e-class-expression-e-200-bsiv-cars-New-Delhi_c8f4c617-ba55-47ba-b8ec-9b53b6161be0.htm?adId=21546&adType=41
2013 Ford Figo Petrol Titanium,2013,130000.0,75600,Manual,Petrol,2nd Owner,1196.0,15.6,5.0,https://www.cardekho.com/used-car-details/used-Ford-figo-petrol-titanium-cars-New-Delhi_985fa750-18f6-464d-bb2e-83b6d34d720b.htm?adId=26007&adType=41
2016 Mercedes-Benz E-Class E 200 CGI,2016,1390000.0,65000,Automatic,Petrol,1st Owner,1991.0,,5.0,https://www.cardekho.com/used-car-details/used-Mercedes-benz-e-class-e-200-cgi-cars-New-Delhi_cf92098a-0b9f-44a0-ab92-64d309371d5a.htm
2022 Audi A4 Premium Plus BSVI,2022,2890000.0,20000,Automatic,Petrol,1st Owner,1998.0,,5.0,https://www.cardekho.com/used-car-details/used-Audi-a4-premium-plus-bsvi-cars-New-Delhi_f9ece7f5-8a16-4770-908b-155ede5d2c74.htm
2016 Mahindra KUV 100 mFALCON G80 K4 Plus,2016,229000.0,55000,Manual,Petrol,1st Owner,1198.0,18.15,6.0,https://www.cardekho.com/used-car-details/used-Mahindra-kuv-100-mfalcon-g80-k4-plus-cars-New-Delhi_4dedba46-d3f5-48fe-bb15-591d68e5828b.htm?adId=25961&adType=41
2023 MG Gloster Savvy 4x4 7Str,2023,2890000.0,48000,Automatic,Diesel,1st Owner,1996.0,10.0,7.0,https://www.cardekho.com/used-car-details/used-Mg-gloster-savvy-4x4-7str-cars-New-Delhi_8471cf8b-4d12-4e5d-a006-0bbc2096dbb7.htm
2024 Hyundai Creta E,2024,1190000.0,17000,Manual,Petrol,1st Owner,1497.0,17.4,5.0,https://www.cardekho.com/used-car-details/used-Hyundai-creta-e-cars-New-Delhi_f8e39bc2-2d70-433d-99b2-779047a15599.htm
2018 Mercedes-Benz E-Class Exclusive E 200 BSIV,2018,2590000.0,55000,Automatic,Petrol,1st Owner,1991.0,,5.0,https://www.cardekho.com/used-car-details/used-Mercedes-benz-e-class-exclusive-e-200-bsiv-cars-New-Delhi_dbc4703b-5b29-4647-a681-ae5d34c3735a.htm
2012 Ford Figo Petrol EXI,2012,130000.0,66000,Manual,Petrol,1st Owner,1196.0,15.6,5.0,https://www.cardekho.com/used-car-details/used-Ford-figo-petrol-exi-cars-New-Delhi_bc89e88e-7727-4515-86b7-731f84403771.htm?adId=25951&adType=41
2025 Mahindra Thar LXT 4WD AT,2026,1425000.0,8053,Automatic,Petrol,1st Owner,1997.0,8.0,4.0,https://www.cardekho.com/used-car-details/used-Mahindra-thar-lxt-4wd-at-cars-New-Delhi_976c3084-2717-41a5-a480-95ce33ff78aa.htm
2019 Hyundai Grand i10 1.2 Kappa Sportz Option AT,2019,399000.0,51000,Automatic,Petrol,2nd Owner,1197.0,18.9,5.0,https://www.cardekho.com/used-car-details/used-Hyundai-grand-i10-12-kappa-sportz-option-at-cars-New-Delhi_d8ca2a06-c065-4718-90bc-a3142e6b0057.htm
2018 Mercedes-Benz E-Class Expression E 200 BSIV,2018,2750000.0,67000,Automatic,Petrol,1st Owner,1991.0,,5.0,https://www.cardekho.com/used-car-details/used-Mercedes-benz-e-class-expression-e-200-bsiv-cars-New-Delhi_f4bde718-9971-4f12-a468-4df3b1f726d4.htm
2025 Mahindra XUV700 AX7L 7Str AT,2025,1975000.0,25000,Automatic,Petrol,1st Owner,1999.0,13.0,7.0,https://www.cardekho.com/used-car-details/used-Mahindra-xuv700-ax7l-7str-at-cars-New-Delhi_d1d0c893-c7e6-4907-8d49-e6266dd38174.htm
2016 Mercedes-Benz GLE Coupe,2016,2450000.0,109000,Automatic,Petrol,2nd Owner,2996.0,,5.0,https://www.cardekho.com/used-car-details/used-Mercedes-benz-gle-coupe-cars-New-Delhi_bb7ebf05-8064-4e23-aafc-9771c8b0ec5f.htm
2022 Mercedes-Benz E-Class Exclusive E 200 BSVI,2022,5175000.0,22000,Automatic,Petrol,1st Owner,1991.0,,5.0,https://www.cardekho.com/used-car-details/used-Mercedes-benz-e-class-exclusive-e-200-bsvi-cars-New-Delhi_bb0fe923-e001-43fb-8585-828ee078ff34.htm
2018 Hyundai Creta SX Premium iVT DT,2018,631000.0,108275,Automatic,Petrol,1st Owner,1497.0,17.7,5.0,https://www.cardekho.com/used-car-details/used-Hyundai-creta-sx-premium-ivt-dt-cars-New-Delhi_dfe76705-82c1-436a-b6e0-436ecda4588f.htm
2022 Toyota Innova Crysta 2.4 ZX 7 STR AT,2022,2375000.0,45000,Automatic,Petrol,1st Owner,2393.0,,7.0,https://www.cardekho.com/used-car-details/used-Toyota-innova-crysta-24-zx-7-str-at-cars-New-Delhi_335db2dd-c63a-436b-ad94-30768fee1c77.htm
2015 Honda City i VTEC V,2015,490000.00000000006,46000,Automatic,Petrol,1st Owner,1497.0,17.4,5.0,https://www.cardekho.com/used-car-details/used-Honda-city-i-vtec-v-cars-New-Delhi_0f20c10c-679f-4ecf-bf57-dce5de42f334.htm
2018 Ford Figo 1.2P Ambiente MT,2018,255000.0,48000,Manual,Petrol,1st Owner,1196.0,18.16,5.0,https://www.cardekho.com/used-car-details/used-Ford-figo-12p-ambiente-mt-cars-New-Delhi_540e39a7-5c9e-461c-aa52-48abd355af34.htm?adId=25957&adType=41
2022 Mahindra XUV700 AX5 5Str,2022,1197000.0,46335,Automatic,Petrol,1st Owner,1999.0,15.0,5.0,https://www.cardekho.com/buy-used-car-details/used-Mahindra-xuv700-ax5-5str-cars-New-Delhi_5d38923f-f5f6-4f7e-a0ff-1c6370795f1e.htm
2017 Toyota Fortuner 2.7 2WD MT BSIV,2017,1850000.0,124000,Automatic,Petrol,1st Owner,2694.0,10.01,7.0,https://www.cardekho.com/used-car-details/used-Toyota-fortuner-27-2wd-mt-bsiv-cars-New-Delhi_da12c0aa-fcdd-4dd1-9c23-4848da21a075.htm
2011 Hyundai i20 1.2 Asta,2011,138000.0,69800,Manual,Petrol,2nd Owner,1197.0,17.0,5.0,https://www.cardekho.com/used-car-details/used-Hyundai-i20-12-asta-cars-New-Delhi_b6b46439-8c1a-4357-a14a-9f384596b49a.htm?adId=26000&adType=41
2019 Kia Seltos HTK G,2019,645000.0,68000,Manual,Petrol,1st Owner,1497.0,16.8,5.0,https://www.cardekho.com/used-car-details/used-Kia-seltos-htk-g-cars-New-Delhi_b49a8bea-7897-4532-92ce-712a3ae3d8e2.htm
2015 Hyundai i10 Magna 1.2 iTech SE,2015,240000.0,68000,Manual,Petrol,2nd Owner,1197.0,20.36,5.0,https://www.cardekho.com/used-car-details/used-Hyundai-i10-magna-12-itech-se-cars-New-Delhi_c5bb511d-beca-49ea-958b-4b44bdae5950.htm
2014 Fiat Punto 1.2 Active,2026,145000.0,60000,Manual,Petrol,1st Owner,1172.0,15.7,5.0,https://www.cardekho.com/used-car-details/used-Fiat-punto-12-active-cars-New-Delhi_f840966c-c011-4750-a0dc-938795a29a60.htm?adId=25956&adType=41
2022 Kia Sonet HTK Plus Turbo iMT BSVI,2022,612000.0,47101,Automatic,Petrol,1st Owner,998.0,18.2,5.0,https://www.cardekho.com/used-car-details/used-Kia-sonet-htk-plus-turbo-imt-bsvi-cars-New-Delhi_8e20acd7-c672-4a82-9767-00bbd2591f2a.htm
2018 Honda Brio 1.2 E MT,2018,310000.0,48000,Automatic,Petrol,1st Owner,1198.0,18.5,5.0,https://www.cardekho.com/used-car-details/used-Honda-brio-12-e-mt-cars-New-Delhi_7eb8f906-bb2e-4075-a786-4f73e9d62479.htm
2012 Honda Jazz S,2012,149000.0,65330,Manual,Petrol,2nd Owner,1198.0,16.0,5.0,https://www.cardekho.com/used-car-details/used-Honda-jazz-s-cars-New-Delhi_158bebbc-9d47-41a3-a4e7-55e09bf966e1.htm?adId=25948&adType=41
2019 Renault Triber RXZ BSIV,2019,350000.0,38000,Automatic,Petrol,1st Owner,999.0,20.0,7.0,https://www.cardekho.com/used-car-details/used-Renault-triber-rxz-bsiv-cars-New-Delhi_007e9dbb-3aab-44a8-90c9-09fb076ed06d.htm
2017 Hyundai Creta 1.6 VTVT AT SX Plus,2017,599000.0,58600,Automatic,Petrol,1st Owner,1591.0,13.0,5.0,https://www.cardekho.com/used-car-details/used-Hyundai-creta-16-vtvt-at-sx-plus-cars-New-Delhi_d50f5cf9-5519-4d45-8fd5-d3f50bd45d59.htm
2021 Toyota Innova Crysta 2.4 GX 7 STR AT,2021,1775000.0,57000,Automatic,Petrol,1st Owner,2393.0,,7.0,https://www.cardekho.com/used-car-details/used-Toyota-innova-crysta-24-gx-7-str-at-cars-New-Delhi_465e3adb-2511-42ea-9f90-fdde2c7d86c6.htm
2011 Hyundai EON Magna,2012,126000.0,60000,Manual,Petrol,2nd Owner,814.0,22.0,5.0,https://www.cardekho.com/used-car-details/used-Hyundai-eon-magna-cars-New-Delhi_4765edcd-1358-4164-9745-2fe11058b386.htm?adId=25945&adType=41
2017 Honda WR-V i-VTEC S,2017,289000.0,38624,Automatic,Petrol,2nd Owner,1199.0,17.5,5.0,https://www.cardekho.com/used-car-details/used-Honda-wr-v-i-vtec-s-cars-New-Delhi_6a161c14-4c1f-4eeb-96dc-890865fcd2b8.htm
2018 Maruti Suzuki Baleno 1.2 CVT Zeta,2018,435000.0,54000,Automatic,Petrol,1st Owner,1197.0,21.4,5.0,https://www.cardekho.com/used-car-details/used-Maruti-baleno-12-cvt-zeta-cars-New-Delhi_e2d66260-69e1-48dc-9e08-57efa01b797e.htm
2021 Volkswagen Taigun 1.5 TSI GT Plus DSG,2022,1102000.0,57606,Automatic,Petrol,1st Owner,1498.0,17.88,5.0,https://www.cardekho.com/used-car-details/used-Volkswagen-taigun-15-tsi-gt-plus-dsg-cars-New-Delhi_62e6f467-37fe-4ddc-9d8e-80f831fd23ee.htm
2020 Volkswagen Tiguan 2.0 TDI Highline,2020,1575000.0,65000,Automatic,Petrol,1st Owner,1968.0,16.65,5.0,https://www.cardekho.com/used-car-details/used-Volkswagen-tiguan-20-tdi-highline-cars-New-Delhi_a3ea74ee-a857-47e3-a896-e609b521c307.htm?adId=26540&adType=41
2019 Mahindra XUV300 W8 Option Diesel BSIV,2019,575000.0,78523,Automatic,Petrol,3rd Owner,1497.0,20.0,5.0,https://www.cardekho.com/used-car-details/used-Mahindra-xuv300-w8-option-diesel-bsiv-cars-New-Delhi_3a9bea60-ecd9-4c5a-866d-cbfd458c3e28.htm
2023 Skoda Slavia 1.5 TSI Style DSG,2023,1090000.0,84000,Automatic,Petrol,1st Owner,1498.0,19.36,5.0,https://www.cardekho.com/used-car-details/used-Skoda-slavia-15-tsi-style-dsg-cars-New-Delhi_9c08b0c8-d432-4a14-b31e-3c5edee8b3d7.htm
2017 Mahindra Scorpio S4 Plus,2017,690000.0,60000,Manual,Diesel,2nd Owner,2179.0,15.4,7.0,https://www.cardekho.com/used-car-details/used-Mahindra-scorpio-s4-plus-cars-New-Delhi_9aac1507-df9e-42a5-b93a-9d3eed6128eb.htm?adId=25962&adType=41
2017 Honda Amaze S i-VTEC,2017,349000.0,57000,Automatic,Petrol,1st Owner,1198.0,17.8,5.0,https://www.cardekho.com/used-car-details/used-Honda-amaze-s-i-vtec-cars-New-Delhi_f8f75537-07ea-4703-bce6-7d23d9347104.htm
2018 Hyundai Tucson 2.0 e-VGT 2WD AT GL,2018,975000.0,76000,Automatic,Petrol,1st Owner,1995.0,16.38,5.0,https://www.cardekho.com/used-car-details/used-Hyundai-tucson-20-e-vgt-2wd-at-gl-cars-New-Delhi_937d3b7b-cb63-4f22-ae0f-7499174ad1e9.htm?adId=22697&adType=41
2019 Renault KWID RXL,2019,218000.00000000003,35347,Automatic,Petrol,2nd Owner,799.0,22.25,5.0,https://www.cardekho.com/used-car-details/used-Renault-kwid-rxl-cars-New-Delhi_e290cc46-c7c9-41dc-90d8-d1c9f50265fb.htm
2025 Kia Carens Clavis HTX Plus Turbo,2025,2050000.0,8000,Automatic,Petrol,1st Owner,1482.0,,7.0,https://www.cardekho.com/used-car-details/used-Kia-carens-clavis-htx-plus-turbo-cars-New-Delhi_22602002-9e34-42ad-810e-b1bf204f5b63.htm
2022 Volkswagen Taigun 1.0 Topline,2022,997000.0,37484,Automatic,Petrol,1st Owner,999.0,19.2,5.0,https://www.cardekho.com/buy-used-car-details/used-Volkswagen-taigun-10-topline-cars-New-Delhi_fe1f6b34-139b-4f40-ab73-895043a20a89.htm
2017 Maruti Suzuki Swift Dzire LDI,2018,345000.0,65000,Manual,Petrol,2nd Owner,1248.0,26.59,5.0,https://www.cardekho.com/used-car-details/used-Maruti-swift-dzire-ldi-cars-New-Delhi_560aa016-11be-485f-a5ca-1c2736474776.htm?adId=25952&adType=41
2024 Tata Nexon Fearless Plus S DT DCA,2024,886000.0,15517,Automatic,Petrol,1st Owner,1199.0,17.01,5.0,https://www.cardekho.com/buy-used-car-details/used-Tata-nexon-fearless-plus-s-dt-dca-cars-New-Delhi_bc59dfda-ab11-454e-ac78-75f17f7b3b2b.htm
2018 Tata Nexon 1.2 Revotron XE,2019,365000.0,55000,Automatic,Petrol,1st Owner,1198.0,17.0,5.0,https://www.cardekho.com/used-car-details/used-Tata-nexon-12-revotron-xe-cars-New-Delhi_f516c836-956c-475c-8756-b102fdcfc1c6.htm?adId=25947&adType=41
2020 Kia Seltos HTX IVT G,2020,990000.0,70000,Automatic,Petrol,1st Owner,1497.0,16.8,5.0,https://www.cardekho.com/used-car-details/used-Kia-seltos-htx-ivt-g-cars-New-Delhi_27714cfe-cb9b-4e31-b18c-f7341a653ea1.htm
2017 Maruti Suzuki Baleno Delta Diesel,2017,304000.0,85483,Automatic,Petrol,2nd Owner,1248.0,27.39,5.0,https://www.cardekho.com/used-car-details/used-Maruti-baleno-delta-diesel-cars-New-Delhi_26ac207c-9b54-44de-a1da-05e03022462d.htm
2011 Maruti Suzuki Ritz VXI,2012,125000.0,65700,Manual,Petrol,1st Owner,1197.0,21.1,5.0,https://www.cardekho.com/used-car-details/used-Maruti-ritz-vxi-cars-New-Delhi_bf0b3c01-fd31-48c4-ae6c-a312690b043b.htm?adId=25944&adType=41
2021 Land Rover Discovery Sport Dynamic SE Diesel,2021,3725000.0,44000,Automatic,Petrol,2nd Owner,1999.0,,7.0,https://www.cardekho.com/used-car-details/used-Land-rover-discovery-sport-dynamic-se-diesel-cars-New-Delhi_fce265d8-aaf3-4f07-b1b5-a198507354ba.htm
2021 Ford Endeavour Titanium Plus 4X2 AT,2021,2400000.0,110000,Automatic,Diesel,1st Owner,1996.0,13.9,7.0,https://www.cardekho.com/used-car-details/used-Ford-endeavour-titanium-plus-4x2-at-cars-New-Delhi_20807d5c-a9be-4e25-999f-9c9e5a03c4ab.htm
2022 Mahindra Thar LX 4WD Convert Top Diesel AT BSVI,2023,1395000.0,23000,Automatic,Petrol,1st Owner,2184.0,9.0,4.0,https://www.cardekho.com/used-car-details/used-Mahindra-thar-lx-4wd-convert-top-diesel-at-bsvi-cars-New-Delhi_0d7d0658-6d9e-4d7d-99c3-86bc848a8856.htm
2018 Toyota Innova Crysta 2.8 ZX AT BSIV,2018,1450000.0,197000,Automatic,Petrol,1st Owner,2755.0,,7.0,https://www.cardekho.com/used-car-details/used-Toyota-innova-crysta-28-zx-at-bsiv-cars-New-Delhi_4a98e146-dea8-4605-ae3b-a366d8cf46c7.htm
2015 Hyundai i10 Magna 1.1L,2015,225000.0,42000,Automatic,Petrol,1st Owner,1086.0,19.81,5.0,https://www.cardekho.com/used-car-details/used-Hyundai-i10-magna-11l-cars-New-Delhi_f5e003b4-8373-430f-90a4-559bfb15251f.htm
2025 Skoda Slavia 1.0L Monte Carlo AT,2025,1650000.0,6000,Automatic,Petrol,1st Owner,999.0,18.73,5.0,https://www.cardekho.com/used-car-details/used-Skoda-slavia-10l-monte-carlo-at-cars-New-Delhi_6c295f0d-52d4-4064-a0a6-aa39d2ae0732.htm
2014 Toyota Fortuner 4x2 Manual,2014,865000.0,200000,Automatic,Petrol,1st Owner,2982.0,13.0,7.0,https://www.cardekho.com/used-car-details/used-Toyota-fortuner-4x2-manual-cars-New-Delhi_2bce9e41-aa70-4714-8526-931a677cd65c.htm?adId=25949&adType=41
2023 Toyota Fortuner 4X2 Diesel AT,2023,3775000.0,31000,Automatic,Petrol,1st Owner,2755.0,,7.0,https://www.cardekho.com/used-car-details/used-Toyota-fortuner-4x2-diesel-at-cars-New-Delhi_a0b1685f-42f1-4f68-b3a7-9333cda215b4.htm
2020 Mercedes-Benz GLC 200,2020,3690000.0,31000,Automatic,Petrol,1st Owner,1991.0,,5.0,https://www.cardekho.com/used-car-details/used-Mercedes-benz-glc-200-cars-New-Delhi_e6372755-196f-45d8-a3a5-e896c4b0aeff.htm
2014 Hyundai Verna 1.6 SX VTVT,2014,290000.0,65000,Automatic,Petrol,2nd Owner,1591.0,17.01,5.0,https://www.cardekho.com/used-car-details/used-Hyundai-verna-16-sx-vtvt-cars-New-Delhi_c9506712-fa7d-4dca-8785-541c9a22574a.htm?adId=25943&adType=41
2025 Mahindra Scorpio N Z8,2025,1800000.0,11800,Automatic,Petrol,1st Owner,1997.0,12.17,7.0,https://www.cardekho.com/used-car-details/used-Mahindra-scorpio-n-z8-cars-New-Delhi_f552df7d-52de-41e2-a634-6e4b455aaf20.htm
2021 Mercedes-Benz AMG G 63 4MATIC 2018-2023,2021,3500000.0,9000,Automatic,Petrol,1st Owner,3982.0,,5.0,https://www.cardekho.com/used-car-details/used-Mercedes-benz-amg-g-63-4matic-2018-2023-cars-New-Delhi_ca025281-a138-4aa5-83d0-dc91c5926e82.htm
2014 Toyota Etios Liva Petrol TRD Sportivo,2014,200000.0,60000,Manual,Petrol,2nd Owner,1496.0,16.78,5.0,https://www.cardekho.com/used-car-details/used-Toyota-etios-liva-petrol-trd-sportivo-cars-New-Delhi_88455c82-a787-45eb-a0ea-e01899aca10a.htm?adId=25958&adType=41
2020 Maruti Suzuki XL6 Zeta,2020,880000.0000000001,12000,Automatic,Petrol,1st Owner,1462.0,19.01,6.0,https://www.cardekho.com/used-car-details/used-Maruti-xl6-zeta-cars-New-Delhi_10c71630-515f-4f1d-ac6e-caa1ceca10e9.htm
2021 Mercedes-Benz GLC 200,2021,3100000.0,79000,Automatic,Petrol,1st Owner,1991.0,,5.0,https://www.cardekho.com/used-car-details/used-Mercedes-benz-glc-200-cars-New-Delhi_fb3fd576-3563-4b14-b3b4-01746b21c144.htm
2020 Honda WR-V SV Diesel,2020,530000.0,67000,Automatic,Petrol,2nd Owner,1498.0,23.7,5.0,https://www.cardekho.com/used-car-details/used-Honda-wr-v-sv-diesel-cars-New-Delhi_c633bc3c-d70e-4b3e-901d-329e5e706999.htm
2023 Porsche Cayenne Coupe V6 BSVI,2023,12000000.0,11500,Automatic,Petrol,1st Owner,2995.0,,4.0,https://www.cardekho.com/used-car-details/used-Porsche-cayenne-coupe-v6-bsvi-cars-New-Delhi_44fa0704-8cd9-410f-98cc-cf779b80a158.htm?adId=21553&adType=41
2024 Maruti Suzuki FRONX Delta CNG,2024,830000.0000000001,35000,Automatic,Petrol,1st Owner,1197.0,,5.0,https://www.cardekho.com/used-car-details/used-Maruti-fronx-delta-cng-cars-New-Delhi_b4c2e3b3-ab19-4d45-a2fa-c3ccf1526374.htm
2022 Kia Sonet HTX Diesel AT BSVI,2022,875000.0,55000,Automatic,Petrol,1st Owner,1493.0,,5.0,https://www.cardekho.com/used-car-details/used-Kia-sonet-htx-diesel-at-bsvi-cars-New-Delhi_2aa760f1-86f1-43a3-8754-08824e7fe009.htm
2020 BMW X1 sDrive 20d xLine,2020,1950000.0,48000,Automatic,Petrol,1st Owner,1995.0,20.68,5.0,https://www.cardekho.com/used-car-details/used-Bmw-x1-sdrive-20d-xline-cars-New-Delhi_a791bb6f-7fc3-4921-a2f2-b66153c477cb.htm
2025 Mercedes-Benz GLA 200,2025,4300000.0,15600,Automatic,Petrol,1st Owner,1332.0,,5.0,https://www.cardekho.com/used-car-details/used-Mercedes-benz-gla-200-cars-New-Delhi_80d38a58-22ef-4879-a2c1-df5470601280.htm?adId=21541&adType=41
2023 Maruti Suzuki Ertiga VXi CNG,2023,949000.0,40000,Manual,Petrol,1st Owner,1462.0,,7.0,https://www.cardekho.com/used-car-details/used-Maruti-ertiga-vxi-cng-cars-New-Delhi_f314ff1b-fd35-4e4a-88b6-f87c1d4972dc.htm
2018 Maruti Suzuki Vitara Brezza ZDi,2018,495000.0,68523,Automatic,Petrol,2nd Owner,1248.0,24.3,5.0,https://www.cardekho.com/used-car-details/used-Maruti-vitara-brezza-zdi-cars-New-Delhi_4fca800e-7640-4207-b149-29460910e5b7.htm
2017 Honda WR-V i-DTEC VX,2017,410000.0,85000,Automatic,Petrol,1st Owner,1498.0,25.5,5.0,https://www.cardekho.com/used-car-details/used-Honda-wr-v-i-dtec-vx-cars-New-Delhi_80baf5b1-600f-481a-b605-a35bf6601c2d.htm
2020 BMW 5 Series 520d Luxury Line,2020,3750000.0,13000,Automatic,Petrol,1st Owner,1995.0,,5.0,https://www.cardekho.com/used-car-details/used-Bmw-5-series-520d-luxury-line-cars-New-Delhi_9c11b3ea-2e71-49fc-9e87-fde3766e5b11.htm?adId=21539&adType=41
2024 MG Windsor EV Essence,2024,1650000.0,1650000,Automatic,Electric,1st Owner,,,5.0,https://www.cardekho.com/used-car-details/used-Mg-windsor-ev-essence-cars-New-Delhi_8db9d318-44ee-445a-b930-8b25829329de.htm
2020 Mahindra Scorpio BSIV,2020,1100000.0,60000,Manual,Diesel,1st Owner,2523.0,15.4,7.0,https://www.cardekho.com/used-car-details/used-Mahindra-scorpio-bsiv-cars-New-Delhi_2ef54566-0b74-4df6-a7a5-2dd2e3f3e8d8.htm
2020 BMW 6 Series GT 620d Luxury Line 2019-2021,2020,3350000.0,28000,Automatic,Petrol,1st Owner,1995.0,,4.0,https://www.cardekho.com/used-car-details/used-Bmw-6-series-gt-620d-luxury-line-2019-2021-cars-New-Delhi_14b3c20a-2d67-4c6e-8c8e-c34299e4e81c.htm
2023 Mercedes-Benz S-Class S450 4Matic,2023,13500000.0,12000,Automatic,Petrol,1st Owner,2999.0,,5.0,https://www.cardekho.com/used-car-details/used-Mercedes-benz-s-class-s450-4matic-cars-New-Delhi_f4d779a3-2fc3-4e16-ad02-cc3358a10ee0.htm?adId=21531&adType=41
2025 Tata Punch Adventure Plus S CNG,2025,795000.0,8000,Manual,Petrol,1st Owner,1199.0,,5.0,https://www.cardekho.com/used-car-details/used-Tata-punch-adventure-plus-s-cng-cars-New-Delhi_88ffa935-c5ff-4fdd-9e1b-ca651862048a.htm
2019 Maruti Suzuki Celerio VXI CNG BSIV,2019,450000.0,62000,Automatic,Petrol,1st Owner,998.0,,5.0,https://www.cardekho.com/used-car-details/used-Maruti-celerio-vxi-cng-bsiv-cars-New-Delhi_728efefd-dfbb-42ea-b271-5d4f67dae607.htm
2018 Volvo XC60 Momentum D4 BSIV,2018,2900000.0,60000,Automatic,Petrol,2nd Owner,1969.0,,5.0,https://www.cardekho.com/used-car-details/used-Volvo-xc60-momentum-d4-bsiv-cars-New-Delhi_292af53f-e6de-4c49-82a9-4ea207de82cf.htm?adId=21529&adType=41
2022 Maruti Suzuki Ignis 1.2 AMT Zeta BSIV,2022,494000.00000000006,15434,Automatic,Petrol,2nd Owner,1197.0,20.89,5.0,https://www.cardekho.com/used-car-details/used-Maruti-ignis-12-amt-zeta-bsiv-cars-New-Delhi_cd98ddbf-2150-4629-93a3-5984a47768f2.htm
2021 Mahindra XUV300 W8 BSVI,2021,675000.0,66000,Automatic,Petrol,1st Owner,1197.0,16.82,5.0,https://www.cardekho.com/used-car-details/used-Mahindra-xuv300-w8-bsvi-cars-New-Delhi_5de07440-9f3d-423e-80b0-02f3d74aceb2.htm
2019 Kia Seltos GTX Plus Diesel AT,2019,875000.0,72532,Automatic,Petrol,1st Owner,1493.0,18.0,5.0,https://www.cardekho.com/used-car-details/used-Kia-seltos-gtx-plus-diesel-at-cars-New-Delhi_f88aa33b-8735-4649-9b27-d2e2c6827ce3.htm
2024 Mercedes-Benz GLS 450 4matic,2024,12100000.0,10300,Automatic,Petrol,1st Owner,2999.0,12.0,7.0,https://www.cardekho.com/used-car-details/used-Mercedes-benz-gls-450-4matic-cars-New-Delhi_f6eb4bd7-c6d4-4bef-818f-ccbbb4e7bd10.htm?adId=21655&adType=41
2017 Jeep Compass 2.0 Limited 4X4,2018,650000.0,78553,Automatic,Petrol,1st Owner,1956.0,16.3,5.0,https://www.cardekho.com/used-car-details/used-Jeep-compass-20-limited-4x4-cars-New-Delhi_74464844-a12b-4d71-925f-9cd41aae9019.htm
2019 Tata Harrier XZ BSIV,2019,725000.0,72523,Automatic,Diesel,2nd Owner,1956.0,17.0,5.0,https://www.cardekho.com/used-car-details/used-Tata-harrier-xz-bsiv-cars-New-Delhi_d8175190-815c-4022-84f9-205a4c4f0127.htm
2024 Maruti Suzuki Brezza Lxi,2024,799000.0,11000,Manual,Petrol,1st Owner,1462.0,17.38,5.0,https://www.cardekho.com/used-car-details/used-Maruti-brezza-lxi-cars-New-Delhi_4335107e-2c85-415e-ad82-8b765d37eedd.htm
2020 Audi A6 45 TFSI Technology WO Matrix BSVI,2021,3600000.0,13000,Automatic,Petrol,2nd Owner,1984.0,14.11,5.0,https://www.cardekho.com/used-car-details/used-Audi-a6-45-tfsi-technology-wo-matrix-bsvi-cars-New-Delhi_fce46813-7187-4134-b56f-a2ce84e8706a.htm?adId=21499&adType=41
2018 Hyundai i20 1.2 Magna Executive,2018,375000.0,44000,Manual,Petrol,1st Owner,1197.0,18.6,5.0,https://www.cardekho.com/used-car-details/used-Hyundai-i20-12-magna-executive-cars-New-Delhi_985ea167-fa53-43d5-a60a-49c28139efd3.htm
2021 Tata Harrier XZA Plus AT BSVI,2021,1175000.0,90000,Automatic,Diesel,1st Owner,1956.0,14.6,5.0,https://www.cardekho.com/used-car-details/used-Tata-harrier-xza-plus-at-bsvi-cars-New-Delhi_62c54f7b-3838-451b-b713-70f5853e4cc3.htm
2011 Toyota Corolla Altis GL,2011,165000.0,65000,Automatic,Petrol,2nd Owner,1798.0,14.53,5.0,https://www.cardekho.com/used-car-details/used-Toyota-corolla-altis-gl-cars-New-Delhi_56bd1cdc-1b99-4c3e-b47e-6a40a6d801be.htm?adId=25959&adType=41
2018 Jeep Compass 2.0 Limited Option,2018,725000.0,56000,Automatic,Petrol,1st Owner,1956.0,17.1,5.0,https://www.cardekho.com/used-car-details/used-Jeep-compass-20-limited-option-cars-New-Delhi_608e7f66-d198-406e-be7d-bd9191606fef.htm
2024 Maruti Suzuki Brezza Lxi,2024,790000.0,11500,Manual,Petrol,1st Owner,1462.0,17.38,5.0,https://www.cardekho.com/used-car-details/used-Maruti-brezza-lxi-cars-New-Delhi_2b7ed20c-ef60-4c82-80c3-1addec1e2223.htm
2011 Maruti Suzuki Wagon R LXI BS IV,2011,125000.0,67800,Manual,Petrol,2nd Owner,998.0,18.9,5.0,https://www.cardekho.com/used-car-details/used-Maruti-wagon-r-lxi-bs-iv-cars-New-Delhi_4a942a14-e85f-4d36-a853-b7c9c7b4c242.htm?adId=26001&adType=41
2019 Honda Amaze VX CVT Petrol BSIV,2019,525000.0,45000,Automatic,Petrol,2nd Owner,1199.0,19.0,5.0,https://www.cardekho.com/used-car-details/used-Honda-amaze-vx-cvt-petrol-bsiv-cars-New-Delhi_54412eb7-de0e-4d07-b227-4f0060f6d78e.htm
2023 Mahindra Scorpio N Z4 AT BSVI,2023,1495000.0,61246,Automatic,Petrol,1st Owner,1997.0,10.14,7.0,https://www.cardekho.com/used-car-details/used-Mahindra-scorpio-n-z4-at-bsvi-cars-New-Delhi_c2147149-77ef-4ee7-b6ee-07a78915f114.htm
2025 Maruti Suzuki Ertiga VXi CNG,2025,1125000.0,32000,Manual,Petrol,1st Owner,1462.0,,7.0,https://www.cardekho.com/used-car-details/used-Maruti-ertiga-vxi-cng-cars-New-Delhi_75cfabc9-420c-4120-a80d-e91235738ac1.htm
2024 Kia Carnival Limousine Plus,2025,5900000.0,24960,Automatic,Diesel,1st Owner,2151.0,,7.0,https://www.cardekho.com/used-car-details/used-Kia-carnival-limousine-plus-cars-New-Delhi_954f8baf-57eb-4f42-9dc8-4dd929d24867.htm?adId=21543&adType=41
2020 BMW 5 Series 520d Luxury Line,2020,2975000.0,44000,Automatic,Petrol,1st Owner,1995.0,,5.0,https://www.cardekho.com/used-car-details/used-Bmw-5-series-520d-luxury-line-cars-New-Delhi_9dd70e3e-9ad2-4926-a1e7-6cff6b194986.htm
2024 Toyota Fortuner 4X2,2024,2990000.0,5346,Automatic,Petrol,1st Owner,2694.0,11.0,7.0,https://www.cardekho.com/used-car-details/used-Toyota-fortuner-4x2-cars-New-Delhi_ac832e36-593c-4a5a-a188-3dabce9191c9.htm
2016 Hyundai i20 Magna 1.2,2016,415000.00000000006,52000,Manual,Petrol,1st Owner,1197.0,18.6,5.0,https://www.cardekho.com/used-car-details/used-Hyundai-i20-magna-12-cars-New-Delhi_b33ee692-eb6b-49be-91e3-a213d152e6f9.htm
2012 Volkswagen Polo Petrol Trendline 1.2L,2012,165000.0,65000,Manual,Petrol,1st Owner,1198.0,16.47,5.0,https://www.cardekho.com/used-car-details/used-Volkswagen-polo-petrol-trendline-12l-cars-New-Delhi_9d728b73-2696-4318-a383-31fa8f3e3cb5.htm?adId=25950&adType=41
2024 Mahindra XUV700 AX7L 7Str AT,2024,1950000.0,16000,Automatic,Petrol,1st Owner,1999.0,13.0,7.0,https://www.cardekho.com/used-car-details/used-Mahindra-xuv700-ax7l-7str-at-cars-New-Delhi_cce54690-9361-4a48-92ee-c8cbdf27554f.htm
2014 Hyundai Santro Xing GL,2014,185000.0,54000,Manual,Petrol,1st Owner,1086.0,,5.0,https://www.cardekho.com/used-car-details/used-Hyundai-santro-xing-gl-cars-New-Delhi_ef36f465-18b3-4bda-af2b-3ef696f2df1d.htm
2013 Hyundai Verna 1.4 VTVT,2013,245000.00000000003,64000,Automatic,Petrol,1st Owner,1396.0,17.43,5.0,https://www.cardekho.com/used-car-details/used-Hyundai-verna-14-vtvt-cars-New-Delhi_36ccfca6-63da-49d5-9ddf-86f02cb5326d.htm
2023 BMW i4 eDrive35 M Sport,2024,6200000.0,9200,Automatic,Petrol,1st Owner,,,5.0,https://www.cardekho.com/used-car-details/used-Bmw-i4-edrive35-m-sport-cars-New-Delhi_efc0c538-2f69-4eca-8e14-e42a2bbfc05f.htm?adId=28831&adType=41
2018 Tata Tiago 1.2 Revotron XZA,2018,250000.0,101891,Automatic,Petrol,1st Owner,1199.0,23.84,5.0,https://www.cardekho.com/used-car-details/used-Tata-tiago-12-revotron-xza-cars-New-Delhi_80f3dc16-5202-4f3d-a77a-64b4af46eb6c.htm
2025 Mahindra Scorpio N Z4,2025,1599000.0,23000,Manual,Petrol,1st Owner,1997.0,12.17,7.0,https://www.cardekho.com/used-car-details/used-Mahindra-scorpio-n-z4-cars-New-Delhi_30f7e408-1517-4e35-9514-1e27e54e93e3.htm
2025 Toyota Fortuner 4X2 Diesel AT,2025,3925000.0,36000,Automatic,Petrol,1st Owner,2755.0,,7.0,https://www.cardekho.com/used-car-details/used-Toyota-fortuner-4x2-diesel-at-cars-New-Delhi_44067e16-d520-4e15-83bc-f23a1579abdc.htm
2014 Maruti Suzuki Alto 800 CNG LXI,2014,169000.0,56000,Manual,Petrol,1st Owner,796.0,,5.0,https://www.cardekho.com/used-car-details/used-Maruti-alto-800-cng-lxi-cars-New-Delhi_3d1ff29b-4de8-4a3f-a75e-891f3342b5de.htm?adId=26005&adType=41
2016 Maruti Suzuki Baleno 1.2 Delta,2016,345000.0,65000,Automatic,Petrol,1st Owner,1197.0,21.4,5.0,https://www.cardekho.com/used-car-details/used-Maruti-baleno-12-delta-cars-New-Delhi_637210db-9410-4e93-a838-738b36a53e54.htm
2018 Ford Ecosport 1.5 Petrol Ambiente BSIV,2018,590000.0,31500,Manual,Petrol,1st Owner,1497.0,17.0,5.0,https://www.cardekho.com/used-car-details/used-Ford-ecosport-15-petrol-ambiente-bsiv-cars-New-Delhi_68b1c3fc-ce3f-4b54-8b6c-8fe2f5b4d28a.htm?adId=26352&adType=41
2018 Honda City i-VTEC CVT V,2018,675000.0,37000,Automatic,Petrol,1st Owner,1497.0,18.0,5.0,https://www.cardekho.com/used-car-details/used-Honda-city-i-vtec-cvt-v-cars-New-Delhi_e9de671d-e4ec-431e-99be-51fb69b64747.htm
2017 Mercedes-Benz GLE 250d,2017,1900000.0,160000,Automatic,Petrol,2nd Owner,2143.0,17.9,5.0,https://www.cardekho.com/used-car-details/used-Mercedes-benz-gle-250d-cars-New-Delhi_bbc84b2a-a2f3-42bb-8d39-df6e38332e39.htm?adId=27610&adType=41
2022 Maruti Suzuki Celerio VXI BSVI,2022,490000.00000000006,4000,Manual,Petrol,1st Owner,998.0,25.24,5.0,https://www.cardekho.com/used-car-details/used-Maruti-celerio-vxi-bsvi-cars-New-Delhi_d51f6722-c141-4fdf-8b38-95cf193150df.htm
2015 Hyundai Xcent 1.2 Kappa S Option,2015,265000.0,72000,Automatic,Petrol,1st Owner,1197.0,19.1,5.0,https://www.cardekho.com/used-car-details/used-Hyundai-xcent-12-kappa-s-option-cars-New-Delhi_fc70c39b-ba4f-47c7-a7c8-a4fc71230dc8.htm
2018 Maruti Suzuki Baleno 1.2 CVT Delta,2018,390000.0,64000,Automatic,Petrol,1st Owner,1197.0,21.4,5.0,https://www.cardekho.com/used-car-details/used-Maruti-baleno-12-cvt-delta-cars-New-Delhi_1adfcd15-bc42-4ac6-b20b-f900ef346ef9.htm
2017 Honda City i VTEC VX,2017,520000.0,70000,Automatic,Petrol,1st Owner,1497.0,17.8,5.0,https://www.cardekho.com/used-car-details/used-Honda-city-i-vtec-vx-cars-New-Delhi_131debe0-256b-45ba-b509-d8ffd212ac66.htm?adId=29727&adType=41
2019 Hyundai Creta 1.6 SX Option,2019,690000.0,85000,Automatic,Petrol,1st Owner,1591.0,15.8,5.0,https://www.cardekho.com/used-car-details/used-Hyundai-creta-16-sx-option-cars-New-Delhi_e67f02dc-20fd-40ea-8b46-1632577e1e89.htm
2025 Toyota Fortuner 4X2 Diesel,2025,3675000.0,24000,Automatic,Petrol,1st Owner,2755.0,,7.0,https://www.cardekho.com/used-car-details/used-Toyota-fortuner-4x2-diesel-cars-New-Delhi_5122ef00-5e1a-4fb1-9d49-fb40c9849e0f.htm
2022 Tata Safari XZA AT BSVI,2022,1490000.0,75000,Automatic,Diesel,1st Owner,1956.0,14.08,7.0,https://www.cardekho.com/used-car-details/used-Tata-safari-xza-at-bsvi-cars-New-Delhi_121bd498-2c83-44f6-a43a-55732da0fd78.htm?adId=29516&adType=41
2020 Maruti Suzuki S-Presso VXI 2019-2022,2020,321000.0,62000,Manual,Petrol,1st Owner,998.0,21.7,5.0,https://www.cardekho.com/used-car-details/used-Maruti-s-presso-vxi-2019-2022-cars-New-Delhi_68219d93-ca0e-40ad-aee0-be98c4f21aea.htm
2018 Hyundai Creta 1.6 E Plus,2018,525000.0,69000,Manual,Petrol,1st Owner,1591.0,15.8,5.0,https://www.cardekho.com/used-car-details/used-Hyundai-creta-16-e-plus-cars-New-Delhi_73966807-c685-412a-8ae4-68069ff6d6c2.htm
2023 Kia Seltos HTX IVT,2023,1500000.0,5500,Automatic,Petrol,2nd Owner,1497.0,17.7,5.0,https://www.cardekho.com/used-car-details/used-Kia-seltos-htx-ivt-cars-New-Delhi_83eaf199-0bbf-4630-b704-5ec9dd7e1047.htm?adId=28672&adType=41
2024 Toyota Fortuner 4X2 AT,2024,3431000.0,18000,Automatic,Petrol,1st Owner,2694.0,,7.0,https://www.cardekho.com/used-car-details/used-Toyota-fortuner-4x2-at-cars-New-Delhi_7321172e-9706-4eaf-99ae-13568994d155.htm
2024 Toyota Fortuner 4X4 Diesel,2024,4800000.0,29000,Automatic,Petrol,1st Owner,2755.0,,7.0,https://www.cardekho.com/used-car-details/used-Toyota-fortuner-4x4-diesel-cars-New-Delhi_ba7a7284-4b6e-402d-8c69-a2dea6d05fea.htm
2025 Tata Safari Adventure X Plus Dark AT,2025,2050000.0,30000,Automatic,Diesel,1st Owner,1956.0,,7.0,https://www.cardekho.com/used-car-details/used-Tata-safari-adventure-x-plus-dark-at-cars-New-Delhi_772a8372-bd71-42e3-89fb-2ceb3bee5289.htm
2017 Mercedes-Benz GLA Class 200,2017,1450000.0,60000,Automatic,Petrol,2nd Owner,1991.0,,5.0,https://www.cardekho.com/used-car-details/used-Mercedes-benz-gla-class-200-cars-New-Delhi_f8121821-fdbc-43e2-a66b-4bac3ad7df93.htm?adId=28653&adType=41
2018 Tata Hexa XE,2018,570000.0,136000,Automatic,Diesel,1st Owner,2179.0,,7.0,https://www.cardekho.com/used-car-details/used-Tata-hexa-xe-cars-New-Delhi_78f291b6-02b5-4658-b0b5-e8337024cc81.htm
2021 Volvo S60 T4 Inscription,2021,2400000.0,56000,Automatic,Petrol,1st Owner,1969.0,,5.0,https://www.cardekho.com/used-car-details/used-Volvo-s60-t4-inscription-cars-New-Delhi_5264e087-c3f5-4e3d-9d49-181a721cc64e.htm
2017 Ford Ecosport 1.5 Petrol Titanium Plus AT BSIV,2017,465000.00000000006,62000,Automatic,Petrol,1st Owner,1497.0,14.8,5.0,https://www.cardekho.com/used-car-details/used-Ford-ecosport-15-petrol-titanium-plus-at-bsiv-cars-New-Delhi_4fdb349e-b41f-4b3a-8204-bd32f199df92.htm
2016 Hyundai Creta 1.6 VTVT SX Plus,2016,550000.0,100000,Automatic,Petrol,1st Owner,1591.0,13.0,5.0,https://www.cardekho.com/used-car-details/used-Hyundai-creta-16-vtvt-sx-plus-cars-New-Delhi_14e2488a-55f6-4724-b03d-535aef3352ee.htm?adId=28143&adType=41
2023 Maruti Suzuki Grand Vitara Delta CNG 2 Airbag,2023,1000000.0,75000,Automatic,Petrol,1st Owner,1462.0,,5.0,https://www.cardekho.com/used-car-details/used-Maruti-grand-vitara-delta-cng-2-airbag-cars-New-Delhi_d3db0734-4993-4c45-a6e1-29b97f8c4774.htm
2019 Ford Ecosport 1.5 Petrol Trend Plus AT BSIV,2019,495000.0,76000,Automatic,Petrol,1st Owner,1497.0,14.8,5.0,https://www.cardekho.com/used-car-details/used-Ford-ecosport-15-petrol-trend-plus-at-bsiv-cars-New-Delhi_eb9a08ec-d779-495f-801b-483e4838047c.htm
2025 Toyota Innova Hycross VX 7STR Hybrid,2025,2890000.0,9000,Automatic,Petrol,1st Owner,1987.0,,7.0,https://www.cardekho.com/used-car-details/used-Toyota-innova-hycross-vx-7str-hybrid-cars-New-Delhi_13254d1b-b919-43bb-bf85-2878e61b3a4d.htm
2017 Toyota Fortuner 2.8 2WD AT BSIV,2017,1950000.0,160000,Automatic,Diesel,1st Owner,2755.0,12.9,7.0,https://www.cardekho.com/used-car-details/used-Toyota-fortuner-28-2wd-at-bsiv-cars-New-Delhi_e38cce58-820d-441c-bafd-8e2042727b1a.htm?adId=29795&adType=41
2020 Renault Triber RXZ BSIV,2021,435000.0,62000,Automatic,Petrol,1st Owner,999.0,20.0,7.0,https://www.cardekho.com/used-car-details/used-Renault-triber-rxz-bsiv-cars-New-Delhi_c88e24e9-b680-44e4-8321-51466344eb68.htm
2017 Ford Ecosport 1.5 Diesel Titanium BSIV,2017,370000.0,95000,Automatic,Petrol,1st Owner,1498.0,23.0,5.0,https://www.cardekho.com/used-car-details/used-Ford-ecosport-15-diesel-titanium-bsiv-cars-New-Delhi_f2f5d79b-ea5c-4674-af83-00a4bda6451d.htm
2022 Hyundai i20 Asta BSVI,2022,685000.0,10953,Automatic,Petrol,2nd Owner,1197.0,21.0,5.0,https://www.cardekho.com/used-car-details/used-Hyundai-i20-asta-bsvi-cars-New-Delhi_c6931304-d336-4301-b83a-366192ea53e3.htm
2022 Toyota Innova Crysta 2.7 GX 7 STR AT,2022,1600000.0,80000,Automatic,Petrol,1st Owner,2694.0,,7.0,https://www.cardekho.com/used-car-details/used-Toyota-innova-crysta-27-gx-7-str-at-cars-New-Delhi_377eba5e-9c4a-4ac8-afc0-eb84fb67a976.htm?adId=28948&adType=41
2019 Honda Amaze E Petrol BSIV,2019,440000.00000000006,60000,Automatic,Petrol,1st Owner,1199.0,19.5,5.0,https://www.cardekho.com/used-car-details/used-Honda-amaze-e-petrol-bsiv-cars-New-Delhi_e72f9fac-5869-4a7f-8d9d-f49aacced592.htm
2019 Renault KWID 1.0 RXT Optional,2019,299000.0,31000,Automatic,Petrol,1st Owner,999.0,23.01,5.0,https://www.cardekho.com/used-car-details/used-Renault-kwid-10-rxt-optional-cars-New-Delhi_193977f7-d378-4f57-9c71-2ce463a46300.htm
2018 Skoda Superb Style 1.8 TSI MT,2018,1475000.0,75000,Automatic,Petrol,1st Owner,1798.0,14.12,5.0,https://www.cardekho.com/used-car-details/used-Skoda-superb-style-18-tsi-mt-cars-New-Delhi_deebab28-d4b6-4da0-a427-6baa01268e96.htm
2021 Jeep Compass 1.4 Model S Opt AT,2021,1450000.0,32600,Automatic,Petrol,1st Owner,1368.0,14.1,5.0,https://www.cardekho.com/used-car-details/used-Jeep-compass-14-model-s-opt-at-cars-New-Delhi_c205264a-a97e-4b40-aa0b-4f97896fbaad.htm?adId=29644&adType=41
2024 Kia Seltos GTX Plus Diesel AT,2024,1789999.9999999998,20000,Automatic,Petrol,1st Owner,1493.0,19.1,5.0,https://www.cardekho.com/used-car-details/used-Kia-seltos-gtx-plus-diesel-at-cars-New-Delhi_c9688124-2771-4f8e-bd22-93197522f831.htm
2017 Volkswagen Tiguan 2.0 TDI Highline,2017,925000.0,125000,Automatic,Petrol,1st Owner,1968.0,16.65,5.0,https://www.cardekho.com/used-car-details/used-Volkswagen-tiguan-20-tdi-highline-cars-New-Delhi_0e6527a9-208d-4862-857a-522ea8354cf8.htm
2022 Kia Seltos GTX Plus DCT,2022,1295000.0,32000,Automatic,Petrol,1st Owner,1353.0,16.5,5.0,https://www.cardekho.com/used-car-details/used-Kia-seltos-gtx-plus-dct-cars-New-Delhi_01d436d2-d146-49ed-88e3-baddf71941a2.htm
2024 Mercedes-Benz A-Class Limousine A 200,2024,3400000.0,17500,Automatic,Petrol,2nd Owner,1332.0,,5.0,https://www.cardekho.com/used-car-details/used-Mercedes-benz-a-class-limousine-a-200-cars-New-Delhi_4e2d130b-f33b-4892-939f-1756a8d22037.htm?adId=29926&adType=41
2019 Datsun RediGO T Option,2019,275000.0,52000,Automatic,Petrol,2nd Owner,799.0,22.7,5.0,https://www.cardekho.com/used-car-details/used-Datsun-redigo-t-option-cars-New-Delhi_36acfe6a-7503-4bd0-b743-0aa9d104c3da.htm
2022 BMW 5 Series 530i M Sport BSVI,2022,4500000.0,52357,Automatic,Petrol,2nd Owner,1998.0,14.82,5.0,https://www.cardekho.com/used-car-details/used-Bmw-5-series-530i-m-sport-bsvi-cars-New-Delhi_595d342a-e556-4bc1-b3bc-8dd98bd0ea7b.htm?adId=26909&adType=41
2015 Audi A4 1.8 TFSI Premium Plus,2015,1190000.0,22000,Automatic,Petrol,1st Owner,1798.0,15.64,5.0,https://www.cardekho.com/used-car-details/used-Audi-a4-18-tfsi-premium-plus-cars-New-Delhi_d072c023-8380-4031-b44e-3111b7ee3bd8.htm
2017 Honda Jazz 1.2 V AT i VTEC,2017,380000.0,42000,Automatic,Petrol,2nd Owner,1199.0,19.0,5.0,https://www.cardekho.com/used-car-details/used-Honda-jazz-12-v-at-i-vtec-cars-New-Delhi_a15e4578-6b94-4c1a-aaca-5f3adb6512b0.htm
2017 Land Rover Discovery HSE 2.0 SD4,2017,1700000.0,150000,Automatic,Petrol,2nd Owner,1999.0,,7.0,https://www.cardekho.com/used-car-details/used-Land-rover-discovery-hse-20-sd4-cars-New-Delhi_baaa8962-1e44-4c3e-b753-5e222e582d4b.htm?adId=26487&adType=41
2015 Hyundai Creta 1.6 VTVT SX Plus,2015,400000.0,62000,Automatic,Petrol,1st Owner,1591.0,13.0,5.0,https://www.cardekho.com/used-car-details/used-Hyundai-creta-16-vtvt-sx-plus-cars-New-Delhi_bd3c094f-2a4d-4d6e-a6eb-54e27bb7e9cd.htm
2019 Hyundai Venue SX Plus Turbo DCT BSIV,2019,570000.0,57000,Automatic,Petrol,1st Owner,998.0,18.15,5.0,https://www.cardekho.com/used-car-details/used-Hyundai-venue-sx-plus-turbo-dct-bsiv-cars-New-Delhi_aee20bde-9101-4321-b12c-ad13b29de952.htm
2023 Maruti Suzuki Dzire ZXI,2023,750000.0,51000,Automatic,Petrol,1st Owner,1197.0,22.41,5.0,https://www.cardekho.com/used-car-details/used-Maruti-dzire-zxi-cars-New-Delhi_8d320113-c4f8-42c0-a5be-7c83b5ab3cd9.htm
2017 Ford Ecosport 1.5 Diesel Trend BSIV,2017,320000.0,120000,Automatic,Petrol,1st Owner,1498.0,23.0,5.0,https://www.cardekho.com/used-car-details/used-Ford-ecosport-15-diesel-trend-bsiv-cars-New-Delhi_ebd462e0-94b9-4e32-bfa7-f789168958bd.htm?adId=27596&adType=41
2024 Mahindra XUV700 AX7 7Str AT,2024,1950000.0,38000,Automatic,Petrol,1st Owner,1999.0,13.0,7.0,https://www.cardekho.com/used-car-details/used-Mahindra-xuv700-ax7-7str-at-cars-New-Delhi_f14e00ae-f6f9-4787-9d98-1ce46c7f635f.htm
2023 Mercedes-Benz GLB 200 Progressive Line,2023,3950000.0,43000,Automatic,Petrol,1st Owner,1332.0,,7.0,https://www.cardekho.com/used-car-details/used-Mercedes-benz-glb-200-progressive-line-cars-New-Delhi_65d24f81-84c8-4219-9a48-8700a75c8031.htm
2021 Tata Safari XZA AT BSVI,2021,1750000.0,130000,Automatic,Diesel,1st Owner,1956.0,14.08,7.0,https://www.cardekho.com/used-car-details/used-Tata-safari-xza-at-bsvi-cars-New-Delhi_8d3d639c-3c0b-4fab-9435-2d617ef68faa.htm?adId=27513&adType=41
2022 Mercedes-Benz C-Class Progressive C 200,2022,4150000.0,12500,Automatic,Petrol,1st Owner,1950.0,,5.0,https://www.cardekho.com/used-car-details/used-Mercedes-benz-c-class-progressive-c-200-cars-New-Delhi_384fd6b5-ba6b-4c79-b0dc-2f3b7a35a701.htm
2025 Skoda Kodiaq L & K,2025,2950000.0,38000,Automatic,Petrol,1st Owner,1984.0,13.32,7.0,https://www.cardekho.com/used-car-details/used-Skoda-kodiaq-l-k-cars-New-Delhi_d274254a-bb3e-4a61-92a7-d11349a5a454.htm
2023 Kia Sonet X-Line Turbo DCT BSVI,2023,1100000.0,30000,Automatic,Petrol,1st Owner,998.0,,5.0,https://www.cardekho.com/used-car-details/used-Kia-sonet-x-line-turbo-dct-bsvi-cars-New-Delhi_1cbf9628-ed34-4384-8351-e11af4b78ab6.htm?adId=29806&adType=41
2025 Tata Safari Accomplished,2025,2100000.0,10000,Automatic,Diesel,1st Owner,1956.0,16.3,7.0,https://www.cardekho.com/used-car-details/used-Tata-safari-accomplished-cars-New-Delhi_dfa69874-b656-4809-90a6-b6f34ab7b04c.htm?adId=27509&adType=41
2019 Mercedes-Benz E-Class Exclusive E 200 BSIV,2019,2700000.0,94000,Automatic,Petrol,1st Owner,1991.0,,5.0,https://www.cardekho.com/used-car-details/used-Mercedes-benz-e-class-exclusive-e-200-bsiv-cars-New-Delhi_4ac1a6b4-a735-45c6-a572-72809549f05c.htm
2022 Jeep Compass 2.0 Sport Diesel BSVI,2022,1700000.0,84000,Automatic,Petrol,1st Owner,1956.0,17.1,5.0,https://www.cardekho.com/used-car-details/used-Jeep-compass-20-sport-diesel-bsvi-cars-New-Delhi_338d56c8-9ad8-404d-b2b4-b711ba880478.htm?adId=29577&adType=41
2014 Mercedes-Benz GLA Class 200,2015,1375000.0,66082,Automatic,Petrol,1st Owner,1991.0,,5.0,https://www.cardekho.com/used-car-details/used-Mercedes-benz-gla-class-200-cars-New-Delhi_07540c4f-011b-49ae-b910-d6137152338e.htm
2016 Honda Brio S MT,2016,264000.0,53943,Automatic,Petrol,2nd Owner,1198.0,19.4,5.0,https://www.cardekho.com/used-car-details/used-Honda-brio-s-mt-cars-New-Delhi_68d726f1-b288-42f5-8ffb-1ec3e876e5d6.htm
2022 Toyota Innova Crysta 2.4 ZX 7 STR AT,2022,1900000.0,105000,Automatic,Diesel,1st Owner,2393.0,,7.0,https://www.cardekho.com/used-car-details/used-Toyota-innova-crysta-24-zx-7-str-at-cars-New-Delhi_a77a0aee-0dc2-4379-8c00-188901560bc3.htm
2017 Honda City i VTEC SV,2017,550000.0,70000,Automatic,Petrol,1st Owner,1497.0,17.8,5.0,https://www.cardekho.com/used-car-details/used-Honda-city-i-vtec-sv-cars-New-Delhi_bc76d5e0-4a92-45f4-b28d-45f231fa7fa8.htm?adId=29135&adType=41
2017 Audi A4 35 TDI Technology,2017,1500000.0,99000,Automatic,Petrol,1st Owner,1968.0,230.0,5.0,https://www.cardekho.com/used-car-details/used-Audi-a4-35-tdi-technology-cars-New-Delhi_13012da0-693b-47a4-9c39-154fcbe18975.htm
2012 Honda Jazz S,2012,150000.0,100000,Manual,Petrol,1st Owner,1198.0,16.0,5.0,https://www.cardekho.com/used-car-details/used-Honda-jazz-s-cars-New-Delhi_675dd6e6-ca4d-4bf8-a71b-792e46937234.htm?adId=26874&adType=41
2017 Hyundai Grand i10 1.2 Kappa Sportz Option,2017,284000.0,39123,Manual,Petrol,1st Owner,1197.0,18.9,5.0,https://www.cardekho.com/buy-used-car-details/used-Hyundai-grand-i10-12-kappa-sportz-option-cars-New-Delhi_dd80727a-ef53-4b32-bbe7-0351eccccee9.htm
2017 Mercedes-Benz S-Class S 350 CDI,2017,3790000.0,55000,Automatic,Petrol,1st Owner,2987.0,,5.0,https://www.cardekho.com/used-car-details/used-Mercedes-benz-s-class-s-350-cdi-cars-New-Delhi_0a159c70-cf69-4305-8940-84a8a3dabf44.htm
2020 Hyundai Creta SX Turbo DCT BSVI,2020,1099000.0,48000,Automatic,Petrol,1st Owner,1353.0,16.8,5.0,https://www.cardekho.com/used-car-details/used-Hyundai-creta-sx-turbo-dct-bsvi-cars-New-Delhi_120eca42-d9ec-4f4a-9ba3-696c4dad1560.htm
2023 Jeep Compass Model S DCT BSVI,2023,2000000.0,60000,Automatic,Petrol,1st Owner,1368.0,14.1,5.0,https://www.cardekho.com/used-car-details/used-Jeep-compass-model-s-dct-bsvi-cars-New-Delhi_fc24d8ef-aeba-477c-86c2-47d177ab6e88.htm?adId=27095&adType=41
2024 Hyundai Verna SX IVT,2024,1299000.0,35000,Automatic,Petrol,1st Owner,1497.0,19.6,5.0,https://www.cardekho.com/used-car-details/used-Hyundai-verna-sx-ivt-cars-New-Delhi_33674072-1df0-40da-ac4e-87b05a6f9cf3.htm
2021 Mercedes-Benz V-Class Exclusive,2026,5450000.0,40000,Automatic,Petrol,1st Owner,1950.0,,6.0,https://www.cardekho.com/used-car-details/used-Mercedes-benz-v-class-exclusive-cars-New-Delhi_bedfe200-719b-439a-8c92-689b56172559.htm
2023 Hyundai Alcazar Signature,2023,2000000.0,26000,Automatic,Petrol,1st Owner,1999.0,14.5,6.0,https://www.cardekho.com/used-car-details/used-Hyundai-alcazar-signature-cars-New-Delhi_5fcc9002-b57f-4a4d-9ce9-4548f74eaab6.htm?adId=26987&adType=41
2014 Honda City i VTEC VX,2014,322000.0,43297,Automatic,Petrol,1st Owner,1497.0,17.4,5.0,https://www.cardekho.com/buy-used-car-details/used-Honda-city-i-vtec-vx-cars-New-Delhi_9e8f368a-bf39-45ab-be50-c69c7aa25bd5.htm
2020 Renault Triber RXZ BSVI,2020,395000.0,64000,Automatic,Petrol,1st Owner,999.0,20.0,7.0,https://www.cardekho.com/used-car-details/used-Renault-triber-rxz-bsvi-cars-New-Delhi_ec7a5fd7-4d78-48ba-acfb-0356a568f1c3.htm
2018 BMW 6 Series GT,2018,2950000.0,44000,Automatic,Petrol,3rd Owner,1998.0,,4.0,https://www.cardekho.com/used-car-details/used-Bmw-6-series-gt-cars-New-Delhi_4cfa1ae0-02a4-454e-b659-72a0cf9cf84c.htm?adId=29996&adType=41
2019 Hyundai Creta 1.6 SX,2023,555000.0,47246,Automatic,Petrol,2nd Owner,1591.0,15.8,5.0,https://www.cardekho.com/used-car-details/used-Hyundai-creta-16-sx-cars-New-Delhi_4cf226ea-3f85-47a8-a5a2-41eadb13a4f3.htm
2022 Renault Kiger Techno DT,2023,444000.00000000006,75858,Automatic,Petrol,1st Owner,999.0,19.71,5.0,https://www.cardekho.com/used-car-details/used-Renault-kiger-techno-dt-cars-New-Delhi_05cce97d-acfd-40e1-96de-90597e407c2c.htm
2022 Tata Tigor XZ Plus BSVI,2022,575000.0,57000,Automatic,Petrol,1st Owner,1199.0,19.28,5.0,https://www.cardekho.com/used-car-details/used-Tata-tigor-xz-plus-bsvi-cars-New-Delhi_97696e00-096c-4051-a088-363853c0212e.htm
2013 Toyota Etios Liva G,2013,170000.0,98000,Manual,Petrol,2nd Owner,1197.0,17.71,5.0,https://www.cardekho.com/used-car-details/used-Toyota-etios-liva-g-cars-New-Delhi_5f8d23db-07ad-45ab-9119-4c14a87d4630.htm?adId=28655&adType=41
2020 Land Rover Discovery Sport TD4 HSE 7S,2020,2490000.0,68000,Automatic,Petrol,1st Owner,1999.0,,7.0,https://www.cardekho.com/used-car-details/used-Land-rover-discovery-sport-td4-hse-7s-cars-New-Delhi_a457a02e-87f6-4ec9-ba3b-3282e6bf5489.htm
2022 Hyundai Alcazar Platinum AE 7Str Diesel,2022,1209000.0,40734,Automatic,Petrol,2nd Owner,1493.0,20.4,7.0,https://www.cardekho.com/used-car-details/used-Hyundai-alcazar-platinum-ae-7str-diesel-cars-New-Delhi_3508bcae-a3d1-4f3d-b821-a34087e75fdf.htm
2018 Jeep Compass 1.4 Limited Option Black,2018,819999.9999999999,85000,Automatic,Petrol,1st Owner,1368.0,16.0,5.0,https://www.cardekho.com/used-car-details/used-Jeep-compass-14-limited-option-black-cars-New-Delhi_5277487e-d001-4d98-8047-8fd8ad5ba231.htm?adId=28510&adType=41
2021 Hyundai Creta SX IVT BSVI,2021,1175000.0,53086,Automatic,Petrol,1st Owner,1497.0,14.0,5.0,https://www.cardekho.com/used-car-details/used-Hyundai-creta-sx-ivt-bsvi-cars-New-Delhi_c97ceac0-32ae-4701-ac28-a21a39713d42.htm
2024 Hyundai Creta SX (O) iVT,2024,1669000.0000000002,12423,Automatic,Petrol,1st Owner,1497.0,17.7,5.0,https://www.cardekho.com/used-car-details/used-Hyundai-creta-sx-o-ivt-cars-New-Delhi_5fe64b0c-04bf-41bf-b2b3-941d8dc95d57.htm
2018 Honda City i-VTEC V,2018,600000.0,46100,Automatic,Petrol,2nd Owner,1497.0,17.4,5.0,https://www.cardekho.com/used-car-details/used-Honda-city-i-vtec-v-cars-New-Delhi_6b67e321-7b8b-408b-865c-6b0a97ab3a2e.htm?adId=29568&adType=41
2026 Skoda Kodiaq Selection L&K,2026,4575000.0,9000,Automatic,Petrol,1st Owner,1984.0,14.86,7.0,https://www.cardekho.com/used-car-details/used-Skoda-kodiaq-selection-lk-cars-New-Delhi_9e456bc5-7c93-43be-9e23-fb22fc41640e.htm
2016 Audi A4 1.8 TFSI Premium Plus,2017,1675000.0,44500,Automatic,Petrol,1st Owner,1798.0,15.64,5.0,https://www.cardekho.com/used-car-details/used-Audi-a4-18-tfsi-premium-plus-cars-New-Delhi_f7d2e529-1e2b-4a83-9042-7eb1841ffd0d.htm
2021 Audi Q8 55 TFSI Quattro BSVI,2021,5449000.0,75000,Automatic,Petrol,1st Owner,2995.0,,5.0,https://www.cardekho.com/used-car-details/used-Audi-q8-55-tfsi-quattro-bsvi-cars-New-Delhi_6f9214ec-4902-4f7d-b163-41622eb1aef6.htm
2016 BMW 5 Series 520i Luxury Line,2016,1800000.0,71000,Automatic,Petrol,2nd Owner,1997.0,,5.0,https://www.cardekho.com/used-car-details/used-Bmw-5-series-520i-luxury-line-cars-New-Delhi_f2085083-ecc2-4077-9c17-9362f4335c21.htm?adId=29753&adType=41
2019 BMW 6 Series GT 620d Luxury Line 2019-2021,2019,3100000.0,75000,Automatic,Petrol,1st Owner,1995.0,,4.0,https://www.cardekho.com/used-car-details/used-Bmw-6-series-gt-620d-luxury-line-2019-2021-cars-New-Delhi_74f49084-03d2-486b-8974-6aebae003e5e.htm
2022 Toyota Innova Crysta 2.4 G 7 STR,2022,1599000.0,126000,Manual,Petrol,1st Owner,2393.0,,7.0,https://www.cardekho.com/used-car-details/used-Toyota-innova-crysta-24-g-7-str-cars-New-Delhi_7432dc8c-ccad-4ce9-8b07-ea6da02f2b80.htm
2022 Hyundai Alcazar Prestige Executive 7-Seater Diesel AT,2022,1380000.0,87000,Automatic,Petrol,1st Owner,1493.0,,7.0,https://www.cardekho.com/used-car-details/used-Hyundai-alcazar-prestige-executive-7-seater-diesel-at-cars-New-Delhi_d3811a31-63ee-42cc-91e0-15ad77788fd9.htm?adId=26638&adType=41
2024 Toyota Innova Hycross ZX(O) Hybrid,2024,3150000.0,50000,Automatic,Petrol,1st Owner,1987.0,,7.0,https://www.cardekho.com/used-car-details/used-Toyota-innova-hycross-zxo-hybrid-cars-New-Delhi_4dea4169-4b8d-4d93-b117-f34b75cfb328.htm
2025 Volkswagen Taigun 1.0 GT Line AT,2025,1350000.0,7000,Automatic,Petrol,1st Owner,999.0,18.46,5.0,https://www.cardekho.com/used-car-details/used-Volkswagen-taigun-10-gt-line-at-cars-New-Delhi_cf5ddee2-8d94-4037-99bb-02a7f9735d9c.htm
2019 Hyundai Venue S BSIV,2019,600000.0,20000,Manual,Petrol,1st Owner,1197.0,17.52,5.0,https://www.cardekho.com/used-car-details/used-Hyundai-venue-s-bsiv-cars-New-Delhi_e8d93dfe-23ef-4b8d-8768-98c08437d3ab.htm?adId=29069&adType=41
2018 Maruti Suzuki Celerio ZXI,2018,311000.0,62206,Automatic,Petrol,1st Owner,998.0,25.24,5.0,https://www.cardekho.com/used-car-details/used-Maruti-celerio-zxi-cars-New-Delhi_14cb1f2b-55e4-4f5b-bdbd-32be06c64136.htm
2024 Mercedes-Benz GLC 300,2024,6285000.0,30000,Automatic,Petrol,1st Owner,1999.0,,5.0,https://www.cardekho.com/used-car-details/used-Mercedes-benz-glc-300-cars-New-Delhi_fe3afcec-4c64-4d86-9dc4-883dbddd72d9.htm
2022 Tata Punch Adventure AMT BSVI,2022,512000.0,74873,Automatic,Petrol,1st Owner,1199.0,18.8,5.0,https://www.cardekho.com/used-car-details/used-Tata-punch-adventure-amt-bsvi-cars-New-Delhi_1d0dd379-6f70-4778-89c4-49d299db53d3.htm
2025 Kia Sonet GTX Plus Turbo DCT,2025,1225000.0,30000,Automatic,Petrol,1st Owner,998.0,18.4,5.0,https://www.cardekho.com/used-car-details/used-Kia-sonet-gtx-plus-turbo-dct-cars-New-Delhi_3fd0663d-c56c-4516-91a1-21a69aef5745.htm?adId=27643&adType=41
2026 Toyota Innova Hycross ZX(O) Exclusive Edition,2026,3650000.0,5200,Automatic,Petrol,1st Owner,1987.0,,7.0,https://www.cardekho.com/used-car-details/used-Toyota-innova-hycross-zxo-exclusive-edition-cars-New-Delhi_a935d0ca-04e7-4631-88f2-cdb9c49611c4.htm
2024 Maruti Suzuki Grand Vitara Zeta,2024,1225000.0,12000,Automatic,Petrol,1st Owner,1462.0,21.11,5.0,https://www.cardekho.com/used-car-details/used-Maruti-grand-vitara-zeta-cars-New-Delhi_79be7202-6cd6-4a67-ac5a-3968c02da557.htm
2014 Mercedes-Benz CLA 200 CGI Sport,2014,1350000.0,53000,Automatic,Petrol,1st Owner,1991.0,,5.0,https://www.cardekho.com/used-car-details/used-Mercedes-benz-cla-200-cgi-sport-cars-New-Delhi_73afe0b4-0831-4699-af33-1d63163923ce.htm?adId=30021&adType=41
2018 Tata Tiago XZ Plus,2019,294000.0,60058,Manual,Petrol,1st Owner,1199.0,23.84,5.0,https://www.cardekho.com/buy-used-car-details/used-Tata-tiago-xz-plus-cars-New-Delhi_48f8d013-b661-4d77-aceb-d53eb9472246.htm
2014 Ford Ecosport 1.5 Ti VCT MT Trend,2014,240000.0,78000,Automatic,Petrol,1st Owner,1499.0,15.8,5.0,https://www.cardekho.com/used-car-details/used-Ford-ecosport-15-ti-vct-mt-trend-cars-New-Delhi_18c908b8-d591-487f-8587-3538bcb718d3.htm
2011 Toyota Corolla Altis GL,2011,200000.0,90000,Automatic,Petrol,1st Owner,1798.0,14.53,5.0,https://www.cardekho.com/used-car-details/used-Toyota-corolla-altis-gl-cars-New-Delhi_88ec01e6-19a2-49e6-8960-5a60c8de6e33.htm?adId=28310&adType=41
2020 Hyundai Venue S Turbo,2020,526000.0,40100,Manual,Petrol,1st Owner,998.0,18.27,5.0,https://www.cardekho.com/used-car-details/used-Hyundai-venue-s-turbo-cars-New-Delhi_9cb7c536-f1ee-439c-b2fd-8266fa816d34.htm
2022 Honda Amaze 2nd Gen S BSVI,2022,495000.0,8506,Automatic,Petrol,1st Owner,1199.0,18.6,5.0,https://www.cardekho.com/used-car-details/used-Honda-amaze-2nd-gen-s-bsvi-cars-New-Delhi_ee3501e7-2032-493c-9d27-45b68ffcf287.htm
2011 Toyota Corolla Altis G,2011,188000.0,70000,Automatic,Petrol,1st Owner,1798.0,14.53,5.0,https://www.cardekho.com/used-car-details/used-Toyota-corolla-altis-g-cars-New-Delhi_86be14ea-bc86-4fd3-a433-c7aabd999e68.htm?adId=28244&adType=41
2021 Skoda Rapid 1.0 TSI Ambition,2021,650000.0,31000,Automatic,Petrol,1st Owner,999.0,18.97,5.0,https://www.cardekho.com/used-car-details/used-Skoda-rapid-10-tsi-ambition-cars-New-Delhi_93fe9736-7a71-4b30-a6ba-397b99dedf7f.htm
2024 Hyundai Exter SX CNG,2024,699000.0,48000,Automatic,Petrol,1st Owner,1197.0,,5.0,https://www.cardekho.com/used-car-details/used-Hyundai-exter-sx-cng-cars-New-Delhi_1ee330d9-88c5-4e6b-81ef-c65a7dfe64c5.htm
2020 Hyundai Creta 1.6 SX,2020,1050000.0,60000,Automatic,Petrol,1st Owner,1591.0,15.8,5.0,https://www.cardekho.com/used-car-details/used-Hyundai-creta-16-sx-cars-New-Delhi_775a37b1-2d41-419f-84de-a5ea413354ab.htm?adId=28758&adType=41
2014 Honda City SV MT,2014,295000.0,62344,Automatic,Petrol,1st Owner,1497.0,17.4,5.0,https://www.cardekho.com/used-car-details/used-Honda-city-sv-mt-cars-New-Delhi_3b8bebbf-3079-4386-a643-f322e0afd5b6.htm
2019 Tata Harrier XZ BSIV,2019,1095000.0,40000,Automatic,Diesel,1st Owner,1956.0,17.0,5.0,https://www.cardekho.com/used-car-details/used-Tata-harrier-xz-bsiv-cars-New-Delhi_bc53baa8-9590-47f0-a5d7-501c9baf891b.htm?adId=27517&adType=41
2023 Maruti Suzuki Swift LXI,2023,550000.0,30000,Manual,Petrol,1st Owner,1197.0,22.38,5.0,https://www.cardekho.com/used-car-details/used-Maruti-swift-lxi-cars-New-Delhi_f2eb42ac-2ed1-4ef4-a5fe-0743297e6c5d.htm
2012 Honda Brio V MT,2012,180000.0,52000,Manual,Petrol,1st Owner,1198.0,19.4,5.0,https://www.cardekho.com/used-car-details/used-Honda-brio-v-mt-cars-New-Delhi_1b70b9fb-6744-4aeb-9415-73ad7c0238ee.htm?adId=27710&adType=41
2021 Kia Sonet HTK Plus Turbo DCT,2021,601000.0,51345,Automatic,Petrol,1st Owner,998.0,18.3,5.0,https://www.cardekho.com/used-car-details/used-Kia-sonet-htk-plus-turbo-dct-cars-New-Delhi_5e1b5895-18ed-48ba-b525-d5fbabc5a7a8.htm
2021 Maruti Suzuki XL6 Zeta,2021,800000.0,120000,Automatic,Petrol,1st Owner,1462.0,19.01,6.0,https://www.cardekho.com/used-car-details/used-Maruti-xl6-zeta-cars-New-Delhi_8ba3efe3-6bd0-4b5c-b97c-2b5b0034c708.htm?adId=31144&adType=41
2019 Hyundai Tucson 2.0 Dual VTVT 2WD MT,2019,975000.0,61000,Automatic,Petrol,1st Owner,1999.0,13.03,5.0,https://www.cardekho.com/used-car-details/used-Hyundai-tucson-20-dual-vtvt-2wd-mt-cars-New-Delhi_7a5dd7b4-35d6-4e1c-b71e-bff2ab2e0f5c.htm
2022 Hyundai Kona Premium,2022,1650000.0,60000,Automatic,Petrol,1st Owner,,,5.0,https://www.cardekho.com/used-car-details/used-Hyundai-kona-premium-cars-New-Delhi_e6f5c940-a72f-4d83-aa84-c6dc02db1e56.htm?adId=26746&adType=41
2021 Tata Safari XMA AT,2021,899000.0,52000,Automatic,Petrol,2nd Owner,1956.0,14.08,7.0,https://www.cardekho.com/used-car-details/used-Tata-safari-xma-at-cars-New-Delhi_f1e66d5c-19d4-46bf-8d56-5a05475739d5.htm
2020 Kia Seltos HTX G,2020,890000.0,60000,Automatic,Petrol,1st Owner,1497.0,16.8,5.0,https://www.cardekho.com/used-car-details/used-Kia-seltos-htx-g-cars-New-Delhi_f71a3e25-21d0-4319-936d-298b9a241e63.htm
2024 MG Hector Plus Savvy Pro CVT 7 Str 2023-2025,2024,1600000.0,32000,Automatic,Petrol,1st Owner,1451.0,12.34,7.0,https://www.cardekho.com/used-car-details/used-Mg-hector-plus-savvy-pro-cvt-7-str-2023-2025-cars-New-Delhi_c4813dec-0a2d-44bb-b9e8-deaaa65463eb.htm?adId=28002&adType=41
2024 Mahindra Scorpio N Z8L Diesel 4x4 AT 2023-2025,2024,2300000.0,5300,Automatic,Petrol,1st Owner,2198.0,15.42,7.0,https://www.cardekho.com/used-car-details/used-Mahindra-scorpio-n-z8l-diesel-4x4-at-2023-2025-cars-New-Delhi_1e8de5c9-4425-47a4-85a6-1e31ed120330.htm
2022 Maruti Suzuki Ciaz 1.4 Alpha,2022,690000.0,120385,Automatic,Petrol,1st Owner,1373.0,20.73,5.0,https://www.cardekho.com/used-car-details/used-Maruti-ciaz-14-alpha-cars-New-Delhi_e6fd575a-3c6d-44c5-910f-ec2d1844a413.htm
2014 Volkswagen Polo GT TSI,2014,277000.0,96653,Automatic,Petrol,1st Owner,1197.0,17.21,5.0,https://www.cardekho.com/used-car-details/used-Volkswagen-polo-gt-tsi-cars-New-Delhi_3414f6b4-e0d0-4eff-a547-ab7106e99546.htm
2022 Mahindra XUV700 AX7 AT BSVI,2022,1400000.0,90000,Automatic,Petrol,1st Owner,1999.0,11.0,7.0,https://www.cardekho.com/used-car-details/used-Mahindra-xuv700-ax7-at-bsvi-cars-New-Delhi_e48bde68-58d3-4e15-a0a3-412a60bda808.htm?adId=27627&adType=41
2018 Toyota Innova Crysta 2.7 GX AT 8S BSIV,2018,1200000.0,60000,Automatic,Petrol,2nd Owner,2694.0,,8.0,https://www.cardekho.com/used-car-details/used-Toyota-innova-crysta-27-gx-at-8s-bsiv-cars-New-Delhi_57d59cb5-de7e-4d65-8fd8-4d4f2d435667.htm
2020 Toyota Innova Crysta 2.4 G MT,2020,1475000.0,69023,Manual,Petrol,2nd Owner,2393.0,,7.0,https://www.cardekho.com/used-car-details/used-Toyota-innova-crysta-24-g-mt-cars-New-Delhi_6c4aee88-0ef1-4a6e-b927-91d010922b6a.htm
2023 Toyota Fortuner Legender 4x4 AT 2023,2023,4200000.0,80000,Automatic,Petrol,1st Owner,2755.0,8.0,7.0,https://www.cardekho.com/used-car-details/used-Toyota-fortuner-legender-4x4-at-2023-cars-New-Delhi_2224006f-1698-45a7-a8e9-a99a05bbbc03.htm?adId=27746&adType=41
2019 Mahindra XUV300 W6 BSIV,2019,498000.00000000006,41240,Manual,Petrol,1st Owner,1197.0,17.0,5.0,https://www.cardekho.com/used-car-details/used-Mahindra-xuv300-w6-bsiv-cars-New-Delhi_143ef152-27e9-4aa1-b57a-a69e86a473aa.htm
2024 MG Hector Select Pro CVT 2023-2025,2025,1595000.0,23000,Automatic,Petrol,1st Owner,1451.0,12.34,5.0,https://www.cardekho.com/used-car-details/used-Mg-hector-select-pro-cvt-2023-2025-cars-New-Delhi_f5bdcb29-a0d5-4e8d-9870-ee96514b33ea.htm
2017 Hyundai Creta 1.6 VTVT Base,2017,450000.0,100000,Manual,Petrol,2nd Owner,1591.0,15.29,5.0,https://www.cardekho.com/used-car-details/used-Hyundai-creta-16-vtvt-base-cars-New-Delhi_cffe937c-acba-4571-87c3-95cf952d4d03.htm?adId=28520&adType=41
2021 MG Hector Sharp CVT,2021,1049000.0,34000,Automatic,Petrol,1st Owner,1451.0,9.0,5.0,https://www.cardekho.com/used-car-details/used-Mg-hector-sharp-cvt-cars-New-Delhi_f622b0f5-4745-4b8e-a000-2b2b73b57a16.htm
2023 Maruti Suzuki Brezza Vxi,2023,819999.9999999999,58000,Automatic,Petrol,1st Owner,1462.0,17.38,5.0,https://www.cardekho.com/used-car-details/used-Maruti-brezza-vxi-cars-New-Delhi_659b1bf0-363b-43af-a905-9662a0cb3c1e.htm
2023 Toyota Glanza V AMT,2023,640000.0,72000,Automatic,Petrol,1st Owner,1197.0,22.94,5.0,https://www.cardekho.com/used-car-details/used-Toyota-glanza-v-amt-cars-New-Delhi_91eda2ad-30f3-4827-93b1-d1af5378ddca.htm?adId=29571&adType=41
2019 Tata Nexon 1.2 Revotron XZ Plus Dual Tone,2019,421000.0,41765,Automatic,Petrol,1st Owner,1198.0,17.0,5.0,https://www.cardekho.com/buy-used-car-details/used-Tata-nexon-12-revotron-xz-plus-dual-tone-cars-New-Delhi_78b66c7f-33be-48f7-97f8-cdbbb310d5b6.htm
2019 Audi Q3 30 TFSI Premium FWD,2019,1850000.0,48000,Automatic,Petrol,1st Owner,1395.0,,5.0,https://www.cardekho.com/used-car-details/used-Audi-q3-30-tfsi-premium-fwd-cars-New-Delhi_042a5d95-f076-45fc-b686-d99de081afae.htm
2019 Jaguar F-Pace Prestige 2.0 AWD,2019,3175000.0,57086,Automatic,Petrol,1st Owner,1999.0,16.38,5.0,https://www.cardekho.com/used-car-details/used-Jaguar-f-pace-prestige-20-awd-cars-New-Delhi_33cc4f33-e4a9-45a9-9662-7c271223147a.htm
2023 Tata Harrier XZ Plus BSVI,2023,1500000.0,90000,Automatic,Diesel,1st Owner,1956.0,16.35,5.0,https://www.cardekho.com/used-car-details/used-Tata-harrier-xz-plus-bsvi-cars-New-Delhi_af4c1ea2-260a-4b75-a9dd-b118a9c925fb.htm?adId=29102&adType=41
2019 Jaguar F-Pace Prestige 2.0 AWD,2019,3190000.0,56000,Automatic,Petrol,1st Owner,1999.0,16.38,5.0,https://www.cardekho.com/used-car-details/used-Jaguar-f-pace-prestige-20-awd-cars-New-Delhi_c5515f1e-ad92-4923-aa28-b58568b811d1.htm
2019 Tata Nexon XM Diesel,2019,454000.0,35500,Automatic,Petrol,1st Owner,1497.0,23.22,5.0,https://www.cardekho.com/used-car-details/used-Tata-nexon-xm-diesel-cars-New-Delhi_dceacaf1-1e5c-45ff-ae23-0c565bc7e268.htm
2018 BMW X1 sDrive20d Expedition,2018,1600000.0,100000,Automatic,Diesel,1st Owner,1995.0,,5.0,https://www.cardekho.com/used-car-details/used-Bmw-x1-sdrive20d-expedition-cars-New-Delhi_7c8c8ccc-52be-46da-b78e-91a0d01067c8.htm?adId=29513&adType=41
2023 Kia Seltos HTE G,2023,900000.0,50000,Manual,Petrol,1st Owner,1497.0,16.8,5.0,https://www.cardekho.com/used-car-details/used-Kia-seltos-hte-g-cars-New-Delhi_4095b9a8-8f00-4edb-b3a3-902fd5ddc09a.htm
2024 MG Hector Plus Select Pro 7 Str 2023-2025,2025,1249000.0,19587,Automatic,Petrol,1st Owner,1451.0,13.79,7.0,https://www.cardekho.com/used-car-details/used-Mg-hector-plus-select-pro-7-str-2023-2025-cars-New-Delhi_12ac26aa-c981-432d-8b0c-12fef4d96bc5.htm
2019 Mercedes-Benz C-Class Prime C 200,2019,2495000.0,37000,Automatic,Petrol,1st Owner,1497.0,,5.0,https://www.cardekho.com/used-car-details/used-Mercedes-benz-c-class-prime-c-200-cars-New-Delhi_9847c6d1-fdc5-43cc-b457-d74406b04a6b.htm
2021 MG Gloster Savvy 7-Str,2021,2500000.0,50000,Automatic,Diesel,2nd Owner,1996.0,12.0,7.0,https://www.cardekho.com/used-car-details/used-Mg-gloster-savvy-7-str-cars-New-Delhi_810515c6-30ce-4258-a7d6-4bb779e10e80.htm?adId=27602&adType=41
2020 Toyota Innova Crysta 2.4 VX 7 STR,2020,1525000.0,124581,Automatic,Petrol,1st Owner,2393.0,,7.0,https://www.cardekho.com/used-car-details/used-Toyota-innova-crysta-24-vx-7-str-cars-New-Delhi_e260f8f2-04fa-469b-bad5-95396878c615.htm
2025 Volkswagen Taigun 1.5 GT Plus Chrome DSG ES,2025,1490000.0,34000,Automatic,Petrol,2nd Owner,1498.0,19.01,5.0,https://www.cardekho.com/used-car-details/used-Volkswagen-taigun-15-gt-plus-chrome-dsg-es-cars-New-Delhi_ddac5342-e8fe-40c1-a8ae-81ed205b78d3.htm
2023 Honda Amaze 2nd Gen VX CVT,2023,750000.0,30000,Automatic,Petrol,1st Owner,1199.0,18.3,5.0,https://www.cardekho.com/used-car-details/used-Honda-amaze-2nd-gen-vx-cvt-cars-New-Delhi_9671c649-5cc2-426c-b504-05aab75aefe6.htm?adId=28604&adType=41
2022 Toyota Innova Crysta 2.4 GX 7 STR AT,2022,1875000.0,85023,Automatic,Petrol,1st Owner,2393.0,,7.0,https://www.cardekho.com/used-car-details/used-Toyota-innova-crysta-24-gx-7-str-at-cars-New-Delhi_908a5962-10f9-4a80-984e-0ae1a6f34d4f.htm
2018 Hyundai Xcent 1.2 VTVT E Plus,2018,350000.0,50000,Automatic,Petrol,1st Owner,1197.0,20.14,5.0,https://www.cardekho.com/used-car-details/used-Hyundai-xcent-12-vtvt-e-plus-cars-New-Delhi_7f8446a6-3624-4c10-8a58-21822484b42b.htm?adId=27205&adType=41
2011 Skoda Fabia 1.2 MPI Ambition,2011,110000.0,56000,Manual,Petrol,1st Owner,1198.0,16.25,5.0,https://www.cardekho.com/used-car-details/used-Skoda-fabia-12-mpi-ambition-cars-New-Delhi_031aaa73-d0c9-4847-afd1-021306a0a0cb.htm
2022 Tata Nexon XMA AMT S,2022,613000.0,67705,Automatic,Petrol,1st Owner,1199.0,17.05,5.0,https://www.cardekho.com/buy-used-car-details/used-Tata-nexon-xma-amt-s-cars-New-Delhi_1a1b6a06-abea-4f77-9fc0-b95bfd9d05f0.htm
2020 MG Hector Hybrid Smart MT BSIV,2020,970000.0,35000,Manual,Petrol,2nd Owner,1451.0,15.81,5.0,https://www.cardekho.com/used-car-details/used-Mg-hector-hybrid-smart-mt-bsiv-cars-New-Delhi_5c72afcb-6a11-4b13-b231-90dd45910182.htm?adId=29671&adType=41
2021 Kia Seltos HTX IVT G,2021,850000.0,87000,Automatic,Petrol,2nd Owner,1497.0,16.8,5.0,https://www.cardekho.com/used-car-details/used-Kia-seltos-htx-ivt-g-cars-New-Delhi_a9bb4b72-814a-4d2d-882e-bd88a7b12ec7.htm
2016 Hyundai Grand i10 Sportz,2016,260000.0,69000,Manual,Petrol,2nd Owner,1197.0,18.9,5.0,https://www.cardekho.com/used-car-details/used-Hyundai-grand-i10-sportz-cars-New-Delhi_53b35226-0e6e-41b4-8c56-2e6bf61ccaa7.htm
2024 Kia Seltos HTX IVT,2024,1540000.0,16000,Automatic,Petrol,1st Owner,1497.0,17.7,5.0,https://www.cardekho.com/used-car-details/used-Kia-seltos-htx-ivt-cars-New-Delhi_8103a1e3-37fe-4e9c-a954-cd7ebb5b7db7.htm
2020 Mahindra XUV500 W9 BSIV,2020,1050000.0,80000,Automatic,Diesel,1st Owner,2179.0,15.1,7.0,https://www.cardekho.com/used-car-details/used-Mahindra-xuv500-w9-bsiv-cars-New-Delhi_89aecd1e-c118-4290-a1a4-bdd8198f6290.htm?adId=29482&adType=41
2022 Hyundai Creta SX Opt Diesel AT BSVI,2022,1250000.0,64000,Automatic,Petrol,2nd Owner,1493.0,18.0,5.0,https://www.cardekho.com/used-car-details/used-Hyundai-creta-sx-opt-diesel-at-bsvi-cars-New-Delhi_d5b79df8-9f70-40e1-b348-8ab16ea4bbc7.htm
2017 Toyota Fortuner 2.8 4WD AT BSIV,2017,2050000.0,131000,Automatic,Diesel,2nd Owner,2755.0,15.04,7.0,https://www.cardekho.com/used-car-details/used-Toyota-fortuner-28-4wd-at-bsiv-cars-New-Delhi_44583a61-5526-4be6-a764-6fa58d28175f.htm
2024 Mahindra Thar LX Hard Top AT,2024,1148000.0,60000,Automatic,Petrol,1st Owner,1997.0,8.0,4.0,https://www.cardekho.com/used-car-details/used-Mahindra-thar-lx-hard-top-at-cars-New-Delhi_b485c130-b66b-4a09-9cc9-474f05219436.htm
2022 Kia Carens Prestige BSVI,2022,1020000.0,90000,Automatic,Petrol,1st Owner,1497.0,,7.0,https://www.cardekho.com/used-car-details/used-Kia-carens-prestige-bsvi-cars-New-Delhi_d1b086f1-bbdf-4f87-b772-3d678f0dfc4e.htm?adId=28035&adType=41
2021 Kia Seltos HTK G,2021,593000.0,72099,Automatic,Petrol,1st Owner,1497.0,16.8,5.0,https://www.cardekho.com/used-car-details/used-Kia-seltos-htk-g-cars-New-Delhi_bb7cd14c-b378-452c-b7ef-1cb2e853d24d.htm
2021 Renault Triber RXZ BSVI,2021,350000.0,28000,Automatic,Petrol,1st Owner,999.0,20.0,7.0,https://www.cardekho.com/used-car-details/used-Renault-triber-rxz-bsvi-cars-New-Delhi_4859daa1-d8f4-42e3-b75e-dd00465f4f17.htm
2015 Ford Ecosport 1.5 Ti VCT MT Ambiente,2015,400000.0,84000,Manual,Petrol,1st Owner,1499.0,15.8,5.0,https://www.cardekho.com/used-car-details/used-Ford-ecosport-15-ti-vct-mt-ambiente-cars-New-Delhi_b645b02f-d963-4392-944c-34c823944be2.htm
2023 Volkswagen Virtus GT Plus DSG,2023,1535000.0,50000,Automatic,Petrol,1st Owner,1498.0,18.67,5.0,https://www.cardekho.com/used-car-details/used-Volkswagen-virtus-gt-plus-dsg-cars-New-Delhi_e7f47785-f38b-45e6-a08c-1176f4f3cef6.htm?adId=29887&adType=41
2016 Hyundai Grand i10 Asta,2016,320000.0,72000,Automatic,Petrol,1st Owner,1197.0,18.9,5.0,https://www.cardekho.com/used-car-details/used-Hyundai-grand-i10-asta-cars-New-Delhi_3d9d87ce-a526-42f2-bc13-5f4433dc28d3.htm
2024 Volkswagen Taigun 1.5 TSI GT Plus DSG ES,2024,1600000.0,26500,Automatic,Petrol,1st Owner,1498.0,17.88,5.0,https://www.cardekho.com/used-car-details/used-Volkswagen-taigun-15-tsi-gt-plus-dsg-es-cars-New-Delhi_34f22f19-0233-4ca3-b38a-23f367c9a7b4.htm
2019 Tata Tiago 1.2 Revotron XZ,2019,299000.0,58000,Manual,Petrol,1st Owner,1199.0,23.84,5.0,https://www.cardekho.com/used-car-details/used-Tata-tiago-12-revotron-xz-cars-New-Delhi_c6b4428a-a8d7-46b5-b019-6fc1d49a856a.htm
2013 Honda Amaze S i-Vtech,2013,215000.0,60000,Manual,Petrol,1st Owner,1198.0,18.0,5.0,https://www.cardekho.com/used-car-details/used-Honda-amaze-s-i-vtech-cars-New-Delhi_6d0d4d59-8131-4df1-a12e-e63672577381.htm?adId=28051&adType=41
2025 Mercedes-Benz GLE 450 4Matic,2025,9900000.0,12000,Automatic,Petrol,1st Owner,2999.0,,5.0,https://www.cardekho.com/used-car-details/used-Mercedes-benz-gle-450-4matic-cars-New-Delhi_39860c3c-8e1c-4866-ab95-b5aa69460a25.htm
2023 Kia Carens Prestige Plus DCT BSVI,2023,1100000.0,65000,Automatic,Petrol,1st Owner,1482.0,,7.0,https://www.cardekho.com/used-car-details/used-Kia-carens-prestige-plus-dct-bsvi-cars-New-Delhi_ea9af4ab-c854-433a-93eb-e462e7b2c376.htm
2025 Kia Seltos HTE (O),2025,1225000.0,12000,Manual,Petrol,1st Owner,1497.0,17.0,5.0,https://www.cardekho.com/used-car-details/used-Kia-seltos-hte-o-cars-New-Delhi_f9bc1e5e-7b92-4524-b918-a0710ca36856.htm
2021 MG Hector Sharp DCT,2021,1050000.0,70000,Automatic,Petrol,1st Owner,1451.0,13.96,5.0,https://www.cardekho.com/used-car-details/used-Mg-hector-sharp-dct-cars-New-Delhi_745a8de2-25a4-451c-85c1-52c1803d5b0d.htm?adId=29601&adType=41
2023 Renault Kiger RXT,2023,377000.0,62737,Automatic,Petrol,1st Owner,999.0,19.17,5.0,https://www.cardekho.com/buy-used-car-details/used-Renault-kiger-rxt-cars-New-Delhi_38a05990-eb2c-40bc-a8d8-1724631716a5.htm
2019 Kia Seltos HTK Plus G,2019,720000.0,56000,Manual,Petrol,1st Owner,1497.0,16.8,5.0,https://www.cardekho.com/used-car-details/used-Kia-seltos-htk-plus-g-cars-New-Delhi_db0f48ce-e23a-454f-8157-e0a6ddfc1be5.htm
2022 Tata Altroz XZ Plus DCT BSVI,2022,600000.0,70000,Automatic,Petrol,1st Owner,1199.0,19.33,5.0,https://www.cardekho.com/used-car-details/used-Tata-altroz-xz-plus-dct-bsvi-cars-New-Delhi_cc97ac19-76c1-4511-957c-6e5f254c202f.htm?adId=28947&adType=41
2016 Volkswagen Vento 1.2 TSI Highline AT,2016,425000.0,74923,Automatic,Petrol,2nd Owner,1197.0,18.19,5.0,https://www.cardekho.com/used-car-details/used-Volkswagen-vento-12-tsi-highline-at-cars-New-Delhi_aa40faf6-3e32-45db-84eb-e4a1c86de02a.htm
2023 Mahindra XUV700 AX5 BSVI,2023,1950000.0,10000,Automatic,Petrol,1st Owner,1999.0,13.0,5.0,https://www.cardekho.com/used-car-details/used-Mahindra-xuv700-ax5-bsvi-cars-New-Delhi_d8226fec-111e-435e-8c25-6051e488edf0.htm?adId=28048&adType=41
2022 Mercedes-Benz GLS 450 4matic,2022,8700000.0,40000,Automatic,Petrol,1st Owner,3982.0,,4.0,https://www.cardekho.com/used-car-details/used-Mercedes-benz-gls-450-4matic-cars-New-Delhi_e153612e-548f-40c7-a0b5-1c6eb5d3c9d2.htm
2025 Skoda Slavia 1.0 TSI Style AT,2025,1626000.0000000002,4000,Automatic,Petrol,1st Owner,999.0,19.36,5.0,https://www.cardekho.com/buy-used-car-details/used-Skoda-slavia-10-tsi-style-at-cars-New-Delhi_0e235453-3a8f-4d21-8e66-98d69db1a7db.htm
2019 Mahindra XUV500 W11 Option AWD,2019,898000.0,100000,Automatic,Diesel,1st Owner,2179.0,15.1,7.0,https://www.cardekho.com/used-car-details/used-Mahindra-xuv500-w11-option-awd-cars-New-Delhi_23887bcf-346c-4c64-ade9-e5b8b25ebf0b.htm?adId=29691&adType=41
2025 Skoda Slavia 1.0 TSI Style AT,2025,1626000.0000000002,4001,Automatic,Petrol,1st Owner,999.0,19.36,5.0,https://www.cardekho.com/buy-used-car-details/used-Skoda-slavia-10-tsi-style-at-cars-New-Delhi_49df79d8-11db-4952-90b8-b13ee96a45bb.htm
2025 Hyundai Creta S (O),2025,1450000.0,21000,Automatic,Petrol,1st Owner,1497.0,17.4,5.0,https://www.cardekho.com/used-car-details/used-Hyundai-creta-s-o-cars-New-Delhi_124104a6-a5d1-4a45-94c6-ccca4d214cfc.htm
2014 Hyundai Grand i10 Magna,2014,201000.0,88515,Automatic,Petrol,1st Owner,1197.0,18.9,5.0,https://www.cardekho.com/buy-used-car-details/used-Hyundai-grand-i10-magna-cars-New-Delhi_00989398-8a39-4999-9cf4-2af31e2ed966.htm
2017 Ford Endeavour 3.2 Titanium AT 4X4,2017,1600000.0,96000,Automatic,Diesel,1st Owner,3198.0,10.91,7.0,https://www.cardekho.com/used-car-details/used-Ford-endeavour-32-titanium-at-4x4-cars-New-Delhi_9c58120b-3f9e-474f-ad99-03dcaa53fa9d.htm?adId=29650&adType=41
2019 BMW 6 Series GT 630d M Sport 2018-2021,2019,3475000.0,35000,Automatic,Petrol,1st Owner,2993.0,,4.0,https://www.cardekho.com/used-car-details/used-Bmw-6-series-gt-630d-m-sport-2018-2021-cars-New-Delhi_3b552104-061b-4f67-9a44-c2fa2a74ce9a.htm
2014 Hyundai Grand i10 Sportz,2014,270000.0,53000,Automatic,Petrol,1st Owner,1197.0,18.9,5.0,https://www.cardekho.com/used-car-details/used-Hyundai-grand-i10-sportz-cars-New-Delhi_46a05fe1-6158-496c-8356-1bfade24774e.htm
2019 Tata Tiago 1.2 Revotron XT,2019,289000.0,70000,Manual,Petrol,2nd Owner,1199.0,23.84,5.0,https://www.cardekho.com/used-car-details/used-Tata-tiago-12-revotron-xt-cars-New-Delhi_10b11d7a-6dd0-4ebe-8b7e-8a6ab8565638.htm
2018 Mahindra XUV500 W11 Option AT AWD,2018,975000.0,57500,Automatic,Diesel,1st Owner,2179.0,15.1,7.0,https://www.cardekho.com/used-car-details/used-Mahindra-xuv500-w11-option-at-awd-cars-New-Delhi_567c12c7-baee-4405-9db6-2d7ef9ddadec.htm?adId=27475&adType=41
2023 Tata Nexon XM,2023,588000.0,54000,Manual,Petrol,1st Owner,1199.0,17.33,5.0,https://www.cardekho.com/used-car-details/used-Tata-nexon-xm-cars-New-Delhi_88976f6f-66d1-4be9-ad4f-90d804863c42.htm
2023 Maruti Suzuki Brezza Vxi CNG,2023,940000.0,42000,Automatic,Petrol,1st Owner,1462.0,,5.0,https://www.cardekho.com/used-car-details/used-Maruti-brezza-vxi-cng-cars-New-Delhi_2ffa924d-53d6-4179-a86d-75f6c93409c8.htm
2024 Honda Elevate ZX Non RF,2024,1270000.0,40000,Automatic,Petrol,1st Owner,1498.0,15.31,5.0,https://www.cardekho.com/used-car-details/used-Honda-elevate-zx-non-rf-cars-New-Delhi_1429b99f-54ba-450c-814e-6dab4df72763.htm?adId=29565&adType=41
2024 Tata Punch Adventure CNG,2024,650000.0,48000,Manual,Petrol,1st Owner,1199.0,,5.0,https://www.cardekho.com/used-car-details/used-Tata-punch-adventure-cng-cars-New-Delhi_67ead8bf-9a05-46ca-bb9e-2b1490580026.htm
2024 Nissan Magnite Turbo CVT XV,2024,790000.0,32000,Automatic,Petrol,1st Owner,999.0,17.4,5.0,https://www.cardekho.com/used-car-details/used-Nissan-magnite-turbo-cvt-xv-cars-New-Delhi_cc82d272-53b3-441e-a9af-f8d0a20a7c30.htm
2022 Mahindra XUV700 AX7 Diesel Luxury Pack BSVI,2022,1550000.0,90000,Automatic,Petrol,1st Owner,2198.0,15.0,7.0,https://www.cardekho.com/used-car-details/used-Mahindra-xuv700-ax7-diesel-luxury-pack-bsvi-cars-New-Delhi_6e0977f0-03a9-40d6-b0a0-28b24595e41f.htm?adId=27571&adType=41
2022 Mahindra Thar LX 4WD Hard Top AT BSVI,2022,1199000.0,15000,Automatic,Petrol,1st Owner,1997.0,8.0,4.0,https://www.cardekho.com/used-car-details/used-Mahindra-thar-lx-4wd-hard-top-at-bsvi-cars-New-Delhi_28c695c9-ff12-4e9e-b95a-8d56a0fe938a.htm
2020 Mahindra XUV500 W11 Option AT,2020,920000.0,80000,Automatic,Diesel,1st Owner,2179.0,15.1,7.0,https://www.cardekho.com/used-car-details/used-Mahindra-xuv500-w11-option-at-cars-New-Delhi_730da047-d287-40cf-8811-bbfe688d27a4.htm?adId=27023&adType=41
2019 Toyota Innova Crysta 2.4 G Plus MT BSIV,2019,1230000.0,154000,Manual,Petrol,2nd Owner,2393.0,,7.0,https://www.cardekho.com/used-car-details/used-Toyota-innova-crysta-24-g-plus-mt-bsiv-cars-New-Delhi_9d4092fa-d89f-4b75-b324-b24a2faae92a.htm
2022 Maruti Suzuki Grand Vitara Zeta AT BSVI,2022,1180000.0,18500,Automatic,Petrol,1st Owner,1462.0,20.58,5.0,https://www.cardekho.com/used-car-details/used-Maruti-grand-vitara-zeta-at-bsvi-cars-New-Delhi_164dd9c6-11c9-4409-8729-446c7bd0c8e2.htm
2019 Toyota Innova Crysta 2.7 GX MT BSIV,2019,1225000.0,37000,Manual,Petrol,1st Owner,2694.0,,7.0,https://www.cardekho.com/used-car-details/used-Toyota-innova-crysta-27-gx-mt-bsiv-cars-New-Delhi_3ee0ea47-f49b-4110-ac60-5229f8ff8087.htm
2023 Jeep Wrangler Rubicon,2023,5500000.0,42500,Automatic,Petrol,1st Owner,1998.0,,5.0,https://www.cardekho.com/used-car-details/used-Jeep-wrangler-rubicon-cars-New-Delhi_9261cbfd-d622-441d-898d-5eb58f4a573a.htm?adId=28646&adType=41
2017 Honda City i VTEC VX,2017,396000.0,110963,Automatic,Petrol,1st Owner,1497.0,17.8,5.0,https://www.cardekho.com/buy-used-car-details/used-Honda-city-i-vtec-vx-cars-New-Delhi_8314f4ae-97f4-4dae-9e7c-5366db1513e0.htm
2024 Toyota Innova Hycross ZX Hybrid,2025,3150000.0,32475,Automatic,Petrol,1st Owner,1987.0,,7.0,https://www.cardekho.com/used-car-details/used-Toyota-innova-hycross-zx-hybrid-cars-New-Delhi_a5c329e5-4a32-45cd-b8fa-57dfa0cac395.htm
2016 Maruti Suzuki Ciaz RS ZDi Plus SHVS,2016,448000.00000000006,48000,Automatic,Petrol,1st Owner,1248.0,28.09,5.0,https://www.cardekho.com/used-car-details/used-Maruti-ciaz-rs-zdi-plus-shvs-cars-New-Delhi_bdef83b1-dc8b-494a-bc2b-ade8cf010a60.htm?adId=28342&adType=41
2022 Mercedes-Benz C-Class Progressive C 200,2022,4150000.0,12500,Automatic,Petrol,1st Owner,1950.0,,5.0,https://www.cardekho.com/used-car-details/used-Mercedes-benz-c-class-progressive-c-200-cars-New-Delhi_389c11fe-8e97-4378-ab6b-a2b4f95b185b.htm
2018 Tata Tiago 1.2 Revotron XT,2018,255000.0,79557,Manual,Petrol,1st Owner,1199.0,23.84,5.0,https://www.cardekho.com/used-car-details/used-Tata-tiago-12-revotron-xt-cars-New-Delhi_731df8c0-dddf-4496-b11e-fbcf6bffee8b.htm
2016 Toyota Innova 2.5 VX (Diesel) 7 Seater BS IV,2016,1300000.0,60000,Automatic,Petrol,1st Owner,2494.0,,7.0,https://www.cardekho.com/used-car-details/used-Toyota-innova-25-vx-diesel-7-seater-bs-iv-cars-New-Delhi_bd6a0b9e-9e52-4c6b-87df-84ee21d05f7a.htm?adId=27186&adType=41
2022 Tata Punch Creative AMT DT,2022,634000.0,21044,Automatic,Petrol,2nd Owner,1199.0,18.8,5.0,https://www.cardekho.com/used-car-details/used-Tata-punch-creative-amt-dt-cars-New-Delhi_190468bb-159c-458c-bd6c-89c7cda4d1e7.htm
2022 Tata Altroz Accomplished S,2022,407000.0,31593,Automatic,Petrol,2nd Owner,1199.0,,5.0,https://www.cardekho.com/used-car-details/used-Tata-altroz-accomplished-s-cars-New-Delhi_6568174e-1608-49ea-8911-9943b093ef3c.htm
2023 Audi Q7 Technology,2023,5600000.0,35000,Automatic,Petrol,2nd Owner,2995.0,,7.0,https://www.cardekho.com/used-car-details/used-Audi-q7-technology-cars-New-Delhi_d731e76e-ac86-46ce-9c43-703cb25df61a.htm
2017 Ford Endeavour 3.2 Titanium AT 4X4,2017,1350000.0,180000,Automatic,Petrol,2nd Owner,3198.0,10.91,7.0,https://www.cardekho.com/used-car-details/used-Ford-endeavour-32-titanium-at-4x4-cars-New-Delhi_0456119b-173d-4eee-9428-c2483570f91d.htm?adId=27908&adType=41
2024 Kia Carens Prestige Opt,2024,1150000.0,17000,Automatic,Petrol,1st Owner,1497.0,,7.0,https://www.cardekho.com/used-car-details/used-Kia-carens-prestige-opt-cars-New-Delhi_f9dfd651-3fc4-4bd1-ab10-2ff024830d58.htm
2017 Maruti Suzuki Ciaz 1.3 Delta,2017,335000.0,108000,Automatic,Petrol,1st Owner,1248.0,28.09,5.0,https://www.cardekho.com/used-car-details/used-Maruti-ciaz-13-delta-cars-New-Delhi_678b22db-9c59-44f7-8506-6efb7e8c48b8.htm
2019 Tata Nexon 1.2 Revotron XMA,2019,500000.0,95000,Automatic,Petrol,2nd Owner,1198.0,17.0,5.0,https://www.cardekho.com/used-car-details/used-Tata-nexon-12-revotron-xma-cars-New-Delhi_224bb8dc-48a9-44a5-8e95-37de726c79ac.htm?adId=28873&adType=41
2025 Mahindra Thar LX Hard Top Diesel,2025,1363000.0,18000,Manual,Petrol,1st Owner,2184.0,9.0,4.0,https://www.cardekho.com/used-car-details/used-Mahindra-thar-lx-hard-top-diesel-cars-New-Delhi_2c8a6749-b3ae-45a0-b88e-55093653771a.htm
2021 Maruti Suzuki Dzire LXI BSVI,2021,525000.0,66000,Automatic,Petrol,1st Owner,1197.0,22.41,5.0,https://www.cardekho.com/used-car-details/used-Maruti-dzire-lxi-bsvi-cars-New-Delhi_294d701d-da87-49e5-b689-11286f193848.htm
2022 Hyundai Grand i10 Nios Sportz,2022,550000.0,5500,Automatic,Petrol,1st Owner,1197.0,20.7,5.0,https://www.cardekho.com/used-car-details/used-Hyundai-grand-i10-nios-sportz-cars-New-Delhi_3d81242d-ada2-4553-87ff-4b3cb9279e5e.htm
2012 Audi A4 1.8 TFSI,2012,600000.0,112000,Automatic,Petrol,3rd Owner,1781.0,,5.0,https://www.cardekho.com/used-car-details/used-Audi-a4-18-tfsi-cars-New-Delhi_c2e6f696-b02e-429c-9d43-8098fd7a9ae3.htm?adId=29807&adType=41
2024 MG Astor Savvy Pro CVT,2024,1175000.0,10000,Automatic,Petrol,1st Owner,1498.0,14.82,5.0,https://www.cardekho.com/used-car-details/used-Mg-astor-savvy-pro-cvt-cars-New-Delhi_68567648-c119-431f-8ea6-4782677480ba.htm
2016 Mercedes-Benz GLE 250d,2016,1990000.0,97000,Automatic,Petrol,3rd Owner,2143.0,17.9,5.0,https://www.cardekho.com/used-car-details/used-Mercedes-benz-gle-250d-cars-New-Delhi_5c655124-a8f7-4c6c-a858-1ac702ad5a76.htm
2014 Hyundai Grand i10 AT Asta,2014,230000.0,44971,Automatic,Petrol,2nd Owner,1197.0,18.9,5.0,https://www.cardekho.com/used-car-details/used-Hyundai-grand-i10-at-asta-cars-New-Delhi_10c7ae67-d238-4fd9-948a-cd2a12170bb6.htm
2025 Hyundai i20 Asta Opt IVT,2025,850000.0,20000,Automatic,Petrol,2nd Owner,1197.0,20.0,5.0,https://www.cardekho.com/used-car-details/used-Hyundai-i20-asta-opt-ivt-cars-New-Delhi_021a5011-3081-4150-b9fa-232cf05199fb.htm?adId=27925&adType=41
2020 Lexus NX 300h,2020,3450000.0,100000,Automatic,Petrol,1st Owner,2499.0,,5.0,https://www.cardekho.com/used-car-details/used-Lexus-nx-300h-cars-New-Delhi_1d0eef07-428d-4c19-b698-6550f428292a.htm
2018 Hyundai i20 1.4 Magna Executive,2018,425000.0,104000,Manual,Petrol,1st Owner,1396.0,22.54,5.0,https://www.cardekho.com/used-car-details/used-Hyundai-i20-14-magna-executive-cars-New-Delhi_53840f8a-b931-401d-bc5a-88fe1621ff2e.htm?adId=29854&adType=41
2016 Honda Amaze 2nd Gen S,2016,338000.0,54886,Manual,Petrol,1st Owner,1199.0,18.6,5.0,https://www.cardekho.com/used-car-details/used-Honda-amaze-2nd-gen-s-cars-New-Delhi_30877cc6-61af-4147-b986-6114529539bc.htm
2024 Mahindra Thar LX Hard Top AT RWD,2024,1250000.0,22000,Automatic,Petrol,2nd Owner,1997.0,8.0,4.0,https://www.cardekho.com/used-car-details/used-Mahindra-thar-lx-hard-top-at-rwd-cars-New-Delhi_5076513e-22e5-4faa-a150-ad6fde07bfc3.htm
2023 Toyota Fortuner 4X2 Diesel AT,2023,3600000.0,70000,Automatic,Petrol,1st Owner,2755.0,,7.0,https://www.cardekho.com/used-car-details/used-Toyota-fortuner-4x2-diesel-at-cars-New-Delhi_e51a1ccb-3950-47c4-b1bb-4f66a5eb569e.htm?adId=30101&adType=41
2024 Toyota Fortuner 4X4 Diesel AT,2024,3900000.0,76000,Automatic,Petrol,1st Owner,2755.0,12.0,7.0,https://www.cardekho.com/used-car-details/used-Toyota-fortuner-4x4-diesel-at-cars-New-Delhi_3e2db375-8680-4947-a187-5ccc9401d830.htm
2025 Toyota Innova Crysta 2.4 GX Plus 7Str Platinum White Pearl,2025,2050000.0,7700,Manual,Diesel,1st Owner,2393.0,,7.0,https://www.cardekho.com/used-car-details/used-Toyota-innova-crysta-24-gx-plus-7str-platinum-white-pearl-cars-New-Delhi_b85e3f86-1632-4635-aeb4-16aa02fa8c02.htm
2019 Honda Amaze E Petrol BSIV,2019,440000.00000000006,63000,Automatic,Petrol,1st Owner,1199.0,19.5,5.0,https://www.cardekho.com/used-car-details/used-Honda-amaze-e-petrol-bsiv-cars-New-Delhi_9f471efa-0f17-4a24-bb8d-1ed51069be45.htm
2023 Mahindra Scorpio N Z8L 6 Str 2023-2025,2023,1850000.0,40000,Automatic,Petrol,1st Owner,1997.0,12.17,6.0,https://www.cardekho.com/used-car-details/used-Mahindra-scorpio-n-z8l-6-str-2023-2025-cars-New-Delhi_968babb0-357c-416a-a259-df08f43e3eba.htm?adId=27164&adType=41
2023 Mahindra Thar LX 4WD Hard Top AT BSVI,2023,1390000.0,18500,Automatic,Petrol,2nd Owner,1997.0,8.0,4.0,https://www.cardekho.com/used-car-details/used-Mahindra-thar-lx-4wd-hard-top-at-bsvi-cars-New-Delhi_e9098f41-812e-4e3a-b49e-f2a4c973ce15.htm?adId=28266&adType=41
2019 Ford Endeavour 3.2 Titanium AT 4X4,2019,2050000.0,103000,Automatic,Diesel,1st Owner,3198.0,10.91,7.0,https://www.cardekho.com/used-car-details/used-Ford-endeavour-32-titanium-at-4x4-cars-New-Delhi_f8c3f259-f463-4b56-a8a1-be39bff4ded2.htm
2023 Mercedes-Benz E-Class Exclusive E 200,2023,4950000.0,50000,Automatic,Petrol,1st Owner,1991.0,,5.0,https://www.cardekho.com/used-car-details/used-Mercedes-benz-e-class-exclusive-e-200-cars-New-Delhi_e679ef6f-1845-4e58-af44-9142578ebcdf.htm
2014 Honda City i VTEC CVT SV,2014,350000.0,40000,Automatic,Petrol,1st Owner,1497.0,18.0,5.0,https://www.cardekho.com/used-car-details/used-Honda-city-i-vtec-cvt-sv-cars-New-Delhi_8cd70a52-d77c-447e-8f6c-d9d9bdb23aa5.htm?adId=26873&adType=41
2023 Tata Tigor XZ Plus,2023,749000.0,40000,Automatic,Petrol,1st Owner,1199.0,19.28,5.0,https://www.cardekho.com/used-car-details/used-Tata-tigor-xz-plus-cars-New-Delhi_8b1ba2d7-a99d-428e-b2da-43a0e0ecdf4e.htm
2019 Tata Tiago 1.2 Revotron XZ Plus,2019,300000.0,100000,Manual,Petrol,1st Owner,1199.0,23.84,5.0,https://www.cardekho.com/used-car-details/used-Tata-tiago-12-revotron-xz-plus-cars-New-Delhi_044e3362-900b-498b-b4d0-23d91fb4a49c.htm
2018 Ford Ecosport 1.5 Petrol Titanium BSIV,2018,355000.0,80000,Automatic,Petrol,2nd Owner,1497.0,17.0,5.0,https://www.cardekho.com/used-car-details/used-Ford-ecosport-15-petrol-titanium-bsiv-cars-New-Delhi_5325cb76-f183-4d6b-b44b-bb4c9d963595.htm?adId=27500&adType=41
2020 Hyundai Elantra VTVT SX Option AT,2020,1075000.0,64000,Automatic,Petrol,1st Owner,1999.0,14.62,5.0,https://www.cardekho.com/used-car-details/used-Hyundai-elantra-vtvt-sx-option-at-cars-New-Delhi_f0339916-1edc-4afa-bc7f-c54a77f8a908.htm
2018 Hyundai Creta 1.6 CRDi AT SX Plus,2018,658000.0,104800,Automatic,Petrol,2nd Owner,1582.0,17.01,5.0,https://www.cardekho.com/used-car-details/used-Hyundai-creta-16-crdi-at-sx-plus-cars-New-Delhi_fa74e8f8-fda0-4b7c-9bbd-0a1517dc7405.htm
2020 Honda Civic VX Diesel BSIV,2020,1050000.0,120000,Automatic,Petrol,1st Owner,1597.0,26.8,5.0,https://www.cardekho.com/used-car-details/used-Honda-civic-vx-diesel-bsiv-cars-New-Delhi_5d34f72c-0ab8-469a-9450-04f5ae2c98a8.htm?adId=29743&adType=41
2018 Hyundai i20 1.2 Asta Option,2018,330000.0,86118,Automatic,Petrol,2nd Owner,1197.0,18.6,5.0,https://www.cardekho.com/buy-used-car-details/used-Hyundai-i20-12-asta-option-cars-New-Delhi_a69133c6-a461-4d62-b3d7-409c56c46ec3.htm
2021 Tata Punch Adventure,2021,472000.0,44074,Automatic,Petrol,1st Owner,1199.0,20.09,5.0,https://www.cardekho.com/used-car-details/used-Tata-punch-adventure-cars-New-Delhi_03f0d397-9bb0-45c2-a463-4eedd5c89098.htm
2022 MG ZS EV Exclusive,2022,1350000.0,84000,Automatic,Petrol,1st Owner,,,5.0,https://www.cardekho.com/used-car-details/used-Mg-zs-ev-exclusive-cars-New-Delhi_56222f3c-90bd-4527-8cb7-feeb7b5c5bb9.htm?adId=28808&adType=41
2018 Hyundai Verna VTVT 1.6 SX,2018,595000.0,78000,Automatic,Petrol,1st Owner,1591.0,17.0,5.0,https://www.cardekho.com/used-car-details/used-Hyundai-verna-vtvt-16-sx-cars-New-Delhi_de42d2be-33e5-475f-abca-4294bdf77ea6.htm
2020 Hyundai Grand i10 Nios Sportz,2020,400000.0,39000,Automatic,Petrol,1st Owner,1197.0,20.7,5.0,https://www.cardekho.com/used-car-details/used-Hyundai-grand-i10-nios-sportz-cars-New-Delhi_36a39471-48e6-4d65-87dd-d46e2aa0d9d3.htm
2015 Hyundai i20 Asta Option 1.2,2015,325000.0,75000,Automatic,Petrol,1st Owner,1197.0,18.6,5.0,https://www.cardekho.com/used-car-details/used-Hyundai-i20-asta-option-12-cars-New-Delhi_f2c468ee-4ccd-494b-a43c-ba82de227e74.htm
2024 Volkswagen Virtus GT Plus DSG,2024,1639999.9999999998,30000,Automatic,Petrol,1st Owner,1498.0,18.67,5.0,https://www.cardekho.com/used-car-details/used-Volkswagen-virtus-gt-plus-dsg-cars-New-Delhi_9660e41d-1588-4b85-8423-2bb35b73d16c.htm?adId=27790&adType=41
2021 MG Gloster Savvy 6-Str,2021,2299000.0,90000,Automatic,Diesel,1st Owner,1996.0,12.4,6.0,https://www.cardekho.com/used-car-details/used-Mg-gloster-savvy-6-str-cars-New-Delhi_cca21a27-9c7d-4058-8053-aab39560c97a.htm
2017 Mercedes-Benz S-Class S 350 d,2017,3775000.0,55000,Automatic,Petrol,1st Owner,2925.0,,5.0,https://www.cardekho.com/used-car-details/used-Mercedes-benz-s-class-s-350-d-cars-New-Delhi_f5b13a45-2c03-4de2-b56d-dd005e2efcb4.htm
2017 Toyota Fortuner 2.8 4WD AT BSIV,2017,2100000.0,98500,Automatic,Diesel,2nd Owner,2755.0,15.04,7.0,https://www.cardekho.com/used-car-details/used-Toyota-fortuner-28-4wd-at-bsiv-cars-New-Delhi_ecbb0d4a-d8da-4746-b823-b5bc3d74093a.htm?adId=27426&adType=41
2020 Hyundai i20 Sportz BSVI,2020,530000.0,65000,Automatic,Petrol,1st Owner,1197.0,21.0,5.0,https://www.cardekho.com/used-car-details/used-Hyundai-i20-sportz-bsvi-cars-New-Delhi_4d461a9f-2c4b-4fac-ba17-1ebec69c0fd5.htm
2017 Honda WR-V i-VTEC VX,2017,331000.0,111544,Automatic,Petrol,1st Owner,1199.0,17.5,5.0,https://www.cardekho.com/buy-used-car-details/used-Honda-wr-v-i-vtec-vx-cars-New-Delhi_cd507afa-2466-40c9-821c-63617c636583.htm
2022 Kia Carnival Prestige,2022,2590000.0,54000,Automatic,Diesel,1st Owner,2199.0,,7.0,https://www.cardekho.com/used-car-details/used-Kia-carnival-prestige-cars-New-Delhi_dfc18f4b-c766-4287-a888-4633175e0dfd.htm
2025 Hyundai Venue E,2025,750000.0,17000,Manual,Petrol,1st Owner,1197.0,20.36,5.0,https://www.cardekho.com/used-car-details/used-Hyundai-venue-e-cars-New-Delhi_ff23a9f2-7bd2-4faa-9f99-70b24c33207c.htm?adId=27479&adType=41
2022 Mahindra XUV700 AX3 AT BSVI,2022,1298000.0,30000,Automatic,Petrol,2nd Owner,1999.0,11.0,5.0,https://www.cardekho.com/used-car-details/used-Mahindra-xuv700-ax3-at-bsvi-cars-New-Delhi_a4bd70ea-2538-4199-9fde-1d74d82d8d53.htm
2023 Mercedes-Benz AMG A 35 4MATIC,2023,3990000.0,7500,Automatic,Petrol,1st Owner,1991.0,,5.0,https://www.cardekho.com/used-car-details/used-Mercedes-benz-amg-a-35-4matic-cars-New-Delhi_aa04910e-91cc-4f35-910b-b864b98b7b40.htm
2023 MG Astor Super CVT BSVI,2023,650000.0,73000,Automatic,Petrol,1st Owner,1498.0,,5.0,https://www.cardekho.com/used-car-details/used-Mg-astor-super-cvt-bsvi-cars-New-Delhi_9dbf62cf-cd84-4189-be34-6ee85dc7259f.htm?adId=29455&adType=41
2021 Hyundai Creta SX Opt IVT BSVI,2021,1095000.0,52000,Automatic,Petrol,1st Owner,1497.0,14.0,5.0,https://www.cardekho.com/used-car-details/used-Hyundai-creta-sx-opt-ivt-bsvi-cars-New-Delhi_3f9e8284-9f0f-4073-93fd-7b0d6ad7147d.htm
2022 Hyundai Creta SX IVT BSVI,2022,1250000.0,50000,Automatic,Petrol,1st Owner,1497.0,14.0,5.0,https://www.cardekho.com/used-car-details/used-Hyundai-creta-sx-ivt-bsvi-cars-New-Delhi_0ce3e4cb-9a3c-4fd4-88c5-07a3cc56734d.htm
2022 Tata Punch Accomplished AMT BSVI,2022,575000.0,40000,Automatic,Petrol,1st Owner,1199.0,18.8,5.0,https://www.cardekho.com/used-car-details/used-Tata-punch-accomplished-amt-bsvi-cars-New-Delhi_807056dd-9189-4701-b017-7589fd6a0e98.htm
2023 MG Astor Sharp CVT BSVI,2023,950000.0,33000,Automatic,Petrol,1st Owner,1498.0,14.82,5.0,https://www.cardekho.com/used-car-details/used-Mg-astor-sharp-cvt-bsvi-cars-New-Delhi_75e0e738-480b-4750-b016-3f4e11feeb7e.htm?adId=27967&adType=41
2025 Mahindra XUV700 AX7 7Str AT,2025,1975000.0,6000,Automatic,Petrol,1st Owner,1999.0,13.0,7.0,https://www.cardekho.com/used-car-details/used-Mahindra-xuv700-ax7-7str-at-cars-New-Delhi_f4bfaa37-d987-46f1-9002-8efd55c1e2bb.htm
2016 Hyundai Creta SX Premium iVT DT,2017,458000.0,112821,Automatic,Petrol,2nd Owner,1497.0,17.7,5.0,https://www.cardekho.com/buy-used-car-details/used-Hyundai-creta-sx-premium-ivt-dt-cars-New-Delhi_99906500-63b1-4a72-85be-2782e41cf97c.htm
2023 Mahindra XUV400 EV EL Fast Charger,2023,1200000.0,10000,Automatic,Petrol,1st Owner,,,5.0,https://www.cardekho.com/used-car-details/used-Mahindra-xuv400-ev-el-fast-charger-cars-New-Delhi_db3d2668-8b18-4240-b6e2-d87a2392769e.htm?adId=28560&adType=41
2022 Hyundai Creta SX BSVI,2022,1050000.0,18000,Automatic,Petrol,1st Owner,1497.0,14.0,5.0,https://www.cardekho.com/used-car-details/used-Hyundai-creta-sx-bsvi-cars-New-Delhi_ace74dda-abe9-4bea-b2cb-643c9104c0bc.htm
2023 Tata Nexon Smart Plus,2023,710000.0,19392,Manual,Petrol,1st Owner,1199.0,17.44,5.0,https://www.cardekho.com/used-car-details/used-Tata-nexon-smart-plus-cars-New-Delhi_393a57a4-3513-45d6-9bcd-92309e8aae85.htm
2023 Hyundai Venue S Opt 2023-2025,2023,750000.0,19400,Manual,Petrol,1st Owner,1197.0,20.36,5.0,https://www.cardekho.com/used-car-details/used-Hyundai-venue-s-opt-2023-2025-cars-New-Delhi_938f2a99-01e7-4bf8-9bf8-327e9bd60da3.htm?adId=28142&adType=41
2019 Hyundai Verna VTVT 1.6 SX,2019,690000.0,68000,Automatic,Petrol,1st Owner,1591.0,17.0,5.0,https://www.cardekho.com/used-car-details/used-Hyundai-verna-vtvt-16-sx-cars-New-Delhi_c18b298f-c230-4076-b92c-0580f576ba33.htm
2017 Ford Ecosport 1.5 TDCi Titanium BSIV,2017,385000.0,75000,Automatic,Petrol,1st Owner,1498.0,22.77,5.0,https://www.cardekho.com/used-car-details/used-Ford-ecosport-15-tdci-titanium-bsiv-cars-New-Delhi_28eb3668-68d0-4d54-8d0c-7f459f940696.htm
2015 Maruti Suzuki Alto K10 VXI,2015,195000.0,120000,Automatic,Petrol,1st Owner,998.0,23.95,5.0,https://www.cardekho.com/used-car-details/used-Maruti-alto-k10-vxi-cars-New-Delhi_c1292c63-3043-4a50-b3f5-fff0abc78966.htm?adId=27974&adType=41
2021 Honda City V MT,2021,710000.0,25000,Automatic,Petrol,1st Owner,1498.0,18.6,5.0,https://www.cardekho.com/used-car-details/used-Honda-city-v-mt-cars-New-Delhi_5f7df814-832a-4f48-85fe-a1076bf7fc2e.htm
2018 Mercedes-Benz E-Class Expression E 200 BSIV,2020,2800000.0,50000,Automatic,Petrol,1st Owner,1991.0,,5.0,https://www.cardekho.com/used-car-details/used-Mercedes-benz-e-class-expression-e-200-bsiv-cars-New-Delhi_b26e8029-966c-4d86-980d-4d20852db8c3.htm
2018 Maruti Suzuki Celerio VXI MT BSIV,2018,350000.0,5600,Automatic,Petrol,1st Owner,998.0,23.1,5.0,https://www.cardekho.com/used-car-details/used-Maruti-celerio-vxi-mt-bsiv-cars-New-Delhi_ec6c24e0-9c53-44e9-8cbd-89df76f61b67.htm?adId=26991&adType=41
2014 Honda City i VTEC SV,2014,395000.0,75000,Automatic,Petrol,2nd Owner,1497.0,17.4,5.0,https://www.cardekho.com/used-car-details/used-Honda-city-i-vtec-sv-cars-New-Delhi_7d4d0975-40bd-4783-b7e0-de410496dc4d.htm
2024 Mahindra XUV 3XO AX5 AT,2024,1065000.0,14000,Automatic,Petrol,1st Owner,1197.0,17.96,5.0,https://www.cardekho.com/used-car-details/used-Mahindra-xuv-3xo-ax5-at-cars-New-Delhi_4ad20e1b-2aaa-47a0-8be7-53d2d4b85415.htm
2025 Maruti Suzuki Dzire LXI,2025,660000.0,9100,Manual,Petrol,1st Owner,1197.0,24.79,5.0,https://www.cardekho.com/used-car-details/used-Maruti-dzire-lxi-cars-New-Delhi_0d372b5f-ffb8-4c03-8268-889bf95b7e3d.htm?adId=28806&adType=41
2019 Maruti Suzuki Ciaz Delta BSIV,2019,549000.0,82000,Automatic,Petrol,1st Owner,1462.0,21.56,5.0,https://www.cardekho.com/used-car-details/used-Maruti-ciaz-delta-bsiv-cars-New-Delhi_751bb276-8eff-4cf1-ad50-f11d2b6a271c.htm
2019 Maruti Suzuki Ciaz Delta BSIV,2019,536000.0,22012,Automatic,Petrol,1st Owner,1462.0,21.56,5.0,https://www.cardekho.com/used-car-details/used-Maruti-ciaz-delta-bsiv-cars-New-Delhi_b18fc208-d748-4cbe-bec2-112c69872dc4.htm
2019 Hyundai Verna VTVT 1.6 AT SX Plus,2019,799000.0,50000,Automatic,Petrol,1st Owner,1591.0,17.0,5.0,https://www.cardekho.com/used-car-details/used-Hyundai-verna-vtvt-16-at-sx-plus-cars-New-Delhi_2f947244-af97-4d45-8a81-f0074dc5738d.htm?adId=28711&adType=41
2016 Hyundai Creta 1.6 VTVT SX Plus,2016,465000.00000000006,73000,Automatic,Petrol,1st Owner,1591.0,13.0,5.0,https://www.cardekho.com/used-car-details/used-Hyundai-creta-16-vtvt-sx-plus-cars-New-Delhi_468833ac-462f-4935-89d7-1ea283663a8b.htm
2018 Tata Nexon 1.2 Revotron XM,2018,342000.0,42767,Automatic,Petrol,1st Owner,1198.0,17.0,5.0,https://www.cardekho.com/used-car-details/used-Tata-nexon-12-revotron-xm-cars-New-Delhi_66e9a68c-a601-4e26-9402-0a79faedc09d.htm
2021 Hyundai Aura S CNG,2021,560000.0,18000,Automatic,Petrol,1st Owner,1197.0,,5.0,https://www.cardekho.com/used-car-details/used-Hyundai-aura-s-cng-cars-New-Delhi_a5b13476-5c92-4280-b1a7-d0855139caac.htm?adId=28024&adType=41
2019 Ford Endeavour Titanium Plus 4X2,2019,1795000.0,98000,Automatic,Diesel,1st Owner,2198.0,14.2,7.0,https://www.cardekho.com/used-car-details/used-Ford-endeavour-titanium-plus-4x2-cars-New-Delhi_b3b7df94-a8bc-4548-94ee-7766e90a9480.htm
2023 Mahindra Scorpio N Z2,2023,1350000.0,20000,Manual,Petrol,1st Owner,1997.0,12.17,7.0,https://www.cardekho.com/used-car-details/used-Mahindra-scorpio-n-z2-cars-New-Delhi_4ce4070b-20ff-429c-8725-5bce3f82e658.htm?adId=29052&adType=41
2017 Tata Tiago 1.2 Revotron XZ,2017,299000.0,68000,Manual,Petrol,1st Owner,1199.0,23.84,5.0,https://www.cardekho.com/used-car-details/used-Tata-tiago-12-revotron-xz-cars-New-Delhi_03ebc6c8-e69d-4c27-992b-00cc9141941d.htm
2019 Honda Amaze V CVT Petrol BSIV,2019,465000.00000000006,34000,Automatic,Petrol,2nd Owner,1199.0,19.0,5.0,https://www.cardekho.com/used-car-details/used-Honda-amaze-v-cvt-petrol-bsiv-cars-New-Delhi_4490e785-8a6e-4106-9bed-8085ad2cdc04.htm
2016 Maruti Suzuki S Cross DDiS 200 Zeta,2016,350000.0,80000,Automatic,Diesel,1st Owner,1248.0,23.65,5.0,https://www.cardekho.com/used-car-details/used-Maruti-s-cross-ddis-200-zeta-cars-New-Delhi_06fd77da-1e4e-4c28-916b-64d9bb43e856.htm?adId=27980&adType=41
2023 Toyota Innova Hycross ZX Hybrid,2023,2948000.0,51000,Automatic,Petrol,1st Owner,1987.0,,7.0,https://www.cardekho.com/used-car-details/used-Toyota-innova-hycross-zx-hybrid-cars-New-Delhi_485de9d7-5feb-4a40-ac11-b389470458dd.htm
2023 Mahindra Thar LX 4WD Hard Top AT BSVI,2023,1375000.0,21000,Automatic,Petrol,1st Owner,1997.0,8.0,4.0,https://www.cardekho.com/used-car-details/used-Mahindra-thar-lx-4wd-hard-top-at-bsvi-cars-New-Delhi_63a5d473-01ad-4c9f-81e9-bacb5250c0ac.htm
2017 Mercedes-Benz GLE 400 4MATIC,2017,2000000.0,160000,Automatic,Petrol,1st Owner,2996.0,,5.0,https://www.cardekho.com/used-car-details/used-Mercedes-benz-gle-400-4matic-cars-New-Delhi_66cb1af5-865d-483b-9832-c27df5e5fb81.htm?adId=28780&adType=41
2018 Toyota Innova Crysta 2.4 VX MT BSIV,2018,1450000.0,47028,Automatic,Petrol,1st Owner,2393.0,,7.0,https://www.cardekho.com/used-car-details/used-Toyota-innova-crysta-24-vx-mt-bsiv-cars-New-Delhi_c06ae4ed-9833-41f5-a9ce-9434918d3025.htm
2022 MG Hector Hybrid Sharp MT,2022,1495000.0,14000,Automatic,Petrol,1st Owner,1451.0,10.0,5.0,https://www.cardekho.com/used-car-details/used-Mg-hector-hybrid-sharp-mt-cars-New-Delhi_26000d2f-d393-41de-bf05-ae9f3f453731.htm?adId=28636&adType=41
2019 Hyundai Creta 1.6 SX,2019,558000.0,118767,Automatic,Petrol,1st Owner,1591.0,15.8,5.0,https://www.cardekho.com/used-car-details/used-Hyundai-creta-16-sx-cars-New-Delhi_70f6ceea-d16e-4534-a455-b743ca0fb020.htm
2017 Renault KWID 1.0 RXL,2017,184000.0,30000,Automatic,Petrol,2nd Owner,999.0,23.01,5.0,https://www.cardekho.com/used-car-details/used-Renault-kwid-10-rxl-cars-New-Delhi_011a86c2-7657-4978-9073-e7d0b20a7493.htm?adId=27965&adType=41
2022 Kia Seltos HTK G,2022,899000.0,37000,Manual,Petrol,1st Owner,1497.0,16.8,5.0,https://www.cardekho.com/used-car-details/used-Kia-seltos-htk-g-cars-New-Delhi_6778ae4b-8c14-4a62-ada2-4b277d14f011.htm
2024 Maruti Suzuki Brezza Vxi CNG,2024,900000.0,37000,Automatic,Petrol,1st Owner,1462.0,,5.0,https://www.cardekho.com/used-car-details/used-Maruti-brezza-vxi-cng-cars-New-Delhi_18ec1468-9276-4253-ae98-c9e54c7b88cc.htm?adId=26720&adType=41
2013 Volkswagen Polo Petrol Highline 1.2L,2013,253000.0,65862,Automatic,Petrol,3rd Owner,1198.0,16.47,5.0,https://www.cardekho.com/used-car-details/used-Volkswagen-polo-petrol-highline-12l-cars-New-Delhi_2184d07b-8fa9-4cac-bc21-23a0af1f8c97.htm
2021 Kia Seltos HTX IVT G,2021,995000.0,45000,Automatic,Petrol,1st Owner,1497.0,16.8,5.0,https://www.cardekho.com/used-car-details/used-Kia-seltos-htx-ivt-g-cars-New-Delhi_5c01c4f5-5f43-4073-b404-4ea00cb17c65.htm
2024 Tata Tiago EV XZ Plus LR,2024,775000.0,20000,Automatic,Electric,1st Owner,,,5.0,https://www.cardekho.com/used-car-details/used-Tata-tiago-ev-xz-plus-lr-cars-New-Delhi_40b4ff6c-4dde-4692-bb80-936126050dbb.htm?adId=27531&adType=41
2024 Tata Punch Adventure S CNG,2024,695000.0,32000,Manual,Petrol,1st Owner,1199.0,,5.0,https://www.cardekho.com/used-car-details/used-Tata-punch-adventure-s-cng-cars-New-Delhi_d1b029f4-3c5d-451b-ba47-b09d811c8696.htm
2018 Maruti Suzuki Wagon R LXI CNG,2018,290000.0,70000,Automatic,Petrol,2nd Owner,998.0,,5.0,https://www.cardekho.com/used-car-details/used-Maruti-wagon-r-lxi-cng-cars-New-Delhi_e7a9febf-a123-457b-b869-b4809b2239c3.htm?adId=26503&adType=41
2023 Maruti Suzuki Swift VXI,2023,550000.0,38000,Manual,Petrol,1st Owner,1197.0,22.38,5.0,https://www.cardekho.com/used-car-details/used-Maruti-swift-vxi-cars-New-Delhi_0120959f-0938-44b2-a058-1e28ffb25742.htm
2023 MG Gloster Savvy 4x4 7Str,2023,2975000.0,45000,Automatic,Diesel,1st Owner,1996.0,10.0,7.0,https://www.cardekho.com/used-car-details/used-Mg-gloster-savvy-4x4-7str-cars-New-Delhi_7fb59cfb-6e73-4dfa-acce-8b188b11b5f0.htm
2023 Tata Nexon EV Empowered Plus LR,2023,1250000.0,50000,Automatic,Petrol,1st Owner,,,5.0,https://www.cardekho.com/used-car-details/used-Tata-nexon-ev-empowered-plus-lr-cars-New-Delhi_0aa57034-2cbd-4f52-9c8b-d9bf6eebda05.htm?adId=27584&adType=41
2018 Mercedes-Benz GLC Progressive 220d,2018,2150000.0,36000,Automatic,Petrol,3rd Owner,2143.0,,5.0,https://www.cardekho.com/used-car-details/used-Mercedes-benz-glc-progressive-220d-cars-New-Delhi_256fda33-7311-47d7-9709-ca2fb9b843a5.htm
2016 Honda BR-V Style Edition Diesel V,2016,469000.00000000006,91904,Automatic,Petrol,1st Owner,1498.0,21.9,7.0,https://www.cardekho.com/used-car-details/used-Honda-br-v-style-edition-diesel-v-cars-New-Delhi_75aa9369-6295-4003-9c6f-e3a593144d23.htm
2026 Mahindra XUV 3XO REVX A Turbo AT,2026,1275000.0,3400,Automatic,Petrol,1st Owner,1197.0,18.2,5.0,https://www.cardekho.com/used-car-details/used-Mahindra-xuv-3xo-revx-a-turbo-at-cars-New-Delhi_09f16cf9-a701-4dab-bf4e-1bb9a5b60ca6.htm?adId=27527&adType=41
2023 Maruti Suzuki Grand Vitara Delta AT,2023,1075000.0,39848,Automatic,Petrol,2nd Owner,1462.0,20.58,5.0,https://www.cardekho.com/used-car-details/used-Maruti-grand-vitara-delta-at-cars-New-Delhi_9e1dc16a-7f5f-48fe-b59d-ff84e1de8e07.htm
2024 Mahindra Thar LX Convert Top Diesel,2024,1250000.0,40000,Manual,Petrol,1st Owner,2184.0,9.0,4.0,https://www.cardekho.com/used-car-details/used-Mahindra-thar-lx-convert-top-diesel-cars-New-Delhi_1d9550b6-0226-4fec-b4a5-4aa6584de5ed.htm
2015 Mercedes-Benz E-Class E400 Cabriolet,2015,4200000.0,50000,Automatic,Petrol,1st Owner,2996.0,,4.0,https://www.cardekho.com/used-car-details/used-Mercedes-benz-e-class-e400-cabriolet-cars-New-Delhi_89b2e46b-5523-4f24-b724-24d2f1e95efa.htm?adId=31134&adType=41
2017 Porsche 718 Boxster BSVI,2017,7700000.0,29000,Automatic,Petrol,3rd Owner,1988.0,,2.0,https://www.cardekho.com/used-car-details/used-Porsche-718-boxster-bsvi-cars-New-Delhi_08d3c495-96b1-4047-a939-3de890bf505b.htm?adId=31122&adType=41
2019 Maruti Suzuki Eeco Tour V 5 Seater AC,2019,395000.0,41000,Manual,Petrol,2nd Owner,1197.0,19.71,5.0,https://www.cardekho.com/used-car-details/used-Maruti-eeco-tour-v-5-seater-ac-cars-New-Delhi_cbe69f5a-250d-4e6a-8b93-782e1284f9f2.htm?adId=27869&adType=41
2018 Mini Cooper Convertible S,2018,3290000.0,24000,Automatic,Petrol,1st Owner,1998.0,16.72,4.0,https://www.cardekho.com/used-car-details/used-Mini-cooper-convertible-s-cars-New-Delhi_be1888cf-82a8-41c2-8b44-e581701d7fd9.htm?adId=28102&adType=41
2020 Kia Seltos HTE G,2020,795000.0,56000,Manual,Petrol,1st Owner,1497.0,16.8,5.0,https://www.cardekho.com/used-car-details/used-Kia-seltos-hte-g-cars-Faridabad_62509fba-94d4-42df-be7b-66d2acbfd572.htm?adId=29360&adType=41
2022 Honda City VX CVT,2022,925000.0,58000,Automatic,Petrol,1st Owner,1498.0,18.3,5.0,https://www.cardekho.com/used-car-details/used-Honda-city-vx-cvt-cars-New-Delhi_8b21f9dc-e2d5-4cae-ab76-9b36d04b769d.htm
2021 Maruti Suzuki Swift VXI BSVI,2021,510000.0,63000,Manual,Petrol,1st Owner,1197.0,22.38,5.0,https://www.cardekho.com/used-car-details/used-Maruti-swift-vxi-bsvi-cars-New-Delhi_d5950098-9d44-415d-a213-152bc45095f0.htm
2021 Kia Sonet HTX Plus Turbo iMT BSVI,2021,745000.0,20567,Automatic,Petrol,1st Owner,998.0,18.2,5.0,https://www.cardekho.com/used-car-details/used-Kia-sonet-htx-plus-turbo-imt-bsvi-cars-Faridabad_bd2dafd1-7c32-41d2-9a76-57c122b38abb.htm?adId=29739&adType=41
2020 MG Hector Sharp DCT,2020,1050000.0,45000,Automatic,Petrol,1st Owner,1451.0,13.96,5.0,https://www.cardekho.com/used-car-details/used-Mg-hector-sharp-dct-cars-New-Delhi_d191002b-7e0e-48f1-9466-d008d3203671.htm
2018 Jaguar F-Pace Prestige 2.0 Petrol,2019,3900000.0,56000,Automatic,Petrol,1st Owner,1997.0,,5.0,https://www.cardekho.com/used-car-details/used-Jaguar-f-pace-prestige-20-petrol-cars-Gurgaon_808a0e70-b509-4124-80b4-071435a051aa.htm?adId=29106&adType=41
2022 Skoda Kushaq 1.5 TSI Style DSG Anniversary Edition BSVI,2022,1281000.0,37589,Automatic,Petrol,1st Owner,1498.0,17.7,5.0,https://www.cardekho.com/used-car-details/used-Skoda-kushaq-15-tsi-style-dsg-anniversary-edition-bsvi-cars-New-Delhi_c296438a-eed0-4216-b293-c2a531de202e.htm
2022 Land Rover Range Rover Velar R-Dynamic S Diesel,2022,6199000.0,39000,Automatic,Petrol,1st Owner,1999.0,,5.0,https://www.cardekho.com/used-car-details/used-Land-rover-range-rover-velar-r-dynamic-s-diesel-cars-New-Delhi_52f2c55a-d0ca-4b8c-87a5-feb4bd75946d.htm
2023 Tata Altroz XZ Plus DCT BSVI,2023,640000.0,30000,Automatic,Petrol,1st Owner,1199.0,19.33,5.0,https://www.cardekho.com/used-car-details/used-Tata-altroz-xz-plus-dct-bsvi-cars-New-Delhi_e6a6f658-6a27-4edd-a5da-a5ef90a3222f.htm
2022 Hyundai Creta EX BSVI,2022,835000.0,41000,Automatic,Petrol,1st Owner,1497.0,,5.0,https://www.cardekho.com/used-car-details/used-Hyundai-creta-ex-bsvi-cars-Faridabad_591453d8-08d9-4162-9f30-9d868d5e8659.htm?adId=29359&adType=41
2014 Honda Amaze S i-Vtech,2014,230000.0,76000,Manual,Petrol,2nd Owner,1198.0,18.0,5.0,https://www.cardekho.com/used-car-details/used-Honda-amaze-s-i-vtech-cars-New-Delhi_dbb07d72-96ec-420c-b644-8c83e6493dce.htm
2022 Tata Punch Creative Kaziranga Edition,2022,519000.00000000006,28316,Automatic,Petrol,1st Owner,1199.0,20.09,5.0,https://www.cardekho.com/used-car-details/used-Tata-punch-creative-kaziranga-edition-cars-New-Delhi_07f150a3-437b-4d60-927a-0123042f7f92.htm
2020 BMW 6 Series GT 630i Luxury Line 2018-2021,2020,3950000.0,32000,Automatic,Petrol,2nd Owner,1998.0,,4.0,https://www.cardekho.com/used-car-details/used-Bmw-6-series-gt-630i-luxury-line-2018-2021-cars-Gurgaon_1d796024-fc33-4712-984d-1bbe942ee5e3.htm?adId=29934&adType=41
2022 Hyundai Aura S CNG,2022,579000.0,54588,Automatic,Petrol,1st Owner,1197.0,,5.0,https://www.cardekho.com/used-car-details/used-Hyundai-aura-s-cng-cars-New-Delhi_24bd7521-6845-48e9-bb34-a350775abd00.htm
2024 Tata Punch Pure,2024,549000.0,10982,Manual,Petrol,1st Owner,1199.0,20.09,5.0,https://www.cardekho.com/used-car-details/used-Tata-punch-pure-cars-New-Delhi_6ae5b9f0-4c58-4678-9f95-d823526a53e7.htm
2024 Toyota Fortuner 4X2 AT,2024,3575000.0,8300,Automatic,Petrol,1st Owner,2694.0,,7.0,https://www.cardekho.com/used-car-details/used-Toyota-fortuner-4x2-at-cars-New-Delhi_c228209a-c556-40ac-a58c-8c45bcbd2d2a.htm
2017 BMW X1 sDrive 20d xLine,2017,1600000.0,82000,Automatic,Diesel,1st Owner,1995.0,20.68,5.0,https://www.cardekho.com/used-car-details/used-Bmw-x1-sdrive-20d-xline-cars-Gurgaon_4c6fd2b5-0095-4870-9ad1-ee6a5625a615.htm?adId=28621&adType=41
2017 Mercedes-Benz CLA 200 CDI Sport,2017,1375000.0,70000,Automatic,Petrol,2nd Owner,2143.0,,5.0,https://www.cardekho.com/used-car-details/used-Mercedes-benz-cla-200-cdi-sport-cars-New-Delhi_fce810dc-99c6-4791-b982-61b2bd634503.htm
2022 Volkswagen Taigun 1.0 TSI Topline AT BSVI,2022,1075000.0,27000,Automatic,Petrol,1st Owner,999.0,18.41,5.0,https://www.cardekho.com/used-car-details/used-Volkswagen-taigun-10-tsi-topline-at-bsvi-cars-New-Delhi_263b51d3-5141-4c9e-bec5-1f732461e34f.htm
2015 Honda Brio S MT,2015,250000.0,62000,Automatic,Petrol,1st Owner,1198.0,19.4,5.0,https://www.cardekho.com/used-car-details/used-Honda-brio-s-mt-cars-New-Delhi_fb9b5d6d-ebda-46f9-9462-7fb791c4a7b7.htm
2023 Kia Sonet HTX Turbo iMT BSVI,2023,815000.0,24800,Automatic,Petrol,1st Owner,998.0,18.2,5.0,https://www.cardekho.com/used-car-details/used-Kia-sonet-htx-turbo-imt-bsvi-cars-Faridabad_61e94ca9-0c43-4f82-a5b0-32c3c59e5894.htm?adId=29859&adType=41
2023 Mercedes-Benz AMG A 35 4MATIC BSVI,2023,4000000.0,7500,Automatic,Petrol,1st Owner,1991.0,,5.0,https://www.cardekho.com/used-car-details/used-Mercedes-benz-amg-a-35-4matic-bsvi-cars-New-Delhi_79f0f8fe-e3e5-4eb1-9d2a-9da051d1b31f.htm
2017 Land Rover Discovery HSE 2.0 SD4,2017,2450000.0,75000,Automatic,Petrol,1st Owner,1999.0,,7.0,https://www.cardekho.com/used-car-details/used-Land-rover-discovery-hse-20-sd4-cars-Gurgaon_3d7ce868-88fa-4eb3-9567-de3b7dff9a3e.htm?adId=28615&adType=41
2022 Mercedes-Benz GLE 450 BSVI,2022,7900000.0,28000,Automatic,Petrol,1st Owner,2999.0,,5.0,https://www.cardekho.com/used-car-details/used-Mercedes-benz-gle-450-bsvi-cars-New-Delhi_95714335-dea3-4298-90e9-1a18d3e3bea5.htm
2023 Toyota Vellfire VIP Executive Lounge,2023,8175000.0,42142,Automatic,Petrol,1st Owner,2487.0,,7.0,https://www.cardekho.com/used-car-details/used-Toyota-vellfire-vip-executive-lounge-cars-New-Delhi_06d2b14e-48c5-49a5-aa95-bc094f66ca10.htm
2020 Mercedes-Benz C-Class Progressive C 200,2020,2850000.0,58000,Automatic,Petrol,2nd Owner,1950.0,,5.0,https://www.cardekho.com/used-car-details/used-Mercedes-benz-c-class-progressive-c-200-cars-Gurgaon_6b67cc50-39e3-4b89-9e7b-8a175173d13b.htm?adId=29933&adType=41
2017 Honda City i-VTEC CVT ZX,2017,599000.0,63000,Automatic,Petrol,1st Owner,1497.0,18.0,5.0,https://www.cardekho.com/used-car-details/used-Honda-city-i-vtec-cvt-zx-cars-New-Delhi_8111a768-8517-47d1-8407-f21784f2d661.htm
2017 Hyundai Creta 1.6 VTVT AT SX Plus,2017,491000.0,70067,Automatic,Petrol,1st Owner,1591.0,13.0,5.0,https://www.cardekho.com/used-car-details/used-Hyundai-creta-16-vtvt-at-sx-plus-cars-New-Delhi_5acf34c5-57b0-4825-9c5c-50d3e7aec127.htm
2021 Mercedes-Benz C-Class Progressive C 200,2021,3000000.0,35000,Automatic,Petrol,1st Owner,1950.0,,5.0,https://www.cardekho.com/used-car-details/used-Mercedes-benz-c-class-progressive-c-200-cars-Gurgaon_7704f70d-d984-408b-ac23-6eb0c28f1317.htm?adId=28618&adType=41
2020 Hyundai Grand i10 1.2 Kappa Magna BSIV,2020,445000.0,105681,Manual,Petrol,1st Owner,1197.0,18.9,5.0,https://www.cardekho.com/used-car-details/used-Hyundai-grand-i10-12-kappa-magna-bsiv-cars-New-Delhi_3baa04dc-935e-425c-b2ee-99ddbd933dcf.htm
2026 Mahindra Thar LXT 4WD Diesel,2026,1450000.0,2500,Manual,Petrol,1st Owner,1497.0,9.0,4.0,https://www.cardekho.com/used-car-details/used-Mahindra-thar-lxt-4wd-diesel-cars-New-Delhi_4b06b4a7-7634-44ea-abb4-925f58f2e90c.htm
2019 Jaguar XF 2.0 Petrol Prestige,2019,2700000.0,33000,Automatic,Petrol,1st Owner,1997.0,,5.0,https://www.cardekho.com/used-car-details/used-Jaguar-xf-20-petrol-prestige-cars-Gurgaon_5f78f429-1926-48a4-aac5-4f02eecac448.htm?adId=28620&adType=41
2024 Tata Curvv Accomplished S DCA,2024,1300000.0,10000,Automatic,Petrol,1st Owner,1199.0,11.0,5.0,https://www.cardekho.com/used-car-details/used-Tata-curvv-accomplished-s-dca-cars-New-Delhi_f80fa506-3f81-437c-80a8-085843a93f51.htm
2024 Tata Altroz XZA DCT,2024,604000.0,40033,Automatic,Petrol,1st Owner,1199.0,18.5,5.0,https://www.cardekho.com/used-car-details/used-Tata-altroz-xza-dct-cars-New-Delhi_1b7b7725-6452-4dd0-a3c9-5a9294091a7e.htm
2022 Tata Nexon XM S BSVI,2022,645000.0,58000,Automatic,Petrol,1st Owner,1199.0,17.33,5.0,https://www.cardekho.com/used-car-details/used-Tata-nexon-xm-s-bsvi-cars-Faridabad_0dbaacb3-10dc-4f76-8043-32398a981907.htm?adId=30312&adType=41
2022 Kia Seltos X-Line Diesel AT,2022,1325000.0,63000,Automatic,Petrol,1st Owner,1493.0,18.0,5.0,https://www.cardekho.com/used-car-details/used-Kia-seltos-x-line-diesel-at-cars-New-Delhi_0d9188af-fbb5-4b1f-83c7-0a04d24db2a9.htm
2022 BMW 2 Series Gran Coupe 220d Sportline,2022,2900000.0,31000,Automatic,Petrol,1st Owner,1995.0,18.64,5.0,https://www.cardekho.com/used-car-details/used-Bmw-2-series-gran-coupe-220d-sportline-cars-Gurgaon_818f118c-9bbd-4b39-931a-a36a1ee34ed1.htm?adId=28623&adType=41
2016 Audi Q3 35 TDI Quattro Premium,2016,775000.0,55000,Automatic,Petrol,3rd Owner,1968.0,,5.0,https://www.cardekho.com/used-car-details/used-Audi-q3-35-tdi-quattro-premium-cars-Gurgaon_0c7c0fe6-0026-4dc9-8f06-9e8ae48e6935.htm?adId=27858&adType=41
2023 Mahindra Thar LX Hard Top,2023,1125000.0,35000,Manual,Petrol,1st Owner,1997.0,8.0,4.0,https://www.cardekho.com/used-car-details/used-Mahindra-thar-lx-hard-top-cars-New-Delhi_98f96d18-07de-47ab-b2cc-42efc5f80ec6.htm
2019 Audi Q3 30 TFSI Premium FWD,2019,1700000.0,41000,Automatic,Petrol,3rd Owner,1395.0,,5.0,https://www.cardekho.com/used-car-details/used-Audi-q3-30-tfsi-premium-fwd-cars-Gurgaon_ab64eec7-38d3-4a94-9037-a6d4de4885b6.htm?adId=28626&adType=41
2017 Honda Amaze S i-VTEC,2017,345000.0,58000,Automatic,Petrol,1st Owner,1198.0,17.8,5.0,https://www.cardekho.com/used-car-details/used-Honda-amaze-s-i-vtec-cars-New-Delhi_2c412cd9-9a49-4fcb-b63f-2e2bc2a6263b.htm
2019 Jaguar XJ 3.0L Portfolio,2019,3900000.0,40000,Automatic,Petrol,1st Owner,2993.0,,5.0,https://www.cardekho.com/used-car-details/used-Jaguar-xj-30l-portfolio-cars-Gurgaon_6686b177-b9da-442b-843f-670808d96717.htm?adId=28619&adType=41
2023 Toyota Vellfire VIP Executive Lounge,2023,8175000.0,43142,Automatic,Petrol,1st Owner,2487.0,,7.0,https://www.cardekho.com/used-car-details/used-Toyota-vellfire-vip-executive-lounge-cars-New-Delhi_aa0af772-7d2f-43b2-880e-d313251b513f.htm
2020 Audi Q5 40 TDI Premium Plus,2020,3400000.0,43000,Automatic,Petrol,2nd Owner,1968.0,22.0,5.0,https://www.cardekho.com/used-car-details/used-Audi-q5-40-tdi-premium-plus-cars-Gurgaon_1642a3ba-764e-430b-9341-9963d3a84b5f.htm?adId=28625&adType=41
2016 Ford Ecosport 1.5 TDCi Ambiente BSIV,2017,410000.0,62000,Manual,Petrol,1st Owner,1498.0,22.77,5.0,https://www.cardekho.com/used-car-details/used-Ford-ecosport-15-tdci-ambiente-bsiv-cars-New-Delhi_d0e2207c-e79d-44df-8dd7-44662d87e7b7.htm
2016 Hyundai Grand i10 Magna,2016,221000.0,127403,Automatic,Petrol,2nd Owner,1197.0,18.9,5.0,https://www.cardekho.com/used-car-details/used-Hyundai-grand-i10-magna-cars-New-Delhi_fbe6234d-baa2-4165-b4ef-4e8bc2f900b7.htm
2023 Audi Q5 Technology,2023,4300000.0,36000,Automatic,Petrol,1st Owner,1984.0,,5.0,https://www.cardekho.com/used-car-details/used-Audi-q5-technology-cars-Gurgaon_0ca1f70b-bd38-4ff9-a2c3-b579aaef8c97.htm?adId=28624&adType=41
2025 Kia Sonet HTK (O),2025,890000.0,3800,Automatic,Petrol,1st Owner,1197.0,18.4,5.0,https://www.cardekho.com/used-car-details/used-Kia-sonet-htk-o-cars-New-Delhi_32e13bcb-945e-46c3-8fef-22d1154a66b7.htm
2015 Mercedes-Benz E-Class E 200 CGI,2015,1250000.0,80000,Automatic,Petrol,2nd Owner,1991.0,,5.0,https://www.cardekho.com/used-car-details/used-Mercedes-benz-e-class-e-200-cgi-cars-New-Delhi_22d5dccf-5636-43b9-a1e4-542f3f5e1c28.htm
2024 Mahindra Thar LX Hard Top AT RWD,2024,1250000.0,22000,Automatic,Petrol,2nd Owner,1997.0,8.0,4.0,https://www.cardekho.com/used-car-details/used-Mahindra-thar-lx-hard-top-at-rwd-cars-New-Delhi_1f5e7981-60e2-46dd-a60c-f4a13aec99ae.htm
2020 Volvo XC90 D5 Inscription,2020,4900000.0,65000,Automatic,Petrol,1st Owner,1969.0,17.2,7.0,https://www.cardekho.com/used-car-details/used-Volvo-xc90-d5-inscription-cars-Gurgaon_07a4fd3e-2460-4edb-9bc0-6442b9067025.htm?adId=28611&adType=41
2021 Volvo XC90 D5 Inscription,2021,5700000.0,45000,Automatic,Petrol,1st Owner,1969.0,17.2,7.0,https://www.cardekho.com/used-car-details/used-Volvo-xc90-d5-inscription-cars-Gurgaon_8e131822-500e-4925-a05b-d7b43815150a.htm?adId=28612&adType=41
2017 Land Rover Discovery Sport Si4 HSE,2017,1950000.0,46000,Automatic,Petrol,1st Owner,1999.0,,5.0,https://www.cardekho.com/used-car-details/used-Land-rover-discovery-sport-si4-hse-cars-New-Delhi_f8142f43-1ed2-45de-8add-8e954316ca97.htm
2021 Porsche Cayenne Base,2022,9900000.0,39000,Automatic,Petrol,1st Owner,2995.0,,5.0,https://www.cardekho.com/used-car-details/used-Porsche-cayenne-base-cars-Gurgaon_dc312f3a-dbc4-4a14-b8d3-3a6ffa7ebf16.htm?adId=28613&adType=41
2020 Tata Harrier XZ Plus Dark Edition BSVI,2020,1040000.0,64000,Automatic,Diesel,1st Owner,1956.0,16.35,5.0,https://www.cardekho.com/used-car-details/used-Tata-harrier-xz-plus-dark-edition-bsvi-cars-New-Delhi_48e927f8-ab95-4f7e-8167-53b7c990c40d.htm
2023 MG Gloster Savvy 4x2 7Str,2023,2450000.0,74000,Automatic,Diesel,1st Owner,1996.0,10.0,7.0,https://www.cardekho.com/used-car-details/used-Mg-gloster-savvy-4x2-7str-cars-New-Delhi_9c1ce2e1-2fdc-4943-b7e2-f924ca7ab46b.htm
2017 Toyota Fortuner 2.7 2WD MT BSIV,2017,1925000.0,190000,Automatic,Petrol,2nd Owner,2694.0,10.01,7.0,https://www.cardekho.com/used-car-details/used-Toyota-fortuner-27-2wd-mt-bsiv-cars-Gurgaon_e71ee78c-74be-4728-81f5-086f384a8b63.htm?adId=27857&adType=41
2024 Toyota Fortuner 4X2 AT,2024,3340000.0,52000,Automatic,Petrol,1st Owner,2694.0,,7.0,https://www.cardekho.com/used-car-details/used-Toyota-fortuner-4x2-at-cars-New-Delhi_55622d98-041f-42c8-9306-857cdd582eed.htm
2021 BMW X7 xDrive 40i M Sport,2021,6200000.0,60000,Automatic,Petrol,2nd Owner,2998.0,10.54,7.0,https://www.cardekho.com/used-car-details/used-Bmw-x7-xdrive-40i-m-sport-cars-New-Delhi_8f6022fd-35b7-4c43-88cb-6d4efedb2d0c.htm
2023 Mercedes-Benz E-Class Exclusive E 220d,2023,4900000.0,55000,Automatic,Petrol,1st Owner,1950.0,,5.0,https://www.cardekho.com/used-car-details/used-Mercedes-benz-e-class-exclusive-e-220d-cars-Gurgaon_623aa878-f32d-43e2-b268-c0c0dfe488f2.htm?adId=28617&adType=41
2020 Kia Seltos GTX Plus DCT,2020,1000000.0,62000,Automatic,Petrol,1st Owner,1353.0,16.5,5.0,https://www.cardekho.com/used-car-details/used-Kia-seltos-gtx-plus-dct-cars-New-Delhi_43d697ba-763a-4f19-9030-bb5719fde37c.htm
2020 Land Rover Range Rover Sport 2.0 Petrol SE,2025,5700000.0,65000,Automatic,Petrol,1st Owner,1997.0,,5.0,https://www.cardekho.com/used-car-details/used-Land-rover-range-rover-sport-20-petrol-se-cars-Gurgaon_6c6b8830-93d1-461f-90a8-323a57dc22c0.htm?adId=31322&adType=41
2017 Mercedes-Benz E-Class Expression E 200 BSIV,2017,2250000.0,45000,Automatic,Petrol,2nd Owner,1991.0,,5.0,https://www.cardekho.com/used-car-details/used-Mercedes-benz-e-class-expression-e-200-bsiv-cars-New-Delhi_82267cd6-562a-4965-a633-7cd977986098.htm
2022 Hyundai Aura S CNG,2022,575000.0,60000,Automatic,Petrol,1st Owner,1197.0,,5.0,https://www.cardekho.com/used-car-details/used-Hyundai-aura-s-cng-cars-New-Delhi_ba5cbfa5-d576-490f-8238-b91db5d866ca.htm
2024 Toyota Innova Hycross VX 7STR Hybrid,2024,2650000.0,48585,Automatic,Petrol,1st Owner,1987.0,,7.0,https://www.cardekho.com/used-car-details/used-Toyota-innova-hycross-vx-7str-hybrid-cars-New-Delhi_0fc1883e-f267-4ba4-98fd-1a2bdc43b0a5.htm
2025 BMW X5 xDrive40i xLine,2025,8500000.0,23977,Automatic,Petrol,1st Owner,2998.0,,5.0,https://www.cardekho.com/used-car-details/used-Bmw-x5-xdrive40i-xline-cars-Gurgaon_0dcc6b71-e205-42f1-94e3-ec42ace7ca1f.htm?adId=31903&adType=41
2023 Toyota Hyryder G HYBRID,2023,1399000.0,32000,Automatic,Petrol,1st Owner,1490.0,27.97,5.0,https://www.cardekho.com/used-car-details/used-Toyota-hyryder-g-hybrid-cars-New-Delhi_26414b10-85c1-4f91-bc22-875a95162e2a.htm
2019 Toyota Innova Crysta 2.7 GX MT BSIV,2019,1075000.0,45023,Manual,Petrol,2nd Owner,2694.0,,7.0,https://www.cardekho.com/used-car-details/used-Toyota-innova-crysta-27-gx-mt-bsiv-cars-New-Delhi_8df4f1f2-0902-4cb8-b2cd-6b37b3bce221.htm
2021 Land Rover Range Rover 3.0 Petrol LWB Vogue SE,2021,14500000.0,38831,Automatic,Petrol,1st Owner,2995.0,,5.0,https://www.cardekho.com/used-car-details/used-Land-rover-range-rover-30-petrol-lwb-vogue-se-cars-Gurgaon_625e53df-13c6-42f4-9ed3-674bd45bce5d.htm?adId=31325&adType=41
2021 Jeep Compass 1.4 Limited Opt DCT BSVI,2021,1325000.0,45000,Automatic,Petrol,1st Owner,1368.0,14.1,5.0,https://www.cardekho.com/used-car-details/used-Jeep-compass-14-limited-opt-dct-bsvi-cars-New-Delhi_a1824276-0853-4283-8cf2-fe3b6c91853d.htm
2022 Hyundai Creta SX,2022,939000.0,60809,Automatic,Petrol,1st Owner,1497.0,17.0,5.0,https://www.cardekho.com/buy-used-car-details/used-Hyundai-creta-sx-cars-New-Delhi_73075036-caee-4a6d-8b68-862f2f049d19.htm
2023 BMW 3 Series Long Wheelbase 330Li M Sport GL,2023,4300000.0,38627,Automatic,Petrol,2nd Owner,1998.0,,5.0,https://www.cardekho.com/used-car-details/used-Bmw-3-series-long-wheelbase-330li-m-sport-gl-cars-Gurgaon_93b496a1-3db8-4749-b667-60d3ecf937ba.htm?adId=31450&adType=41
2018 Toyota Innova Crysta 2.4 G MT BSIV,2018,1285000.0,89000,Manual,Petrol,1st Owner,2393.0,,7.0,https://www.cardekho.com/used-car-details/used-Toyota-innova-crysta-24-g-mt-bsiv-cars-New-Delhi_f08da62d-2338-4867-99cd-e12831b03c6e.htm
2022 Kia Seltos HTK G,2022,899000.0,37000,Manual,Petrol,1st Owner,1497.0,16.8,5.0,https://www.cardekho.com/used-car-details/used-Kia-seltos-htk-g-cars-New-Delhi_ca9e1018-d8ad-4069-b84a-b5e7a305318f.htm
2023 Audi Q7 Premium plus BSVI,2026,6100000.0,33000,Automatic,Petrol,1st Owner,2995.0,11.21,7.0,https://www.cardekho.com/used-car-details/used-Audi-q7-premium-plus-bsvi-cars-New-Delhi_2a8c9604-9d52-4054-bab9-16f3aef5cb1d.htm
2018 Hyundai Grand i10 1.2 Kappa Magna BSIV,2018,365000.0,76000,Manual,Petrol,1st Owner,1197.0,18.9,5.0,https://www.cardekho.com/used-car-details/used-Hyundai-grand-i10-12-kappa-magna-bsiv-cars-Faridabad_f149dd48-50e8-4dd5-abac-ca8c3f3f0772.htm?adId=29659&adType=41
2022 Mahindra XUV700 AX5 7 Str Diesel AT BSVI,2023,1525000.0,52000,Automatic,Petrol,1st Owner,2198.0,17.19,7.0,https://www.cardekho.com/used-car-details/used-Mahindra-xuv700-ax5-7-str-diesel-at-bsvi-cars-New-Delhi_357fe63a-1e4b-4d44-8351-08cf751127ef.htm
2022 Mahindra Thar LX 4WD Hard Top Diesel BSVI,2022,1200000.0,73000,Manual,Petrol,1st Owner,2184.0,15.2,4.0,https://www.cardekho.com/used-car-details/used-Mahindra-thar-lx-4wd-hard-top-diesel-bsvi-cars-New-Delhi_6ed11012-b4eb-4b2f-8f0b-f14290600742.htm
2022 Volkswagen Tiguan 2.0 TSI Elegance BSVI,2022,2749000.0,8000,Automatic,Petrol,1st Owner,1984.0,12.65,5.0,https://www.cardekho.com/used-car-details/used-Volkswagen-tiguan-20-tsi-elegance-bsvi-cars-New-Delhi_d861e9e4-3218-4d0e-9378-6a744c3438bf.htm
2024 Volvo EX40 E80 ultimate,2024,4200000.0,18010,Automatic,Petrol,1st Owner,1.0,,5.0,https://www.cardekho.com/used-car-details/used-Volvo-ex40-e80-ultimate-cars-Gurgaon_2a13a060-cade-408d-aaed-d83ac859cc4d.htm?adId=31462&adType=41
2017 Toyota Fortuner 2.8 2WD MT BSIV,2017,1785000.0000000002,129000,Automatic,Petrol,2nd Owner,2755.0,14.24,7.0,https://www.cardekho.com/used-car-details/used-Toyota-fortuner-28-2wd-mt-bsiv-cars-New-Delhi_3fa08da1-7e7f-443a-8176-f1ad2899dee5.htm
2023 Land Rover Range Rover Velar R-Dynamic S Diesel,2023,6900000.0,24500,Automatic,Petrol,1st Owner,1999.0,,5.0,https://www.cardekho.com/used-car-details/used-Land-rover-range-rover-velar-r-dynamic-s-diesel-cars-Gurgaon_a81367e3-15c0-4b1c-8ee2-291afbba6acd.htm?adId=31320&adType=41
2016 Honda Amaze SX i VTEC,2016,325000.0,83000,Automatic,Petrol,1st Owner,1198.0,17.8,5.0,https://www.cardekho.com/used-car-details/used-Honda-amaze-sx-i-vtec-cars-New-Delhi_e631f72f-8b17-41cf-8819-bda1d077d16c.htm
2018 Audi A4 35 TDI Premium Plus,2018,1375000.0,57000,Automatic,Petrol,2nd Owner,1968.0,230.0,5.0,https://www.cardekho.com/used-car-details/used-Audi-a4-35-tdi-premium-plus-cars-New-Delhi_33d0b1e2-37c1-4452-9cd7-ab4f67edd217.htm
2026 Mercedes-Benz EQS SUV 580 4Matic,2026,13000000.0,4840,Automatic,Petrol,0th Owner,,,7.0,https://www.cardekho.com/used-car-details/used-Mercedes-benz-eqs-suv-580-4matic-cars-Gurgaon_40201ca2-ce96-431d-ac35-cc5d84b4c77c.htm?adId=32026&adType=41
2021 Kia Sonet GTX Plus Turbo iMT BSVI,2021,849000.0,54000,Automatic,Petrol,1st Owner,998.0,18.2,5.0,https://www.cardekho.com/used-car-details/used-Kia-sonet-gtx-plus-turbo-imt-bsvi-cars-New-Delhi_aad3321f-ac2f-484a-a5cb-b508036be598.htm
2019 Hyundai Creta 1.6 SX Automatic,2019,850000.0,71003,Automatic,Petrol,1st Owner,1591.0,14.8,5.0,https://www.cardekho.com/used-car-details/used-Hyundai-creta-16-sx-automatic-cars-New-Delhi_6aa0b629-cf0d-4383-8496-f020f444388f.htm
2026 Mercedes-Benz AMG GLC 43 4Matic,2026,9400000.0,101,Automatic,Petrol,0th Owner,1991.0,10.0,5.0,https://www.cardekho.com/used-car-details/used-Mercedes-benz-amg-glc-43-4matic-cars-Gurgaon_41b64443-7551-454d-99cc-127216f7d8f9.htm?adId=31331&adType=41
2023 Nissan Magnite XV BSVI,2023,490000.00000000006,39000,Automatic,Petrol,1st Owner,999.0,18.75,5.0,https://www.cardekho.com/used-car-details/used-Nissan-magnite-xv-bsvi-cars-New-Delhi_3a89c786-270b-4251-ab52-6769bebf26e3.htm
2021 Ford Aspire Titanium Plus,2021,455000.0,56000,Automatic,Petrol,1st Owner,1194.0,18.5,5.0,https://www.cardekho.com/used-car-details/used-Ford-aspire-titanium-plus-cars-Faridabad_4d46f03e-a1c0-4b3e-bc1d-7124b677e327.htm?adId=29655&adType=41
2021 BMW X7 xDrive 40i M Sport,2021,6790000.000000001,71000,Automatic,Petrol,1st Owner,2998.0,10.54,7.0,https://www.cardekho.com/used-car-details/used-Bmw-x7-xdrive-40i-m-sport-cars-New-Delhi_2d1f935e-1964-4827-8893-8899161bf374.htm
2020 Maruti Suzuki Baleno Alpha Diesel,2020,571000.0,49543,Automatic,Petrol,1st Owner,1248.0,27.39,5.0,https://www.cardekho.com/used-car-details/used-Maruti-baleno-alpha-diesel-cars-New-Delhi_19caeb34-5c50-4d90-a1b8-b35f3021a799.htm
2020 Tata Tiago XZ,2020,345000.0,61500,Manual,Petrol,2nd Owner,1199.0,23.84,5.0,https://www.cardekho.com/used-car-details/used-Tata-tiago-xz-cars-Faridabad_c7f8a263-2ffd-4d3b-b532-ea836ce57559.htm?adId=29663&adType=41
2022 Mahindra Thar LX 4WD Hard Top AT BSVI,2022,1190000.0,30000,Automatic,Petrol,1st Owner,1997.0,8.0,4.0,https://www.cardekho.com/used-car-details/used-Mahindra-thar-lx-4wd-hard-top-at-bsvi-cars-New-Delhi_ce7bce0c-956d-4af6-a9c7-ac9a52630450.htm
2020 Toyota Innova Crysta 2.7 VX MT,2020,1085000.0,79000,Automatic,Petrol,1st Owner,2694.0,,7.0,https://www.cardekho.com/used-car-details/used-Toyota-innova-crysta-27-vx-mt-cars-New-Delhi_e2827f51-14a6-4a2c-9947-5a5a474a66a8.htm
2023 BMW X1 sDrive18i M Sport,2023,3900000.0,28515,Automatic,Petrol,1st Owner,1499.0,16.35,5.0,https://www.cardekho.com/used-car-details/used-Bmw-x1-sdrive18i-m-sport-cars-Gurgaon_938f4f99-9806-4114-a49d-762aef6937e1.htm?adId=31343&adType=41
2023 Kia Carens Prestige Plus DCT BSVI,2023,1099000.0,43000,Automatic,Petrol,1st Owner,1482.0,,7.0,https://www.cardekho.com/used-car-details/used-Kia-carens-prestige-plus-dct-bsvi-cars-New-Delhi_753a0856-02c1-457b-bae6-52010d295cf3.htm
2026 BMW X5 xDrive40i M Sport,2026,10500000.0,5297,Automatic,Petrol,1st Owner,2998.0,,5.0,https://www.cardekho.com/used-car-details/used-Bmw-x5-xdrive40i-m-sport-cars-Gurgaon_beafdaf1-12f0-43d9-b583-74a23408314c.htm?adId=31339&adType=41
2019 BMW X4 M Sport X xDrive20d,2026,3200000.0,65000,Automatic,Petrol,1st Owner,1995.0,,5.0,https://www.cardekho.com/used-car-details/used-Bmw-x4-m-sport-x-xdrive20d-cars-New-Delhi_a8c45d3e-d458-4ff7-b4ce-d0b000669f75.htm
2021 Mercedes-Benz GLA 200 BSVI,2021,2900000.0,26973,Automatic,Petrol,2nd Owner,1332.0,,5.0,https://www.cardekho.com/used-car-details/used-Mercedes-benz-gla-200-bsvi-cars-Gurgaon_1f5b3f9d-aca7-47dd-8f79-6dca9c3883e8.htm?adId=31997&adType=41
2023 Kia Seltos GTX Plus,2023,1445000.0,40000,Automatic,Petrol,1st Owner,1353.0,16.5,5.0,https://www.cardekho.com/used-car-details/used-Kia-seltos-gtx-plus-cars-New-Delhi_617be1df-5fce-4036-9352-ad5f259df41c.htm
2021 Tata Harrier XTA Plus AT BSVI,2022,1190000.0,62000,Automatic,Diesel,1st Owner,1956.0,14.6,5.0,https://www.cardekho.com/used-car-details/used-Tata-harrier-xta-plus-at-bsvi-cars-New-Delhi_271ccddd-cf02-4512-a17a-b6f110af6f48.htm
2023 Hyundai Creta SX Opt Knight IVT DT BSVI,2023,1350000.0,30000,Automatic,Petrol,1st Owner,1497.0,14.0,5.0,https://www.cardekho.com/used-car-details/used-Hyundai-creta-sx-opt-knight-ivt-dt-bsvi-cars-New-Delhi_69e1b934-40c8-44e4-9900-ccf765cf35eb.htm
2025 Mercedes-Benz E-Class E 200,2025,7900000.0,6566,Automatic,Petrol,1st Owner,1999.0,15.0,5.0,https://www.cardekho.com/used-car-details/used-Mercedes-benz-e-class-e-200-cars-Gurgaon_3f500013-9463-4ea0-abe2-f5c70c027360.htm?adId=31323&adType=41
2022 Toyota Innova Crysta 2.4 VX 7 STR,2022,1825000.0,61000,Automatic,Diesel,1st Owner,2393.0,,7.0,https://www.cardekho.com/used-car-details/used-Toyota-innova-crysta-24-vx-7-str-cars-New-Delhi_e5d8df90-ee63-47d2-9110-43f139a1d44a.htm
2021 Honda Jazz ZX CVT,2021,635000.0,29000,Automatic,Petrol,1st Owner,1199.0,17.1,5.0,https://www.cardekho.com/used-car-details/used-Honda-jazz-zx-cvt-cars-New-Delhi_2420c35d-d3b6-42d9-a6ad-576dfd74db20.htm
2023 BMW 6 Series GT 630i M Sport BSVI,2023,5400000.0,18400,Automatic,Petrol,1st Owner,1998.0,,4.0,https://www.cardekho.com/used-car-details/used-Bmw-6-series-gt-630i-m-sport-bsvi-cars-Gurgaon_fa34d513-a941-4222-b548-a698457bf645.htm?adId=31330&adType=41
2020 Maruti Suzuki Celerio ZXI,2020,385000.0,32000,Automatic,Petrol,1st Owner,998.0,21.63,5.0,https://www.cardekho.com/used-car-details/used-Maruti-celerio-zxi-cars-New-Delhi_198b1635-57dd-44c5-abb3-8b801eb3b24f.htm
2026 Kia Syros HTX Opt Turbo DCT,2026,1450000.0,6000,Automatic,Petrol,1st Owner,998.0,,5.0,https://www.cardekho.com/used-car-details/used-Kia-syros-htx-opt-turbo-dct-cars-New-Delhi_38c415c1-35b3-44e6-a371-c979efb5e145.htm
2023 BMW X1 sDrive18i M Sport,2023,3900000.0,19570,Automatic,Petrol,1st Owner,1499.0,16.35,5.0,https://www.cardekho.com/used-car-details/used-Bmw-x1-sdrive18i-m-sport-cars-Gurgaon_1a2eb580-ea0f-4375-9589-78d2b08b3840.htm?adId=31340&adType=41
2015 Honda Amaze E i-Vtech,2016,330000.0,55000,Manual,Petrol,1st Owner,1198.0,18.0,5.0,https://www.cardekho.com/used-car-details/used-Honda-amaze-e-i-vtech-cars-New-Delhi_8b48432f-f159-4b65-a743-35585a44384b.htm
2014 Maruti Suzuki Swift Dzire VXI,2014,203000.0,54213,Manual,Petrol,2nd Owner,1197.0,20.85,5.0,https://www.cardekho.com/used-car-details/used-Maruti-swift-dzire-vxi-cars-New-Delhi_ced87e23-0d46-4cb2-9d34-7dfc75765b75.htm
2023 Tata Punch Adventure AMT,2023,655000.0,25309,Automatic,Petrol,1st Owner,1199.0,,5.0,https://www.cardekho.com/used-car-details/used-Tata-punch-adventure-amt-cars-New-Delhi_ec4f2572-ed35-48d8-82fc-7c8fa6600f94.htm
2022 BMW 3 Series Long Wheelbase 330 Li Luxury Line,2022,3100000.0,52294,Automatic,Petrol,2nd Owner,1998.0,15.3,5.0,https://www.cardekho.com/used-car-details/used-Bmw-3-series-long-wheelbase-330-li-luxury-line-cars-Gurgaon_f4fce2eb-f7f1-47f8-b203-85209ce90503.htm?adId=31554&adType=41
2024 Tata Punch Accomplished Plus S Turbo,2024,651000.0,22259,Automatic,Petrol,1st Owner,1199.0,,5.0,https://www.cardekho.com/buy-used-car-details/used-Tata-punch-accomplished-plus-s-turbo-cars-New-Delhi_1f283bec-0547-47ea-8be4-0471a3d5e747.htm
2023 Mahindra Thar LX Hard Top AT RWD,2023,1100000.0,34000,Automatic,Petrol,1st Owner,1997.0,8.0,4.0,https://www.cardekho.com/used-car-details/used-Mahindra-thar-lx-hard-top-at-rwd-cars-New-Delhi_09ef79e4-1450-4f1e-88cd-f7cc2008b36f.htm
2019 Maruti Suzuki Baleno Sigma Diesel,2019,321000.0,99210,Automatic,Petrol,2nd Owner,1248.0,27.39,5.0,https://www.cardekho.com/used-car-details/used-Maruti-baleno-sigma-diesel-cars-New-Delhi_14baa6d0-04f3-4c65-8879-1149667532c5.htm
2024 Land Rover Range Rover Velar Dynamic HSE,2024,7100000.0,33000,Automatic,Petrol,1st Owner,1997.0,,5.0,https://www.cardekho.com/used-car-details/used-Land-rover-range-rover-velar-dynamic-hse-cars-Gurgaon_c219dec9-faac-4666-a119-f3122dc9cd77.htm?adId=31321&adType=41
2022 Hyundai Creta SX BSVI,2022,1175000.0,55000,Automatic,Petrol,1st Owner,1497.0,14.0,5.0,https://www.cardekho.com/used-car-details/used-Hyundai-creta-sx-bsvi-cars-New-Delhi_8db714c5-1781-4dc1-9194-e897d8234b07.htm
2021 Mini Cooper Countryman Cooper S,2021,3000000.0,12200,Automatic,Petrol,2nd Owner,1998.0,,5.0,https://www.cardekho.com/used-car-details/used-Mini-cooper-countryman-cooper-s-cars-Gurgaon_e643a4b3-12af-428d-a93d-556a02734681.htm?adId=31615&adType=41
2026 Audi Q3 Premium,2026,4367000.0,100,Automatic,Petrol,0th Owner,1984.0,10.14,5.0,https://www.cardekho.com/used-car-details/used-Audi-q3-premium-cars-New-Delhi_c1133778-c90e-4d2f-9596-f27fa73b34e3.htm
2021 Land Rover Range Rover Sport 2.0 Petrol HSE,2021,6600000.0,58411,Automatic,Petrol,1st Owner,1997.0,,5.0,https://www.cardekho.com/used-car-details/used-Land-rover-range-rover-sport-20-petrol-hse-cars-Gurgaon_93ab4806-f06a-4494-868e-853267b313a6.htm?adId=31333&adType=41
2023 Toyota Innova Hycross VX 8STR Hybrid,2023,2250000.0,68000,Automatic,Petrol,2nd Owner,1987.0,,8.0,https://www.cardekho.com/used-car-details/used-Toyota-innova-hycross-vx-8str-hybrid-cars-New-Delhi_1f30a284-3e47-4e25-be3c-23120d3c27c8.htm
2023 Volkswagen Tiguan 2.0 TSI Elegance BSVI,2023,2485000.0,48000,Automatic,Petrol,1st Owner,1984.0,12.65,5.0,https://www.cardekho.com/used-car-details/used-Volkswagen-tiguan-20-tsi-elegance-bsvi-cars-New-Delhi_b0c6be05-06d5-4dc3-af82-18c1b5e6d445.htm
2024 BMW X7 xDrive40i M Sport,2024,10500000.0,25000,Automatic,Petrol,1st Owner,2998.0,,6.0,https://www.cardekho.com/used-car-details/used-Bmw-x7-xdrive40i-m-sport-cars-Gurgaon_8e91470a-59ca-4ceb-bd64-b280535a8015.htm?adId=31318&adType=41
2015 Mercedes-Benz S-Class S 500 L,2015,2000000.0,95000,Automatic,Petrol,3rd Owner,4663.0,,5.0,https://www.cardekho.com/used-car-details/used-Mercedes-benz-s-class-s-500-l-cars-New-Delhi_5e3c187f-6c31-4360-b31f-e8a7fbdd7eda.htm
2014 Mercedes-Benz S-Class S 500 L,2014,3575000.0,78000,Automatic,Petrol,1st Owner,5461.0,7.81,5.0,https://www.cardekho.com/used-car-details/used-Mercedes-benz-s-class-s-500-l-cars-New-Delhi_e0eb07f7-3415-48c2-b064-99b6453c3925.htm
2022 Porsche Cayenne E-Hybrid Platinum Edition,2022,9500000.0,42939,Automatic,Petrol,2nd Owner,2995.0,,5.0,https://www.cardekho.com/used-car-details/used-Porsche-cayenne-e-hybrid-platinum-edition-cars-Gurgaon_63575455-99ba-4ac2-a973-716cb1f602d2.htm?adId=31315&adType=41
2018 Mercedes-Benz GLC 300 4MATIC Sport,2018,2600000.0,71000,Automatic,Petrol,1st Owner,1991.0,,5.0,https://www.cardekho.com/used-car-details/used-Mercedes-benz-glc-300-4matic-sport-cars-New-Delhi_0c6dd26d-63ba-4b5d-b66e-6a50e9ccc9b7.htm
2022 Tata Tiago XZA AMT,2022,516000.0,46234,Automatic,Petrol,1st Owner,1199.0,19.0,5.0,https://www.cardekho.com/used-car-details/used-Tata-tiago-xza-amt-cars-New-Delhi_bae1b293-cc91-4550-a836-1c1887609814.htm
2024 Mercedes-Benz E-Class E 200,2024,6600000.0,16736,Automatic,Petrol,1st Owner,1999.0,15.0,5.0,https://www.cardekho.com/used-car-details/used-Mercedes-benz-e-class-e-200-cars-Gurgaon_b9de1809-7042-42af-8fc2-0c7108baaa66.htm?adId=31327&adType=41
2016 Ford Ecosport 1.5 Ti VCT MT Titanium BSIV,2016,400000.0,64685,Automatic,Petrol,2nd Owner,1499.0,15.85,5.0,https://www.cardekho.com/used-car-details/used-Ford-ecosport-15-ti-vct-mt-titanium-bsiv-cars-New-Delhi_b6e4042d-3cbf-432f-a789-94fc8ddd1973.htm
2020 Hyundai i20 Magna Plus BSIV,2020,485000.0,63000,Manual,Petrol,1st Owner,1197.0,18.6,5.0,https://www.cardekho.com/used-car-details/used-Hyundai-i20-magna-plus-bsiv-cars-New-Delhi_073ac1df-1bda-4271-9565-da00686a4aa4.htm
2022 Audi Q5 Premium plus BSVI,2022,3700000.0,40510,Automatic,Petrol,1st Owner,1984.0,,5.0,https://www.cardekho.com/used-car-details/used-Audi-q5-premium-plus-bsvi-cars-Gurgaon_b8f66d48-365e-4bb3-b93a-45483e452b7b.htm?adId=31906&adType=41
2020 MG Hector Sharp DCT,2020,764000.0,36156,Automatic,Petrol,2nd Owner,1451.0,13.96,5.0,https://www.cardekho.com/used-car-details/used-Mg-hector-sharp-dct-cars-New-Delhi_4350a81e-1d80-484f-8d19-0405b474862f.htm
2019 Toyota Innova Crysta 2.4 G Plus MT BSIV,2019,1290000.0,145000,Manual,Petrol,1st Owner,2393.0,,7.0,https://www.cardekho.com/used-car-details/used-Toyota-innova-crysta-24-g-plus-mt-bsiv-cars-New-Delhi_105f7a26-e322-4c8d-90f6-37fb5e3c38d4.htm
2026 Mercedes-Benz GLS 450 4matic,2026,12600000.0,5200,Automatic,Petrol,0th Owner,2999.0,12.0,7.0,https://www.cardekho.com/used-car-details/used-Mercedes-benz-gls-450-4matic-cars-Gurgaon_bb722773-bb60-4e75-ad6c-debd2b768769.htm?adId=31312&adType=41
2019 Honda Amaze S Petrol BSIV,2019,421000.0,48000,Automatic,Petrol,1st Owner,1199.0,19.5,5.0,https://www.cardekho.com/used-car-details/used-Honda-amaze-s-petrol-bsiv-cars-New-Delhi_ab6df4bd-9335-4e2f-a01f-3c62f15d7326.htm
2020 Renault Triber RXT EASY-R AMT,2020,463000.0,31631,Automatic,Petrol,1st Owner,999.0,18.2,7.0,https://www.cardekho.com/used-car-details/used-Renault-triber-rxt-easy-r-amt-cars-New-Delhi_05f69b21-09bb-4354-b595-ac28017c63a9.htm
2020 Land Rover Range Rover Sport 2.0 Petrol SE,2020,4899000.0,50000,Automatic,Petrol,2nd Owner,1997.0,,5.0,https://www.cardekho.com/used-car-details/used-Land-rover-range-rover-sport-20-petrol-se-cars-New-Delhi_5f0d0f63-f494-455a-8fb5-0ca3587e8eb9.htm
2022 Mercedes-Benz S-Class S 350d BSVI,2022,9600000.0,18699,Automatic,Petrol,1st Owner,2925.0,,5.0,https://www.cardekho.com/used-car-details/used-Mercedes-benz-s-class-s-350d-bsvi-cars-Gurgaon_161e0d9c-374b-4df2-bd8b-f2a46e79b4fd.htm?adId=31311&adType=41
2014 Maruti Suzuki Swift Dzire VXI,2014,253000.0,66178,Manual,Petrol,1st Owner,1197.0,20.85,5.0,https://www.cardekho.com/used-car-details/used-Maruti-swift-dzire-vxi-cars-New-Delhi_a465e9fd-ffc3-456d-897d-84ef6e19b7c8.htm
2021 Hyundai Creta S BSVI,2021,925000.0,23000,Automatic,Petrol,1st Owner,1497.0,,5.0,https://www.cardekho.com/used-car-details/used-Hyundai-creta-s-bsvi-cars-New-Delhi_bbaa3955-ad4e-48c5-9de2-9ca3f6c2b695.htm
2024 Maruti Suzuki Brezza Vxi CNG,2024,925000.0,52000,Automatic,Petrol,1st Owner,1462.0,,5.0,https://www.cardekho.com/used-car-details/used-Maruti-brezza-vxi-cng-cars-New-Delhi_a18ce6ec-2f46-4a2c-b23e-227bdaef15c4.htm
2026 BMW 3 Series Long Wheelbase 330Li M Sport,2026,5600000.0,9845,Automatic,Petrol,0th Owner,1998.0,,5.0,https://www.cardekho.com/used-car-details/used-Bmw-3-series-long-wheelbase-330li-m-sport-cars-Gurgaon_06c2c19a-e482-430b-a9a7-a7923bb0a33c.htm?adId=31472&adType=41
2021 Tata Altroz XZ,2022,548000.0,49082,Automatic,Petrol,1st Owner,1199.0,19.33,5.0,https://www.cardekho.com/used-car-details/used-Tata-altroz-xz-cars-New-Delhi_a7b0e2db-defd-4c31-807f-cdac87875e1c.htm
2016 Maruti Suzuki Baleno 1.2 Delta,2016,345000.0,65374,Automatic,Petrol,1st Owner,1197.0,21.4,5.0,https://www.cardekho.com/used-car-details/used-Maruti-baleno-12-delta-cars-New-Delhi_40654c45-1ea3-4676-bd1d-b3ffc46b0975.htm
2025 BMW 3 Series Long Wheelbase 330Li M Sport,2025,5650000.0,17330,Automatic,Petrol,1st Owner,1998.0,,5.0,https://www.cardekho.com/used-car-details/used-Bmw-3-series-long-wheelbase-330li-m-sport-cars-Gurgaon_cfc333a4-5381-47b5-bcd9-fc232d14883b.htm?adId=31316&adType=41
2021 Maruti Suzuki Vitara Brezza LXI,2021,650000.0,24000,Automatic,Petrol,1st Owner,1462.0,17.03,5.0,https://www.cardekho.com/used-car-details/used-Maruti-vitara-brezza-lxi-cars-New-Delhi_2d2e7ec2-e4e8-4df8-b5e6-6517312bc5b5.htm
2025 Audi Q7 Premium Plus,2025,7900000.0,2800,Automatic,Petrol,1st Owner,2995.0,11.0,7.0,https://www.cardekho.com/used-car-details/used-Audi-q7-premium-plus-cars-New-Delhi_c0ce7da6-e7fd-4351-8435-310fb44c9c57.htm
2023 Audi Q8 55 TFSI Quattro BSVI,2023,7200000.0,38500,Automatic,Petrol,1st Owner,2995.0,,5.0,https://www.cardekho.com/used-car-details/used-Audi-q8-55-tfsi-quattro-bsvi-cars-Gurgaon_bc818b83-6670-40b8-b913-13bfb60a4995.htm?adId=31334&adType=41
2023 MG Hector Plus 1.5 Turbo Savvy Pro CVT 7 Str BSVI,2023,1600000.0,39000,Automatic,Petrol,1st Owner,1451.0,12.34,7.0,https://www.cardekho.com/used-car-details/used-Mg-hector-plus-15-turbo-savvy-pro-cvt-7-str-bsvi-cars-New-Delhi_df928b87-62ff-4caf-a411-4bf5bbae0fba.htm
2025 BMW X1 sDrive18i M Sport,2025,4600000.0,15792,Automatic,Petrol,1st Owner,1499.0,16.35,5.0,https://www.cardekho.com/used-car-details/used-Bmw-x1-sdrive18i-m-sport-cars-Gurgaon_d0ba8ad2-87af-43cb-8114-33484091cffb.htm?adId=31341&adType=41
2017 Jaguar XJ 2.0L Portfolio,2017,2325000.0,107000,Automatic,Petrol,2nd Owner,1999.0,,5.0,https://www.cardekho.com/used-car-details/used-Jaguar-xj-20l-portfolio-cars-New-Delhi_d97692dc-17f9-440a-83b7-734613aff9fb.htm
2018 Jaguar XE 2.0L Diesel Prestige,2019,1590000.0,57000,Automatic,Petrol,1st Owner,1999.0,,5.0,https://www.cardekho.com/used-car-details/used-Jaguar-xe-20l-diesel-prestige-cars-New-Delhi_7764b605-b30f-4a85-8f9a-87061ce9c3bb.htm
2018 Jaguar XE Portfolio,2018,1800000.0,72738,Automatic,Petrol,2nd Owner,1999.0,,5.0,https://www.cardekho.com/used-car-details/used-Jaguar-xe-portfolio-cars-Gurgaon_7b9b6680-b4c0-48eb-be3c-7cea0b772916.htm?adId=31344&adType=41
2023 Mahindra XUV700 AX5 5Str AT,2023,1506000.0,67814,Automatic,Petrol,1st Owner,1999.0,13.0,5.0,https://www.cardekho.com/buy-used-car-details/used-Mahindra-xuv700-ax5-5str-at-cars-New-Delhi_79dfaae0-833d-4418-9841-f65195b03201.htm
2021 BMW 3 Series M340i Xdrive,2021,5300000.0,11866,Automatic,Petrol,1st Owner,2998.0,,5.0,https://www.cardekho.com/used-car-details/used-Bmw-3-series-m340i-xdrive-cars-Gurgaon_2cdd784d-5d45-4172-bf9f-1a3d171c900d.htm?adId=31308&adType=41
2025 Mahindra Thar LXT RWD Diesel,2025,1290000.0,32000,Manual,Petrol,1st Owner,1497.0,,4.0,https://www.cardekho.com/used-car-details/used-Mahindra-thar-lxt-rwd-diesel-cars-New-Delhi_b3ca282a-df3e-4e04-aabc-c37b98e0ca68.htm
2025 Audi A4 Premium Plus,2025,3475000.0,13000,Automatic,Petrol,1st Owner,1984.0,14.1,5.0,https://www.cardekho.com/used-car-details/used-Audi-a4-premium-plus-cars-New-Delhi_20a34350-896d-4ef1-867c-25e1c6037143.htm
2024 Volvo EX40 E80 ultimate,2024,4000000.0,27000,Automatic,Petrol,1st Owner,1.0,,5.0,https://www.cardekho.com/used-car-details/used-Volvo-ex40-e80-ultimate-cars-Gurgaon_3af36c2b-e3de-469f-afd4-e1e19655c05a.htm?adId=31332&adType=41
2025 Volvo EC40 E80,2025,3800000.0,37975,Automatic,Petrol,1st Owner,,,5.0,https://www.cardekho.com/used-car-details/used-Volvo-ec40-e80-cars-Gurgaon_10e16a4f-72f4-4480-8bc7-a0167f21894e.htm?adId=31553&adType=41
2024 Mahindra Thar LX Hard Top Diesel,2024,1490000.0,23500,Manual,Petrol,1st Owner,2184.0,9.0,4.0,https://www.cardekho.com/used-car-details/used-Mahindra-thar-lx-hard-top-diesel-cars-New-Delhi_2e7b4739-8511-490a-a73e-05a63cbd3211.htm
2021 Tata Harrier XZA Plus Dark Edition AT 2020-2022,2021,1250000.0,45000,Automatic,Diesel,2nd Owner,1956.0,14.6,5.0,https://www.cardekho.com/used-car-details/used-Tata-harrier-xza-plus-dark-edition-at-2020-2022-cars-New-Delhi_ac20f965-e229-46a5-a182-2b5a406e7196.htm
2023 Maruti Suzuki Jimny Alpha,2023,990000.0,50000,Automatic,Petrol,1st Owner,1462.0,16.94,4.0,https://www.cardekho.com/used-car-details/used-Maruti-jimny-alpha-cars-Faridabad_2a868e24-e50f-4386-aaac-70e550a1dcb9.htm?adId=30524&adType=41
2019 Hyundai Verna VTVT 1.6 AT SX Option,2019,790000.0,60000,Automatic,Petrol,1st Owner,1591.0,17.0,5.0,https://www.cardekho.com/used-car-details/used-Hyundai-verna-vtvt-16-at-sx-option-cars-New-Delhi_80b6bcfa-326c-461d-bfa8-e6b1501ec06c.htm
2018 Land Rover Discovery HSE 3.0 TD6,2018,1675000.0,96000,Automatic,Petrol,1st Owner,2993.0,,7.0,https://www.cardekho.com/used-car-details/used-Land-rover-discovery-hse-30-td6-cars-New-Delhi_1e981f75-9e47-4985-9c48-5d2e05ce3c69.htm
2019 Tata Nexon KRAZ,2019,485000.0,58000,Automatic,Petrol,1st Owner,1198.0,17.0,5.0,https://www.cardekho.com/used-car-details/used-Tata-nexon-kraz-cars-Faridabad_f62352f6-4ee5-4a56-aa42-62442a1827ba.htm?adId=27964&adType=41
2022 Skoda Kushaq 1.5 TSI Style DSG Anniversary Edition BSVI,2022,1250000.0,37586,Automatic,Petrol,1st Owner,1498.0,17.7,5.0,https://www.cardekho.com/used-car-details/used-Skoda-kushaq-15-tsi-style-dsg-anniversary-edition-bsvi-cars-New-Delhi_bf7a8080-7471-451b-b184-25430e042f51.htm
2020 Tata Nexon KRAZ Plus AMT Diesel,2020,595000.0,62000,Automatic,Petrol,1st Owner,1497.0,21.5,5.0,https://www.cardekho.com/used-car-details/used-Tata-nexon-kraz-plus-amt-diesel-cars-Faridabad_37c123c8-e66c-4118-a875-5f9eaf2fbb41.htm?adId=27961&adType=41
2017 Hyundai Grand i10 1.2 Kappa Sportz BSIV,2017,259000.0,59928,Manual,Petrol,2nd Owner,1197.0,18.9,5.0,https://www.cardekho.com/used-car-details/used-Hyundai-grand-i10-12-kappa-sportz-bsiv-cars-New-Delhi_69a31487-df9e-481d-ba1b-fd927b6dcf6a.htm
2022 Volvo XC60 B5 Inscripition,2022,4100000.0,33254,Automatic,Petrol,2nd Owner,1998.0,11.2,5.0,https://www.cardekho.com/used-car-details/used-Volvo-xc60-b5-inscripition-cars-Gurgaon_42954938-cbd0-4fc7-8b7d-673f3f92dd6a.htm?adId=31324&adType=41
2019 Tata Harrier XT BSIV,2019,875000.0,44000,Automatic,Diesel,1st Owner,1956.0,17.0,5.0,https://www.cardekho.com/used-car-details/used-Tata-harrier-xt-bsiv-cars-New-Delhi_d5d23d1c-8fb8-4b13-8459-fbeb0df26d36.htm
2023 BMW X7 xDrive 40i M Sport,2023,9200000.0,39387,Automatic,Petrol,1st Owner,2998.0,10.54,7.0,https://www.cardekho.com/used-car-details/used-Bmw-x7-xdrive-40i-m-sport-cars-Gurgaon_40d89916-a3f7-46eb-bc29-d60aef0225db.htm?adId=31337&adType=41
2016 Hyundai Creta 1.6 VTVT S,2016,470000.0,80300,Manual,Petrol,1st Owner,1591.0,15.29,5.0,https://www.cardekho.com/used-car-details/used-Hyundai-creta-16-vtvt-s-cars-New-Delhi_165713aa-fa07-4e30-bb7e-1be05a3f04b4.htm
2019 Audi A6 35 TDI,2019,1650000.0,65000,Automatic,Petrol,2nd Owner,1968.0,18.53,5.0,https://www.cardekho.com/used-car-details/used-Audi-a6-35-tdi-cars-New-Delhi_fef8ef5a-57dc-4e2c-a3d4-08015374ed94.htm
2026 Mercedes-Benz GLC 300,2026,6500000.0,19174,Automatic,Petrol,0th Owner,1999.0,,5.0,https://www.cardekho.com/used-car-details/used-Mercedes-benz-glc-300-cars-Gurgaon_2f9525f7-57f6-4a30-82d3-ef68c7782cd0.htm?adId=31319&adType=41
2016 Hyundai Verna 1.4 VTVT,2016,480000.0,20000,Automatic,Petrol,1st Owner,1396.0,17.43,5.0,https://www.cardekho.com/used-car-details/used-Hyundai-verna-14-vtvt-cars-New-Delhi_c7ec4837-a09b-41d3-9be9-3ee34018977c.htm
2024 Maruti Suzuki Swift LXi,2024,550000.0,30000,Manual,Petrol,1st Owner,1197.0,24.8,5.0,https://www.cardekho.com/used-car-details/used-Maruti-swift-lxi-cars-New-Delhi_4b27656f-44d1-4d50-ba6d-e848c3fedc3f.htm
2022 BMW X3 xDrive30i M Sport,2022,4500000.0,34768,Automatic,Petrol,1st Owner,1998.0,13.17,5.0,https://www.cardekho.com/used-car-details/used-Bmw-x3-xdrive30i-m-sport-cars-Gurgaon_e07ec483-c32c-4a8c-afd2-f1e780752c87.htm?adId=31342&adType=41
2018 Renault KWID RXL,2018,225000.0,48000,Manual,Petrol,1st Owner,799.0,25.17,5.0,https://www.cardekho.com/used-car-details/used-Renault-kwid-rxl-cars-Faridabad_96505eaa-1c73-4f3e-ba89-cddbd31e21bb.htm?adId=29660&adType=41
2018 Jeep Compass 1.4 Sport,2018,750000.0,58000,Automatic,Petrol,1st Owner,1368.0,16.0,5.0,https://www.cardekho.com/used-car-details/used-Jeep-compass-14-sport-cars-New-Delhi_b4c59922-eca0-4986-b060-099b870604f8.htm
2019 Honda City i-VTEC CVT ZX,2019,690000.0,57000,Automatic,Petrol,2nd Owner,1497.0,18.0,5.0,https://www.cardekho.com/used-car-details/used-Honda-city-i-vtec-cvt-zx-cars-New-Delhi_05545a3d-a668-4226-94d4-855fa35f77cb.htm
2013 Hyundai Santro Xing GL,2013,185000.0,78000,Manual,Petrol,1st Owner,1086.0,,5.0,https://www.cardekho.com/used-car-details/used-Hyundai-santro-xing-gl-cars-Gurgaon_d5490058-24fc-4cf4-b4dc-6f65c73e7af7.htm?adId=27353&adType=41
2025 Jeep Wrangler Rubicon,2025,6590000.000000001,10000,Automatic,Petrol,1st Owner,1995.0,,5.0,https://www.cardekho.com/used-car-details/used-Jeep-wrangler-rubicon-cars-New-Delhi_c9b2f5ba-81b5-4adc-ab19-6c22ed1f0531.htm
2017 Hyundai Grand i10 Magna,2017,340000.0,67000,Manual,Petrol,1st Owner,1197.0,18.9,5.0,https://www.cardekho.com/used-car-details/used-Hyundai-grand-i10-magna-cars-New-Delhi_4a945576-bce9-48f9-b72a-af856a444d57.htm
2021 Hyundai Venue SX Plus Turbo DCT,2022,750000.0,44800,Automatic,Petrol,1st Owner,998.0,18.15,5.0,https://www.cardekho.com/used-car-details/used-Hyundai-venue-sx-plus-turbo-dct-cars-Gurgaon_019b28e6-a722-4963-a512-64212bff1aac.htm?adId=27046&adType=41
2017 Hyundai i20 Sportz 1.2,2017,385000.0,85000,Automatic,Petrol,1st Owner,1197.0,18.6,5.0,https://www.cardekho.com/used-car-details/used-Hyundai-i20-sportz-12-cars-New-Delhi_a3d75ca1-ec5e-48f5-867b-db7819871a82.htm
2014 Toyota Etios Liva G,2014,235000.0,74000,Manual,Petrol,1st Owner,1197.0,17.71,5.0,https://www.cardekho.com/used-car-details/used-Toyota-etios-liva-g-cars-New-Delhi_7b6ee4ef-a7fc-4e09-a4e8-c190705e761a.htm
2024 Nissan Magnite Visia,2024,550000.0,22000,Manual,Petrol,1st Owner,999.0,19.4,5.0,https://www.cardekho.com/used-car-details/used-Nissan-magnite-visia-cars-New-Delhi_ed047ad6-c834-4f26-89ae-9556f2d27881.htm
2024 Mahindra Scorpio N Z4 Diesel,2024,1625000.0,22000,Manual,Petrol,1st Owner,2198.0,15.94,7.0,https://www.cardekho.com/used-car-details/used-Mahindra-scorpio-n-z4-diesel-cars-New-Delhi_ed0722f7-b10f-41f3-8cde-5c6058d43125.htm
2022 Renault KWID CLIMBER AMT BSVI,2022,420000.0,78000,Automatic,Petrol,1st Owner,999.0,22.3,5.0,https://www.cardekho.com/used-car-details/used-Renault-kwid-climber-amt-bsvi-cars-New-Delhi_62653731-0c0c-4c50-9131-8a0b63cda8f9.htm
2022 Hyundai Aura S CNG,2026,575000.0,63000,Automatic,Petrol,1st Owner,1197.0,,5.0,https://www.cardekho.com/used-car-details/used-Hyundai-aura-s-cng-cars-New-Delhi_6abd72de-d1fc-4e15-8582-c1e6067d03fd.htm
2021 Hyundai Venue SX BSVI,2021,596000.0,50072,Automatic,Petrol,1st Owner,1197.0,16.0,5.0,https://www.cardekho.com/used-car-details/used-Hyundai-venue-sx-bsvi-cars-New-Delhi_56118c82-b4c6-4c7b-a671-f3527ec47b02.htm
2021 Hyundai Aura S CNG,2021,575000.0,61000,Automatic,Petrol,1st Owner,1197.0,,5.0,https://www.cardekho.com/used-car-details/used-Hyundai-aura-s-cng-cars-New-Delhi_78f3edf0-1c4e-49e1-adb4-5a6ec1bdedff.htm
2014 Maruti Suzuki Ciaz VXi Plus,2014,242000.0,69872,Automatic,Petrol,2nd Owner,1373.0,20.73,5.0,https://www.cardekho.com/buy-used-car-details/used-Maruti-ciaz-vxi-plus-cars-New-Delhi_74c5c69e-95e1-469d-9c74-9e19069bf4a5.htm
2016 Hyundai i20 Active 1.2 SX,2016,325000.0,81000,Automatic,Petrol,1st Owner,1197.0,17.19,5.0,https://www.cardekho.com/used-car-details/used-Hyundai-i20-active-12-sx-cars-New-Delhi_14e6b549-7ab6-488e-ab6c-6a0833fb76ff.htm
2020 Toyota Fortuner 2.8 2WD MT,2020,2525000.0,45053,Automatic,Petrol,1st Owner,2755.0,14.24,7.0,https://www.cardekho.com/used-car-details/used-Toyota-fortuner-28-2wd-mt-cars-New-Delhi_c1e20128-6715-401a-939e-be34dfc8f082.htm
2022 Maruti Suzuki Vitara Brezza LXI,2022,670000.0,25000,Automatic,Petrol,1st Owner,1462.0,17.03,5.0,https://www.cardekho.com/used-car-details/used-Maruti-vitara-brezza-lxi-cars-New-Delhi_ec0a5a86-cf5d-4d73-a575-005274b2d9e5.htm
2021 Renault KWID 1.0 RXT AMT Opt,2021,335000.0,29502,Automatic,Petrol,2nd Owner,999.0,22.0,5.0,https://www.cardekho.com/used-car-details/used-Renault-kwid-10-rxt-amt-opt-cars-New-Delhi_8b297b07-27fe-4533-be10-cba0108495e6.htm
2017 Mercedes-Benz CLA 200 CDI Sport,2017,1425000.0,78000,Automatic,Petrol,1st Owner,2143.0,,5.0,https://www.cardekho.com/used-car-details/used-Mercedes-benz-cla-200-cdi-sport-cars-New-Delhi_6f910714-5b0b-404a-8720-9d212c720300.htm
2022 Renault Triber RXL BSVI,2023,365000.0,43748,Automatic,Petrol,1st Owner,999.0,20.0,7.0,https://www.cardekho.com/used-car-details/used-Renault-triber-rxl-bsvi-cars-New-Delhi_37230302-866c-4b5e-b44c-935432da4fd8.htm
2021 Hyundai i20 Asta Opt BSVI,2021,675000.0,41000,Automatic,Petrol,1st Owner,1197.0,21.0,5.0,https://www.cardekho.com/used-car-details/used-Hyundai-i20-asta-opt-bsvi-cars-New-Delhi_1870ec52-0fdb-4aa5-9ed8-4ebec7d7b069.htm
2016 Maruti Suzuki Swift Dzire VXI,2016,350000.0,67000,Manual,Petrol,1st Owner,1197.0,20.85,5.0,https://www.cardekho.com/used-car-details/used-Maruti-swift-dzire-vxi-cars-New-Delhi_3aeb51a7-6d34-4e9f-8aed-f8aaaddd7bda.htm
2022 Maruti Suzuki Wagon R LXI,2022,430000.0,54000,Manual,Petrol,1st Owner,998.0,21.79,5.0,https://www.cardekho.com/used-car-details/used-Maruti-wagon-r-lxi-cars-New-Delhi_f7a793f4-a13e-4f28-872f-421b9601e2ad.htm
2018 BMW 5 Series 530i Sport Line,2018,2990000.0,58000,Automatic,Petrol,2nd Owner,1998.0,,5.0,https://www.cardekho.com/used-car-details/used-Bmw-5-series-530i-sport-line-cars-New-Delhi_0c97d3b4-170c-42f0-a4bf-2b1f19f71498.htm
2022 Hyundai Venue SX Turbo,2022,675000.0,49000,Automatic,Petrol,2nd Owner,998.0,18.27,5.0,https://www.cardekho.com/used-car-details/used-Hyundai-venue-sx-turbo-cars-New-Delhi_a9af42f2-fbc1-4ef8-a3cb-e7b52c451741.htm
2022 Mahindra XUV700 MX BSVI,2022,1090000.0,90000,Automatic,Petrol,2nd Owner,1999.0,13.0,5.0,https://www.cardekho.com/used-car-details/used-Mahindra-xuv700-mx-bsvi-cars-New-Delhi_6da3a32c-892c-471c-967a-9d0e1fa54d14.htm
2021 Hyundai Venue SX Diesel,2021,695000.0,48000,Automatic,Petrol,1st Owner,1493.0,23.7,5.0,https://www.cardekho.com/used-car-details/used-Hyundai-venue-sx-diesel-cars-New-Delhi_17cddfb8-3aa4-471b-81b5-a544c6c8a829.htm
2016 Maruti Suzuki Alto 800 CNG LXI,2016,239000.0,65000,Manual,Petrol,2nd Owner,796.0,,5.0,https://www.cardekho.com/used-car-details/used-Maruti-alto-800-cng-lxi-cars-New-Delhi_6553b6a7-a891-4f77-9a35-c1cea0b50194.htm
2026 Mahindra Scorpio N Z8T Diesel AT,2026,2475000.0,1800,Automatic,Petrol,1st Owner,2198.0,15.42,7.0,https://www.cardekho.com/used-car-details/used-Mahindra-scorpio-n-z8t-diesel-at-cars-New-Delhi_9aa53303-2014-4e34-a12c-62f05fb1a65d.htm
2025 Maruti Suzuki FRONX Delta Plus,2025,825000.0,11000,Automatic,Petrol,1st Owner,1197.0,21.79,5.0,https://www.cardekho.com/used-car-details/used-Maruti-fronx-delta-plus-cars-New-Delhi_182befe5-c3fe-4b73-8b75-d6299b3d1b2a.htm
2024 Mahindra Scorpio S 11,2024,1625000.0,61000,Automatic,Diesel,1st Owner,2184.0,14.44,7.0,https://www.cardekho.com/used-car-details/used-Mahindra-scorpio-s-11-cars-New-Delhi_76f7b78d-322f-402f-956d-5568bdd4134d.htm
2016 Mahindra Scorpio 1.99 S4 Plus,2016,685000.0,89000,Manual,Diesel,1st Owner,1997.0,15.4,7.0,https://www.cardekho.com/used-car-details/used-Mahindra-scorpio-199-s4-plus-cars-New-Delhi_d7496397-5003-4d5d-b68a-1db9b881bafe.htm
2024 BYD Seal Performance,2024,3800000.0,26000,Automatic,Petrol,1st Owner,,,5.0,https://www.cardekho.com/used-car-details/used-Byd-seal-performance-cars-New-Delhi_33a6f711-1ba7-4779-8d8f-73ae70f6890a.htm
2016 BMW 7 Series 740Li DPE Signature,2016,3790000.0,55000,Automatic,Petrol,2nd Owner,2998.0,,5.0,https://www.cardekho.com/used-car-details/used-Bmw-7-series-740li-dpe-signature-cars-New-Delhi_b6d87def-2f35-4851-ab02-157719b4359b.htm
2022 Mercedes-Benz GLS 400d 4MATIC BSVI,2022,8290000.000000001,55000,Automatic,Petrol,2nd Owner,2925.0,,7.0,https://www.cardekho.com/used-car-details/used-Mercedes-benz-gls-400d-4matic-bsvi-cars-New-Delhi_95b12623-0628-4693-92bb-d874da65c1a3.htm
2019 Mercedes-Benz GLA Class 200 Sport,2019,2190000.0,41000,Automatic,Petrol,1st Owner,1991.0,,5.0,https://www.cardekho.com/used-car-details/used-Mercedes-benz-gla-class-200-sport-cars-New-Delhi_d1a0a60b-43ba-4541-a6e7-9f6fa0d5f887.htm
2016 Mercedes-Benz C-Class C 200 CGI,2016,1990000.0,58000,Automatic,Petrol,2nd Owner,1991.0,,5.0,https://www.cardekho.com/used-car-details/used-Mercedes-benz-c-class-c-200-cgi-cars-New-Delhi_ffd38dea-70ae-4068-b749-f50810220ded.htm
2019 Ford Endeavour 3.2 Titanium AT 4X4,2019,2390000.0,98000,Automatic,Diesel,1st Owner,3198.0,10.91,7.0,https://www.cardekho.com/used-car-details/used-Ford-endeavour-32-titanium-at-4x4-cars-New-Delhi_ec4f6ee3-7afa-4923-b6a3-38d7e0ab7386.htm
2013 Audi Q7 3.0 TDI Quattro Premium Plus,2013,875000.0,110000,Automatic,Petrol,1st Owner,2967.0,,7.0,https://www.cardekho.com/used-car-details/used-Audi-q7-30-tdi-quattro-premium-plus-cars-New-Delhi_a6abe898-caf4-4832-a57d-92b6a67dfde2.htm
2019 Honda Civic ZX BSIV,2020,875000.0,120000,Automatic,Petrol,2nd Owner,1799.0,16.5,5.0,https://www.cardekho.com/used-car-details/used-Honda-civic-zx-bsiv-cars-New-Delhi_fe2ae19b-982b-429b-931c-dd9f15924390.htm
2021 Maruti Suzuki Wagon R CNG LXI,2025,435000.0,55000,Manual,Petrol,1st Owner,998.0,,5.0,https://www.cardekho.com/used-car-details/used-Maruti-wagon-r-cng-lxi-cars-New-Delhi_0a0e8ad8-1801-4857-aa25-ad8aff4d3ec6.htm
2022 Nissan Magnite XE BSVI,2022,449000.0,61846,Manual,Petrol,1st Owner,999.0,18.75,5.0,https://www.cardekho.com/used-car-details/used-Nissan-magnite-xe-bsvi-cars-New-Delhi_56d2948f-6a7c-4db4-83d5-39972e627498.htm
2018 Hyundai Santro Sportz CNG BSIV,2018,380000.0,49000,Automatic,Petrol,1st Owner,1086.0,,5.0,https://www.cardekho.com/used-car-details/used-Hyundai-santro-sportz-cng-bsiv-cars-New-Delhi_725eefb1-3a10-4df2-b6f9-b27460345382.htm
2019 Tata Tiago 1.2 Revotron XZ Plus,2019,325000.0,65000,Manual,Petrol,1st Owner,1199.0,23.84,5.0,https://www.cardekho.com/used-car-details/used-Tata-tiago-12-revotron-xz-plus-cars-New-Delhi_0311b08c-a083-4bac-b59b-f364d9c0b691.htm
2017 Audi Q3 30 TDI S Edition,2017,1590000.0,48000,Automatic,Petrol,2nd Owner,1968.0,,5.0,https://www.cardekho.com/used-car-details/used-Audi-q3-30-tdi-s-edition-cars-New-Delhi_09f44bfc-9791-4f50-b11f-14023ff25db9.htm
2025 Tata Tigor XZA Plus AMT CNG,2025,825000.0,11000,Automatic,Petrol,1st Owner,1199.0,,5.0,https://www.cardekho.com/used-car-details/used-Tata-tigor-xza-plus-amt-cng-cars-New-Delhi_4f84b75c-cdae-492a-adef-a493df5b7971.htm
2017 Audi Q3 30 TDI,2026,1590000.0,49000,Automatic,Petrol,2nd Owner,1968.0,,5.0,https://www.cardekho.com/used-car-details/used-Audi-q3-30-tdi-cars-New-Delhi_967db998-b554-4e97-b1a4-08c57cd0dff2.htm
2018 Audi Q3 30 TFSI Premium FWD,2018,1789999.9999999998,55000,Automatic,Petrol,1st Owner,1395.0,,5.0,https://www.cardekho.com/used-car-details/used-Audi-q3-30-tfsi-premium-fwd-cars-New-Delhi_e2f4f1eb-87f6-459a-9c7b-e92d1adf6999.htm
2014 Mini Cooper S,2014,1285000.0,42000,Automatic,Petrol,1st Owner,1598.0,13.6,4.0,https://www.cardekho.com/used-car-details/used-Mini-cooper-s-cars-New-Delhi_d4113117-0092-4526-8b4e-09a024311016.htm
2023 Maruti Suzuki Swift VXI,2023,550000.0,43000,Manual,Petrol,1st Owner,1197.0,22.38,5.0,https://www.cardekho.com/used-car-details/used-Maruti-swift-vxi-cars-New-Delhi_f2a4643c-9237-42f1-9cd1-f6d1a5c09e06.htm
2024 Maruti Suzuki Brezza Lxi,2024,799000.0,11500,Manual,Petrol,1st Owner,1462.0,17.38,5.0,https://www.cardekho.com/used-car-details/used-Maruti-brezza-lxi-cars-New-Delhi_382be3f7-5dd3-4c7e-a778-234fbadd1b9f.htm
2023 Maruti Suzuki Brezza Lxi,2023,755000.0,12000,Manual,Petrol,1st Owner,1462.0,17.38,5.0,https://www.cardekho.com/used-car-details/used-Maruti-brezza-lxi-cars-New-Delhi_bf04936a-45ef-4d13-b174-3317af500f7b.htm
2026 Kia Seltos GTX (O) Turbo DCT,2026,2050000.0,5000,Automatic,Petrol,1st Owner,1482.0,,5.0,https://www.cardekho.com/used-car-details/used-Kia-seltos-gtx-o-turbo-dct-cars-New-Delhi_f24c15ea-1e0a-490e-8061-28741e919580.htm
2019 Mahindra XUV500 W11 Option AT BSIV,2019,890000.0,94000,Automatic,Diesel,1st Owner,2179.0,15.1,7.0,https://www.cardekho.com/used-car-details/used-Mahindra-xuv500-w11-option-at-bsiv-cars-New-Delhi_e9b0aebc-dff0-43c0-a3c0-0756710cb478.htm
2024 MG Astor Sharp Pro CVT,2024,1200000.0,14000,Automatic,Petrol,1st Owner,1498.0,14.82,5.0,https://www.cardekho.com/used-car-details/used-Mg-astor-sharp-pro-cvt-cars-New-Delhi_9d03603c-ad8d-41a0-bbfa-b6ee09bbb335.htm
2022 Maruti Suzuki Dzire VXI CNG BSVI,2022,570000.0,82000,Automatic,Petrol,2nd Owner,1197.0,,5.0,https://www.cardekho.com/used-car-details/used-Maruti-dzire-vxi-cng-bsvi-cars-New-Delhi_4ed1ca86-39f6-439c-8ff7-52b175218d9b.htm
2014 Mercedes-Benz S-Class S 500,2014,3575000.0,79000,Automatic,Petrol,1st Owner,5461.0,7.81,5.0,https://www.cardekho.com/used-car-details/used-Mercedes-benz-s-class-s-500-cars-New-Delhi_73e63068-e5c0-46a2-808d-f39beebe5505.htm
2016 Volkswagen Polo 1.2 MPI Comfortline,2016,395000.0,51000,Automatic,Petrol,1st Owner,1199.0,16.2,5.0,https://www.cardekho.com/used-car-details/used-Volkswagen-polo-12-mpi-comfortline-cars-New-Delhi_627bd6ff-58c0-4812-9e2c-463374030554.htm
2020 Maruti Suzuki Baleno Delta,2020,469000.00000000006,51000,Automatic,Petrol,1st Owner,1197.0,21.01,5.0,https://www.cardekho.com/used-car-details/used-Maruti-baleno-delta-cars-New-Delhi_55071186-aa9c-4582-9344-77031a7bf590.htm
2021 MG Hector Sharp AT BSIV,2021,975000.0,74000,Automatic,Petrol,1st Owner,1451.0,13.96,5.0,https://www.cardekho.com/used-car-details/used-Mg-hector-sharp-at-bsiv-cars-New-Delhi_9481c3e8-dcef-46a5-b340-008a61bc740b.htm
2020 Kia Sonet HTX Diesel BSVI,2020,660000.0,47000,Automatic,Petrol,1st Owner,1493.0,18.4,5.0,https://www.cardekho.com/used-car-details/used-Kia-sonet-htx-diesel-bsvi-cars-New-Delhi_cfc9e93f-ae04-4a20-b378-acd57c929daf.htm
2017 Mahindra KUV 100 mFALCON G80 K4,2017,265000.0,3600,Manual,Petrol,1st Owner,1198.0,18.15,6.0,https://www.cardekho.com/used-car-details/used-Mahindra-kuv-100-mfalcon-g80-k4-cars-New-Delhi_0f953bae-b9b5-4cd4-b218-b5bccce081c7.htm
2020 MG Hector Sharp DCT,2020,884000.0,58063,Automatic,Petrol,2nd Owner,1451.0,8.61,5.0,https://www.cardekho.com/used-car-details/used-Mg-hector-sharp-dct-cars-New-Delhi_42493f45-1de9-460a-b5cf-7c372265fbf7.htm
2018 Ford Ecosport 1.5 Diesel Trend BSIV,2018,435000.0,66000,Automatic,Petrol,1st Owner,1498.0,23.0,5.0,https://www.cardekho.com/used-car-details/used-Ford-ecosport-15-diesel-trend-bsiv-cars-New-Delhi_5d433825-f281-41d9-aed1-8ad86c8eb4ab.htm
2025 BMW 5 Series 530Li,2025,6700000.0,14500,Automatic,Petrol,1st Owner,1998.0,15.7,5.0,https://www.cardekho.com/used-car-details/used-Bmw-5-series-530li-cars-New-Delhi_da7e6c16-a0e1-49fa-832b-83602674f91a.htm
2015 Hyundai Creta 1.6 VTVT S,2016,400000.0,42000,Automatic,Petrol,1st Owner,1591.0,15.29,5.0,https://www.cardekho.com/used-car-details/used-Hyundai-creta-16-vtvt-s-cars-New-Delhi_a5c8d83f-88b6-4320-b104-1c99eaf1b6e0.htm
2016 Honda Amaze S i-Vtech,2016,325000.0,68000,Manual,Petrol,2nd Owner,1198.0,18.0,5.0,https://www.cardekho.com/used-car-details/used-Honda-amaze-s-i-vtech-cars-New-Delhi_ecc0e5d2-665a-40f7-973b-f25cf304b1df.htm
2023 Maruti Suzuki Grand Vitara Delta,2023,930000.0,54770,Automatic,Petrol,1st Owner,1462.0,21.11,5.0,https://www.cardekho.com/used-car-details/used-Maruti-grand-vitara-delta-cars-New-Delhi_df90a345-5e86-4587-a7d5-5b006b1ee34c.htm
2021 Kia Seltos HTX IVT G,2021,899000.0,75000,Automatic,Petrol,1st Owner,1497.0,16.8,5.0,https://www.cardekho.com/used-car-details/used-Kia-seltos-htx-ivt-g-cars-New-Delhi_796b336e-063d-4aa0-9607-abf349a39fb5.htm
2016 Mahindra KUV 100 mFALCON G80 K8,2016,285000.0,38000,Manual,Petrol,1st Owner,1198.0,18.15,6.0,https://www.cardekho.com/used-car-details/used-Mahindra-kuv-100-mfalcon-g80-k8-cars-New-Delhi_025a76a6-05c8-45c6-962a-87dceb1da874.htm
2022 Maruti Suzuki Ciaz Zeta BSVI,2022,745000.0,68000,Automatic,Petrol,1st Owner,1462.0,20.65,5.0,https://www.cardekho.com/used-car-details/used-Maruti-ciaz-zeta-bsvi-cars-New-Delhi_7c42bb95-932a-406a-9264-0d446dc45eec.htm
2024 Audi A4 Premium Plus,2024,3500000.0,6000,Automatic,Petrol,1st Owner,1984.0,14.1,5.0,https://www.cardekho.com/used-car-details/used-Audi-a4-premium-plus-cars-New-Delhi_108f3d2f-79be-4f21-b2ab-a62ad973380c.htm
2019 Tata Nexon 1.5 Revotorq XMA,2019,460000.0,80000,Automatic,Petrol,1st Owner,1497.0,21.5,5.0,https://www.cardekho.com/used-car-details/used-Tata-nexon-15-revotorq-xma-cars-New-Delhi_e4a8d3df-6ce5-4e52-83f3-5d07907b66ef.htm
2022 Hyundai i20 Sportz IVT BSVI,2022,623000.0,37500,Automatic,Petrol,1st Owner,1197.0,19.65,5.0,https://www.cardekho.com/used-car-details/used-Hyundai-i20-sportz-ivt-bsvi-cars-New-Delhi_c8c83332-07a3-403f-96c9-d5a809092ced.htm
2024 Maruti Suzuki Brezza Lxi,2024,825000.0,11000,Manual,Petrol,1st Owner,1462.0,17.38,5.0,https://www.cardekho.com/used-car-details/used-Maruti-brezza-lxi-cars-New-Delhi_2bcf6917-91c5-4dd9-b418-8d065eb034a3.htm
2021 Volkswagen Polo 1.0 TSI Comfortline,2022,585000.0,117000,Automatic,Petrol,1st Owner,999.0,,5.0,https://www.cardekho.com/used-car-details/used-Volkswagen-polo-10-tsi-comfortline-cars-New-Delhi_756159e8-c00d-4e23-8635-1ba0f3e06a21.htm
2012 Hyundai i10 Era,2012,120000.0,13366,Manual,Petrol,1st Owner,1086.0,19.81,5.0,https://www.cardekho.com/used-car-details/used-Hyundai-i10-era-cars-New-Delhi_05574e09-5bd8-4931-9728-a1de5ab11e6b.htm
2023 Mahindra XUV700 AX5 5Str AT,2024,1562000.0,20209,Automatic,Petrol,1st Owner,1999.0,13.0,5.0,https://www.cardekho.com/buy-used-car-details/used-Mahindra-xuv700-ax5-5str-at-cars-New-Delhi_fac45d00-54c0-45c3-8d54-7f0b54eb678a.htm
2025 Hyundai Venue HX 8 Turbo DCT,2025,1335000.0,4700,Automatic,Petrol,1st Owner,998.0,20.0,5.0,https://www.cardekho.com/used-car-details/used-Hyundai-venue-hx-8-turbo-dct-cars-New-Delhi_9e085432-4877-4f79-810f-9457d93058fd.htm
2022 Honda City V MT,2022,740000.0,69000,Automatic,Petrol,1st Owner,1498.0,18.6,5.0,https://www.cardekho.com/used-car-details/used-Honda-city-v-mt-cars-New-Delhi_ec9e952b-05fb-4d9c-9cbe-18f38f355918.htm
2016 Hyundai Verna 1.6 VTVT S,2016,399000.0,63480,Automatic,Petrol,1st Owner,1591.0,17.01,5.0,https://www.cardekho.com/used-car-details/used-Hyundai-verna-16-vtvt-s-cars-New-Delhi_50c1939a-f42d-4cd4-a38e-edba5b10a4af.htm
2017 Jaguar XF 2.0 Diesel Prestige,2017,1550000.0,75000,Automatic,Petrol,1st Owner,1999.0,19.33,5.0,https://www.cardekho.com/used-car-details/used-Jaguar-xf-20-diesel-prestige-cars-New-Delhi_c7bf0edd-d874-4ac8-a70e-3ee3a5c98114.htm
2020 Kia Sonet GTX Plus Diesel AT BSVI,2021,775000.0,64000,Automatic,Petrol,1st Owner,1493.0,,5.0,https://www.cardekho.com/used-car-details/used-Kia-sonet-gtx-plus-diesel-at-bsvi-cars-New-Delhi_68c1f242-ac63-4f2e-8e22-cd409094fec7.htm
2023 Tata Altroz XM Plus,2023,497000.0,48265,Manual,Petrol,1st Owner,1199.0,19.33,5.0,https://www.cardekho.com/buy-used-car-details/used-Tata-altroz-xm-plus-cars-New-Delhi_a87e0f7c-3a7e-4786-a74f-e9679dac6372.htm
2023 Mahindra XUV300 W6 AMT,2023,784000.0,34000,Automatic,Petrol,1st Owner,1197.0,,5.0,https://www.cardekho.com/used-car-details/used-Mahindra-xuv300-w6-amt-cars-New-Delhi_bd0322a2-84f3-4bd2-a624-e57f38f945f8.htm
2017 Hyundai Tucson 2.0 e-VGT 2WD MT,2017,875000.0,84000,Automatic,Petrol,2nd Owner,1995.0,18.42,5.0,https://www.cardekho.com/used-car-details/used-Hyundai-tucson-20-e-vgt-2wd-mt-cars-New-Delhi_9b6f75fb-c0e5-4547-99da-19dca4299ea0.htm
2017 Tata Hexa XTA,2017,675000.0,95000,Automatic,Diesel,1st Owner,2179.0,,7.0,https://www.cardekho.com/used-car-details/used-Tata-hexa-xta-cars-New-Delhi_fc03e828-c004-4fa2-8422-96558492cebf.htm
2022 Tata Altroz XZA Plus DCT BSVI,2022,507000.0,49745,Automatic,Petrol,1st Owner,1199.0,18.5,5.0,https://www.cardekho.com/used-car-details/used-Tata-altroz-xza-plus-dct-bsvi-cars-New-Delhi_09029262-b511-40fe-9722-3937addd6680.htm
2017 Mercedes-Benz GLC 220d 4MATIC Sport,2017,1750000.0,95000,Automatic,Petrol,2nd Owner,2143.0,,5.0,https://www.cardekho.com/used-car-details/used-Mercedes-benz-glc-220d-4matic-sport-cars-New-Delhi_29730794-ad3c-4337-918b-8c879ae61659.htm
2024 Maruti Suzuki Grand Vitara Delta CNG 2 Airbag,2024,1099000.0,38000,Automatic,Petrol,1st Owner,1462.0,,5.0,https://www.cardekho.com/used-car-details/used-Maruti-grand-vitara-delta-cng-2-airbag-cars-New-Delhi_a56242d8-2b74-4898-94d7-124fb7445210.htm
2022 BMW 6 Series 630iM Sport 50 Jahre M Edition,2022,4975000.0,34000,Automatic,Petrol,1st Owner,1998.0,,4.0,https://www.cardekho.com/used-car-details/used-Bmw-6-series-630im-sport-50-jahre-m-edition-cars-New-Delhi_9f37df13-43fd-4159-a0d8-9bc0f0c4e28f.htm
2023 Hyundai Venue SX BSVI,2023,868000.0,27512,Automatic,Petrol,1st Owner,1197.0,16.0,5.0,https://www.cardekho.com/used-car-details/used-Hyundai-venue-sx-bsvi-cars-New-Delhi_8c1ce98a-07ee-4876-9d3d-fff7baa23063.htm
2024 Maruti Suzuki Grand Vitara Sigma,2024,985000.0,20000,Automatic,Petrol,1st Owner,1462.0,21.11,5.0,https://www.cardekho.com/used-car-details/used-Maruti-grand-vitara-sigma-cars-New-Delhi_2e35eb4d-0f37-443c-a8d6-68f1bc25ca54.htm
2020 BMW X4 M Sport X xDrive20d,2020,3200000.0,49000,Automatic,Petrol,1st Owner,1995.0,,5.0,https://www.cardekho.com/used-car-details/used-Bmw-x4-m-sport-x-xdrive20d-cars-New-Delhi_ce7318e2-d522-49b9-835b-2c4ae989e7a3.htm
2019 Hyundai i20 Sportz Plus BSIV,2019,391000.0,64027,Manual,Petrol,1st Owner,1197.0,18.6,5.0,https://www.cardekho.com/used-car-details/used-Hyundai-i20-sportz-plus-bsiv-cars-New-Delhi_774e82d2-b0e6-4f62-a065-23939324053d.htm
2021 Maruti Suzuki Baleno Sigma,2021,475000.0,61000,Manual,Petrol,1st Owner,1197.0,21.01,5.0,https://www.cardekho.com/used-car-details/used-Maruti-baleno-sigma-cars-New-Delhi_8f9cb45e-d9cb-4c4f-924a-f52d776c45f5.htm
2018 Hyundai i20 1.2 Magna Executive,2018,430000.0,49142,Manual,Petrol,1st Owner,1197.0,18.6,5.0,https://www.cardekho.com/used-car-details/used-Hyundai-i20-12-magna-executive-cars-New-Delhi_87e29f9c-4b9e-461b-b036-ae3f9146d48d.htm
2018 Hyundai Grand i10 1.2 Kappa Sportz BSIV,2018,385000.0,76000,Manual,Petrol,1st Owner,1197.0,18.9,5.0,https://www.cardekho.com/used-car-details/used-Hyundai-grand-i10-12-kappa-sportz-bsiv-cars-New-Delhi_c1bb62ef-c15c-435c-ba4d-1dad681c27a6.htm
2024 Nissan Magnite Visia,2024,559000.0,22000,Manual,Petrol,1st Owner,999.0,19.4,5.0,https://www.cardekho.com/used-car-details/used-Nissan-magnite-visia-cars-New-Delhi_0f616bc9-ccf6-45af-83a9-4aa795e80425.htm
2017 Hyundai i20 Sportz 1.2,2017,399000.0,57000,Automatic,Petrol,1st Owner,1197.0,18.6,5.0,https://www.cardekho.com/used-car-details/used-Hyundai-i20-sportz-12-cars-New-Delhi_99c58872-1580-4432-a2b5-e800485f0e9d.htm
2016 Ford Ecosport 1.5 Ti VCT MT Trend BSIV,2016,296000.0,74329,Automatic,Petrol,2nd Owner,1499.0,15.85,5.0,https://www.cardekho.com/used-car-details/used-Ford-ecosport-15-ti-vct-mt-trend-bsiv-cars-New-Delhi_3d877e94-567e-4e73-990a-1fdc189f8321.htm
2022 MG Hector Plus 1.5 Turbo Sharp Pro 7 Str BSVI,2022,1316000.0,31590,Automatic,Petrol,1st Owner,1451.0,13.79,7.0,https://www.cardekho.com/used-car-details/used-Mg-hector-plus-15-turbo-sharp-pro-7-str-bsvi-cars-New-Delhi_1df8fc64-79ae-403f-9ca8-9fc609a4682e.htm
2023 Maruti Suzuki Brezza Vxi CNG,2023,875000.0,55000,Automatic,Petrol,1st Owner,1462.0,,5.0,https://www.cardekho.com/used-car-details/used-Maruti-brezza-vxi-cng-cars-New-Delhi_1119af17-2916-4f16-a3b3-8a112c6a03a8.htm
2025 Toyota Fortuner 4X2 AT,2025,3850000.0,23000,Automatic,Petrol,1st Owner,2694.0,,7.0,https://www.cardekho.com/used-car-details/used-Toyota-fortuner-4x2-at-cars-New-Delhi_e42d3f78-94b4-4b98-ab2d-1352ae436017.htm
2020 Hyundai Grand i10 Nios AMT Sportz,2020,485000.0,72000,Automatic,Petrol,1st Owner,1197.0,20.7,5.0,https://www.cardekho.com/used-car-details/used-Hyundai-grand-i10-nios-amt-sportz-cars-New-Delhi_9f87e7b9-4c01-4131-8dc5-12f2d53eb7d1.htm
2015 Maruti Suzuki Ciaz ZXi,2015,280000.0,61067,Automatic,Petrol,2nd Owner,1373.0,20.73,5.0,https://www.cardekho.com/buy-used-car-details/used-Maruti-ciaz-zxi-cars-New-Delhi_6a7392dc-c6e4-4ffd-b141-93a9b8608e36.htm
2017 Ford Ecosport 1.5 Diesel Titanium BSIV,2026,425000.0,72000,Automatic,Petrol,1st Owner,1498.0,23.0,5.0,https://www.cardekho.com/used-car-details/used-Ford-ecosport-15-diesel-titanium-bsiv-cars-New-Delhi_5528818b-42ce-476e-9868-ca3307d69331.htm
2018 Ford Ecosport 1.5 Petrol Titanium BSIV,2019,362000.0,65120,Automatic,Petrol,1st Owner,1497.0,17.0,5.0,https://www.cardekho.com/used-car-details/used-Ford-ecosport-15-petrol-titanium-bsiv-cars-New-Delhi_f45972b0-cb14-4754-8d7c-f4162210ce43.htm
2021 Mahindra XUV700 AX7 BSVI,2022,1575000.0,80000,Automatic,Petrol,1st Owner,1999.0,13.0,7.0,https://www.cardekho.com/used-car-details/used-Mahindra-xuv700-ax7-bsvi-cars-New-Delhi_6090cef1-b547-47fc-a54a-e8309ca61595.htm
2018 Tata Nexon XZ Plus (O) Diesel,2018,431000.0,54847,Automatic,Petrol,1st Owner,1497.0,21.19,5.0,https://www.cardekho.com/used-car-details/used-Tata-nexon-xz-plus-o-diesel-cars-New-Delhi_6c8e1827-570a-4cd6-bb67-8d81e14326db.htm
2017 Mercedes-Benz CLA 200 CDI Sport,2017,1390000.0,70000,Automatic,Petrol,1st Owner,2143.0,,5.0,https://www.cardekho.com/used-car-details/used-Mercedes-benz-cla-200-cdi-sport-cars-New-Delhi_42073c9f-ac3a-4d76-8bd1-56a7378f791a.htm
2021 Tata Harrier XZA Plus AT BSVI,2021,1200000.0,79000,Automatic,Diesel,1st Owner,1956.0,14.6,5.0,https://www.cardekho.com/used-car-details/used-Tata-harrier-xza-plus-at-bsvi-cars-New-Delhi_2e765efc-6e09-46c6-8a9b-aa16f225f202.htm
2024 Maruti Suzuki Ertiga VXi CNG,2025,1125000.0,30000,Manual,Petrol,1st Owner,1462.0,,7.0,https://www.cardekho.com/used-car-details/used-Maruti-ertiga-vxi-cng-cars-New-Delhi_1876cbe7-bb51-4dd5-889a-dd71f57b0bed.htm
2015 Hyundai Grand i10 1.2 Kappa Magna AT,2015,270000.0,30270,Automatic,Petrol,1st Owner,1197.0,18.9,5.0,https://www.cardekho.com/used-car-details/used-Hyundai-grand-i10-12-kappa-magna-at-cars-New-Delhi_42c9ec28-37fe-44a3-bb43-c26aba690fbc.htm
2020 Maruti Suzuki Baleno Zeta,2020,450000.0,40993,Automatic,Petrol,1st Owner,1197.0,21.01,5.0,https://www.cardekho.com/used-car-details/used-Maruti-baleno-zeta-cars-New-Delhi_895378f0-11ab-4108-b61d-22c73b3caddc.htm
2024 Tata Altroz XZ Plus S CNG,2024,875000.0,17000,Automatic,Petrol,1st Owner,1199.0,,5.0,https://www.cardekho.com/used-car-details/used-Tata-altroz-xz-plus-s-cng-cars-New-Delhi_e583befd-3ab9-4fc9-83c4-9c9278baf026.htm
2022 Hyundai Creta SX (O) Turbo DCT,2022,1151000.0,79180,Automatic,Petrol,1st Owner,1482.0,18.4,5.0,https://www.cardekho.com/used-car-details/used-Hyundai-creta-sx-o-turbo-dct-cars-New-Delhi_5f6dcddf-7932-4b3d-87c6-1412662fe718.htm
2018 Tata Nexon 1.2 Revotron XZ,2018,399000.0,54000,Automatic,Petrol,1st Owner,1198.0,17.0,5.0,https://www.cardekho.com/used-car-details/used-Tata-nexon-12-revotron-xz-cars-New-Delhi_016eb4ea-db2d-4e45-ae32-fff639d2dede.htm
2021 Mahindra Thar LX 4WD Hard Top AT BSVI,2021,1025000.0,42056,Automatic,Petrol,2nd Owner,1997.0,8.0,4.0,https://www.cardekho.com/used-car-details/used-Mahindra-thar-lx-4wd-hard-top-at-bsvi-cars-New-Delhi_610ce858-2a3e-4b97-9788-4a7028bd2589.htm
2025 Mahindra Scorpio N Z2 E,2025,1475000.0,14000,Manual,Petrol,1st Owner,1997.0,12.17,7.0,https://www.cardekho.com/used-car-details/used-Mahindra-scorpio-n-z2-e-cars-New-Delhi_95ca7800-336a-4f05-9abf-16b3c25ebd95.htm
2017 Mercedes-Benz GLC Progressive 300,2017,2400000.0,18500,Automatic,Petrol,2nd Owner,1991.0,,5.0,https://www.cardekho.com/used-car-details/used-Mercedes-benz-glc-progressive-300-cars-New-Delhi_c5cfbbc3-080b-4098-ac4f-58ea34e58fb7.htm
2015 Ford Ecosport 1.5 Ti VCT AT Titanium,2015,235000.0,70000,Automatic,Petrol,2nd Owner,1499.0,16.5,5.0,https://www.cardekho.com/used-car-details/used-Ford-ecosport-15-ti-vct-at-titanium-cars-New-Delhi_3eb4d6da-220a-48a0-bc9d-5854348263f6.htm
2024 Tata Altroz XZ Plus S LUX CNG,2024,662000.0,45782,Automatic,Petrol,1st Owner,1199.0,,5.0,https://www.cardekho.com/used-car-details/used-Tata-altroz-xz-plus-s-lux-cng-cars-New-Delhi_fe5665a8-b409-4c0d-ac33-04532ba041f8.htm
2022 Skoda Slavia 1.5 TSI Style DSG,2023,1122000.0,70663,Automatic,Petrol,1st Owner,1498.0,19.36,5.0,https://www.cardekho.com/used-car-details/used-Skoda-slavia-15-tsi-style-dsg-cars-New-Delhi_3215ef0c-998d-4282-9f48-4ba56414c365.htm
2023 Kia Carens Premium,2023,849000.0,26000,Manual,Petrol,2nd Owner,1497.0,15.0,7.0,https://www.cardekho.com/used-car-details/used-Kia-carens-premium-cars-New-Delhi_ade868b5-b3bb-47c7-8f91-faa1441b3122.htm
2017 Maruti Suzuki Baleno Delta Diesel,2017,363000.0,36111,Automatic,Petrol,1st Owner,1248.0,27.39,5.0,https://www.cardekho.com/used-car-details/used-Maruti-baleno-delta-diesel-cars-New-Delhi_53f1dbe2-e33e-480e-8ef1-9e22198ce1fb.htm
2024 Toyota Hyryder G AT,2024,1331000.0,14771,Automatic,Petrol,2nd Owner,1462.0,20.58,5.0,https://www.cardekho.com/used-car-details/used-Toyota-hyryder-g-at-cars-New-Delhi_c8b407eb-897e-463d-955d-e0dabd167d2c.htm
2017 Mercedes-Benz GLC Progressive 300,2017,2400000.0,18500,Automatic,Petrol,2nd Owner,1991.0,,5.0,https://www.cardekho.com/used-car-details/used-Mercedes-benz-glc-progressive-300-cars-New-Delhi_1b24a7fc-e0c2-4dab-ae44-85bff7acdd52.htm
2021 Kia Sonet HTK Plus Turbo DCT,2021,612000.0,34841,Automatic,Petrol,1st Owner,998.0,18.3,5.0,https://www.cardekho.com/buy-used-car-details/used-Kia-sonet-htk-plus-turbo-dct-cars-New-Delhi_a0419162-e7fe-42aa-a19e-5a68393f4424.htm
2024 Mahindra XUV700 AX7 7Str AT,2024,1950000.0,37000,Automatic,Petrol,1st Owner,1999.0,13.0,7.0,https://www.cardekho.com/used-car-details/used-Mahindra-xuv700-ax7-7str-at-cars-New-Delhi_f9c9069e-40da-419a-a17a-e1cc643adf50.htm
2023 Maruti Suzuki Grand Vitara Sigma,2024,785000.0,25552,Automatic,Petrol,1st Owner,1462.0,21.11,5.0,https://www.cardekho.com/used-car-details/used-Maruti-grand-vitara-sigma-cars-New-Delhi_74e56836-ec12-4b2b-a00e-54a423683e50.htm
2021 Jeep Compass 1.4 Limited Opt DCT BSVI,2021,1248000.0,62000,Automatic,Petrol,1st Owner,1368.0,14.1,5.0,https://www.cardekho.com/used-car-details/used-Jeep-compass-14-limited-opt-dct-bsvi-cars-New-Delhi_9bbf91f1-aa55-4f05-8624-4f5fc504a989.htm
2021 Toyota Innova Crysta 2.4 G 7 STR,2021,1475000.0,95000,Manual,Petrol,1st Owner,2393.0,,7.0,https://www.cardekho.com/used-car-details/used-Toyota-innova-crysta-24-g-7-str-cars-New-Delhi_be72134d-c63e-49bd-b229-0a9c2e9f87fa.htm
2016 Mercedes-Benz GLE 350d,2016,1689999.9999999998,105000,Automatic,Petrol,1st Owner,2987.0,,5.0,https://www.cardekho.com/used-car-details/used-Mercedes-benz-gle-350d-cars-New-Delhi_8c7b59eb-f7df-41b6-8f33-15c06004d6bf.htm
2024 Skoda Kodiaq L & K,2024,3375000.0,15000,Automatic,Petrol,1st Owner,1984.0,13.32,7.0,https://www.cardekho.com/used-car-details/used-Skoda-kodiaq-l-k-cars-New-Delhi_4f3ea218-4f4f-49e3-a7ce-6fd72ab2f530.htm
2025 BMW 2 Series Gran Coupe 220i M Sport,2025,3750000.0,5600,Automatic,Petrol,1st Owner,1998.0,14.82,5.0,https://www.cardekho.com/used-car-details/used-Bmw-2-series-gran-coupe-220i-m-sport-cars-New-Delhi_3d01fb94-475e-4be0-9f54-025f00595dd2.htm
2022 Audi Q5 Premium plus BSVI,2026,4350000.0,58000,Automatic,Petrol,1st Owner,1984.0,,5.0,https://www.cardekho.com/used-car-details/used-Audi-q5-premium-plus-bsvi-cars-New-Delhi_ad28088e-ae57-4033-b826-0d18eb149db0.htm
2023 Audi Q3 Premium Plus BSVI,2023,2975000.0,44000,Automatic,Petrol,1st Owner,1984.0,,5.0,https://www.cardekho.com/used-car-details/used-Audi-q3-premium-plus-bsvi-cars-New-Delhi_4af38ed6-224e-4eda-b4cb-9aaceb2ecf19.htm
2022 Toyota Fortuner 4X4 Diesel BSVI,2022,3800000.0,80000,Automatic,Petrol,1st Owner,2755.0,8.0,7.0,https://www.cardekho.com/used-car-details/used-Toyota-fortuner-4x4-diesel-bsvi-cars-New-Delhi_d14513de-a4db-49a8-be9f-cc9dd3c66108.htm
2020 Tata Altroz XE BSVI,2020,351000.0,33599,Manual,Petrol,1st Owner,1199.0,19.33,5.0,https://www.cardekho.com/used-car-details/used-Tata-altroz-xe-bsvi-cars-New-Delhi_dcac04b4-7c89-4483-8fb4-3ff57b6e71f7.htm
2020 Volkswagen Polo 1.0 MPI Highline Plus BSIV,2020,699000.0,60000,Automatic,Petrol,1st Owner,999.0,18.78,5.0,https://www.cardekho.com/used-car-details/used-Volkswagen-polo-10-mpi-highline-plus-bsiv-cars-New-Delhi_ef9e93fc-a2fc-4170-99e2-441ed02da3d6.htm
2023 Mahindra Thar LX Hard Top AT RWD,2023,1150000.0,37586,Automatic,Petrol,1st Owner,1997.0,8.0,4.0,https://www.cardekho.com/used-car-details/used-Mahindra-thar-lx-hard-top-at-rwd-cars-New-Delhi_5efd3a7f-63c9-4e41-aa0a-5a4ac3c6262e.htm
2015 Mercedes-Benz E-Class E 200 CGI,2015,1525000.0,55000,Automatic,Petrol,2nd Owner,1991.0,,5.0,https://www.cardekho.com/used-car-details/used-Mercedes-benz-e-class-e-200-cgi-cars-New-Delhi_2aa77a9d-c6e3-4641-a4c7-0d702b8efd18.htm
2024 Kia Seltos HTK,2024,985000.0,31000,Manual,Petrol,1st Owner,1497.0,17.0,5.0,https://www.cardekho.com/used-car-details/used-Kia-seltos-htk-cars-New-Delhi_8a737e03-9951-406d-9531-8dcb8f631059.htm
2023 Mahindra XUV700 AX7 AT BSVI,2024,1750000.0,78000,Automatic,Petrol,1st Owner,1999.0,11.0,7.0,https://www.cardekho.com/used-car-details/used-Mahindra-xuv700-ax7-at-bsvi-cars-New-Delhi_7b379046-355e-4a86-accd-12953834af44.htm
2020 Kia Seltos HTK Plus G,2020,799000.0,77000,Manual,Petrol,1st Owner,1497.0,16.8,5.0,https://www.cardekho.com/used-car-details/used-Kia-seltos-htk-plus-g-cars-New-Delhi_7874b6e2-b04a-44ea-a008-ba61d3f518e2.htm
2021 Renault KWID RXL,2021,271000.0,42998,Automatic,Petrol,2nd Owner,799.0,22.25,5.0,https://www.cardekho.com/used-car-details/used-Renault-kwid-rxl-cars-New-Delhi_755e2f60-899f-411d-b44a-86802f262329.htm
2021 Renault KWID RXL,2021,257000.0,81992,Automatic,Petrol,1st Owner,799.0,22.25,5.0,https://www.cardekho.com/buy-used-car-details/used-Renault-kwid-rxl-cars-New-Delhi_982563cf-b3e5-4ce4-8c1a-1e01a1002a6d.htm
2015 Ford Aspire Titanium,2016,256000.0,27601,Automatic,Petrol,1st Owner,1194.0,18.5,5.0,https://www.cardekho.com/buy-used-car-details/used-Ford-aspire-titanium-cars-New-Delhi_e556005f-c39d-4bdc-84e4-a1692c6fef20.htm
2023 Jeep Meridian Limited Opt 4x2 AT,2023,2190000.0,60000,Automatic,Petrol,1st Owner,1956.0,8.2,7.0,https://www.cardekho.com/used-car-details/used-Jeep-meridian-limited-opt-4x2-at-cars-New-Delhi_3ed77bb6-1917-499c-9648-5951150040aa.htm
2021 Skoda Superb Sportline BSVI,2021,2150000.0,48000,Automatic,Petrol,1st Owner,1984.0,15.1,5.0,https://www.cardekho.com/used-car-details/used-Skoda-superb-sportline-bsvi-cars-New-Delhi_d2c6ed06-3ac2-42e9-9062-ab0c2b4dcb3d.htm
2022 Mahindra Thar LX 4WD Hard Top Diesel AT BSVI,2025,1275000.0,39000,Automatic,Petrol,1st Owner,2184.0,9.0,4.0,https://www.cardekho.com/used-car-details/used-Mahindra-thar-lx-4wd-hard-top-diesel-at-bsvi-cars-New-Delhi_3fd44844-54ab-416b-ae1b-157aedb365d0.htm
2015 Honda Amaze S AT i-Vtech,2015,350000.0,60000,Automatic,Petrol,1st Owner,1198.0,15.5,5.0,https://www.cardekho.com/used-car-details/used-Honda-amaze-s-at-i-vtech-cars-New-Delhi_f11ecaf8-7ff6-45a9-9fe6-8ff5b9ba6fa2.htm
2023 Skoda Octavia Style,2023,2390000.0,12000,Automatic,Petrol,1st Owner,1984.0,15.81,5.0,https://www.cardekho.com/used-car-details/used-Skoda-octavia-style-cars-New-Delhi_3a7d1bee-c9e8-43af-bdc4-809647be6127.htm
2019 Hyundai Grand i10 1.2 Kappa Sportz BSIV,2019,339000.0,36931,Manual,Petrol,1st Owner,1197.0,18.9,5.0,https://www.cardekho.com/used-car-details/used-Hyundai-grand-i10-12-kappa-sportz-bsiv-cars-New-Delhi_a9df4e5d-cd98-47f1-8676-cafa3b5c93a7.htm
2017 Toyota Corolla Altis 1.8 G,2017,745000.0,60000,Automatic,Petrol,1st Owner,1798.0,14.28,5.0,https://www.cardekho.com/used-car-details/used-Toyota-corolla-altis-18-g-cars-New-Delhi_acc25f3b-cc7e-4570-a686-2e5b8091a1eb.htm
2017 Toyota Innova Crysta 2.7 GX MT BSIV,2017,975000.0,91000,Automatic,Petrol,1st Owner,2694.0,,7.0,https://www.cardekho.com/used-car-details/used-Toyota-innova-crysta-27-gx-mt-bsiv-cars-New-Delhi_a2017b67-cd61-46f2-b8be-5cef40e75350.htm
2020 Hyundai Creta 1.4 EX Diesel,2020,875000.0,74000,Manual,Petrol,1st Owner,1396.0,22.1,5.0,https://www.cardekho.com/used-car-details/used-Hyundai-creta-14-ex-diesel-cars-New-Delhi_9c7d4fa0-d0c8-471e-a67c-d2175028ca6d.htm
2024 Audi A4 Technology,2026,3490000.0,33000,Automatic,Petrol,1st Owner,1984.0,14.1,5.0,https://www.cardekho.com/used-car-details/used-Audi-a4-technology-cars-New-Delhi_c183fdae-587c-41c0-873c-cfd6ce5bffaf.htm
2019 Toyota Innova Crysta 2.7 ZX AT BSIV,2019,1525000.0,20000,Automatic,Petrol,1st Owner,2694.0,,7.0,https://www.cardekho.com/used-car-details/used-Toyota-innova-crysta-27-zx-at-bsiv-cars-New-Delhi_927d0108-b525-4edf-9ce5-0c97e1a264fd.htm
2018 Toyota Innova Crysta 2.4 VX MT BSIV,2018,1425000.0,63000,Automatic,Petrol,1st Owner,2393.0,,7.0,https://www.cardekho.com/used-car-details/used-Toyota-innova-crysta-24-vx-mt-bsiv-cars-New-Delhi_54ee94c9-31a1-4607-ac0a-fd85e3181615.htm
2024 Mahindra XUV 3XO AX5,2024,951000.0,21293,Automatic,Petrol,1st Owner,1197.0,18.89,5.0,https://www.cardekho.com/used-car-details/used-Mahindra-xuv-3xo-ax5-cars-New-Delhi_0381b908-5887-472c-b37a-223db7fb174d.htm
2017 Maruti Suzuki Baleno 1.2 CVT Delta,2017,389000.0,52000,Automatic,Petrol,1st Owner,1197.0,21.4,5.0,https://www.cardekho.com/used-car-details/used-Maruti-baleno-12-cvt-delta-cars-New-Delhi_388ced1f-9af1-4ef0-8252-d67dfa9a8d79.htm
2025 Mahindra Scorpio N Z4,2025,1585000.0,14000,Manual,Petrol,1st Owner,1997.0,12.17,7.0,https://www.cardekho.com/used-car-details/used-Mahindra-scorpio-n-z4-cars-New-Delhi_8c4735e9-afcb-472e-9732-7c6f9c6b8763.htm
2023 Mahindra XUV700 AX5 7 Str Diesel AT,2023,1545000.0,52000,Automatic,Petrol,1st Owner,2198.0,16.57,7.0,https://www.cardekho.com/used-car-details/used-Mahindra-xuv700-ax5-7-str-diesel-at-cars-New-Delhi_6a46a347-278d-4de2-af2c-2bc723891203.htm
2022 Tata Nexon XZA Plus (O) AMT Diesel,2022,660000.0,92000,Automatic,Petrol,1st Owner,1497.0,22.07,5.0,https://www.cardekho.com/used-car-details/used-Tata-nexon-xza-plus-o-amt-diesel-cars-New-Delhi_6a6771a0-3cc8-47eb-96db-3fefe777faec.htm
2022 Mahindra XUV700 AX5 AT BSVI,2022,1325000.0,43000,Automatic,Petrol,1st Owner,1999.0,11.0,5.0,https://www.cardekho.com/used-car-details/used-Mahindra-xuv700-ax5-at-bsvi-cars-New-Delhi_2fb226ee-1cb0-4162-9d2c-86f5cbd9ccd1.htm
2014 Nissan Terrano XL,2014,385000.0,72000,Automatic,Petrol,1st Owner,1598.0,13.24,5.0,https://www.cardekho.com/used-car-details/used-Nissan-terrano-xl-cars-New-Delhi_05358d96-92fc-4a26-b4ac-ce756033ef66.htm
2014 Land Rover Range Rover Evoque 2.2L Pure,2014,1590000.0,59000,Automatic,Petrol,2nd Owner,2179.0,,5.0,https://www.cardekho.com/used-car-details/used-Land-rover-range-rover-evoque-22l-pure-cars-New-Delhi_fbd8458a-31ec-4bd5-bc4c-e008643fbe06.htm
2018 Ford Ecosport 1.5 Diesel Titanium BSIV,2018,475000.0,76000,Automatic,Petrol,1st Owner,1498.0,23.0,5.0,https://www.cardekho.com/used-car-details/used-Ford-ecosport-15-diesel-titanium-bsiv-cars-New-Delhi_7ed26885-5327-405e-8479-454b16b784bd.htm
2019 Lexus ES 300h,2019,3590000.0,51000,Automatic,Petrol,1st Owner,2487.0,,5.0,https://www.cardekho.com/used-car-details/used-Lexus-es-300h-cars-New-Delhi_9720b58b-dd7a-48db-a5b4-7e5d72c52424.htm
2023 Jeep Meridian Limited Opt AT 4x4,2023,2585000.0,17000,Automatic,Petrol,1st Owner,1956.0,8.5,7.0,https://www.cardekho.com/used-car-details/used-Jeep-meridian-limited-opt-at-4x4-cars-New-Delhi_e470f452-e873-4b97-93ef-35077cabf677.htm
2017 Hyundai Creta 1.6 VTVT E Plus,2017,428000.0,61660,Manual,Petrol,1st Owner,1591.0,15.29,5.0,https://www.cardekho.com/buy-used-car-details/used-Hyundai-creta-16-vtvt-e-plus-cars-New-Delhi_d8dd44dc-215c-40c5-9fb5-e2fe3834e107.htm
2023 Tata Altroz XZA Plus DCT,2023,620000.0,25655,Automatic,Petrol,1st Owner,1199.0,18.5,5.0,https://www.cardekho.com/used-car-details/used-Tata-altroz-xza-plus-dct-cars-New-Delhi_30035c5f-4ce8-4cdb-9a68-9ae9d8927946.htm
2022 Tata Nexon Pure Plus Diesel,2022,751000.0,69839,Manual,Petrol,1st Owner,1497.0,23.23,5.0,https://www.cardekho.com/buy-used-car-details/used-Tata-nexon-pure-plus-diesel-cars-New-Delhi_ad42b0bd-6445-4d1c-9590-5b7175ede9a5.htm
2019 Audi A3 35 TDI Premium Plus,2019,1570000.0,37000,Automatic,Petrol,1st Owner,1968.0,20.38,5.0,https://www.cardekho.com/used-car-details/used-Audi-a3-35-tdi-premium-plus-cars-New-Delhi_f7a5eb75-a947-4d70-9d6b-a525e11e4acc.htm
2020 Maruti Suzuki Baleno Sigma Diesel,2020,427000.0,24757,Manual,Petrol,1st Owner,1248.0,27.39,5.0,https://www.cardekho.com/buy-used-car-details/used-Maruti-baleno-sigma-diesel-cars-New-Delhi_90433ec7-e351-4d58-b34b-a3afb102e3e0.htm
2024 Mini Cooper Countryman S JCW Inspired,2024,4200000.0,1800,Automatic,Petrol,1st Owner,1998.0,14.34,5.0,https://www.cardekho.com/used-car-details/used-Mini-cooper-countryman-s-jcw-inspired-cars-New-Delhi_83168b32-dd53-4dbb-88cc-a243e5c5a2c1.htm
2015 Hyundai Grand i10 1.2 Kappa Magna BSIV,2015,230000.0,74896,Manual,Petrol,3rd Owner,1197.0,18.9,5.0,https://www.cardekho.com/used-car-details/used-Hyundai-grand-i10-12-kappa-magna-bsiv-cars-New-Delhi_0664a60f-f48a-4b1a-aa91-e2fd5542d68b.htm
2019 Hyundai Venue SX Turbo BSIV,2019,475000.0,58255,Automatic,Petrol,1st Owner,998.0,18.27,5.0,https://www.cardekho.com/used-car-details/used-Hyundai-venue-sx-turbo-bsiv-cars-New-Delhi_7797578e-8a2c-4ef8-95fd-5fe50a598b24.htm
2020 Hyundai Venue SX Opt Turbo BSIV,2020,497000.0,58196,Automatic,Petrol,1st Owner,998.0,18.27,5.0,https://www.cardekho.com/used-car-details/used-Hyundai-venue-sx-opt-turbo-bsiv-cars-New-Delhi_df415055-095b-41a6-90c6-968f59d12161.htm
2025 Mercedes-Benz GLS 450 4matic,2025,12200000.0,10000,Automatic,Petrol,1st Owner,2999.0,12.0,7.0,https://www.cardekho.com/used-car-details/used-Mercedes-benz-gls-450-4matic-cars-New-Delhi_95d4a1ac-9b08-404b-ab6b-8865cbbc829a.htm
2017 Maruti Suzuki Celerio ZXI,2017,305000.0,102072,Automatic,Petrol,1st Owner,998.0,21.63,5.0,https://www.cardekho.com/used-car-details/used-Maruti-celerio-zxi-cars-New-Delhi_c765df8b-f745-4d35-9bcf-9581cfc69075.htm
2016 Hyundai Grand i10 1.2 Kappa Sportz BSIV,2016,290000.0,65622,Manual,Petrol,2nd Owner,1197.0,18.9,5.0,https://www.cardekho.com/used-car-details/used-Hyundai-grand-i10-12-kappa-sportz-bsiv-cars-New-Delhi_73d1ca20-be3b-4903-a28c-534b096ff522.htm
2022 Tata Punch Accomplished BSVI,2022,461000.00000000006,34689,Automatic,Petrol,1st Owner,1199.0,20.09,5.0,https://www.cardekho.com/used-car-details/used-Tata-punch-accomplished-bsvi-cars-New-Delhi_335d18cf-1c0d-422c-b0b0-3e39d4027f8b.htm
2024 Mercedes-Benz GLS 450d 4matic,2024,10700000.0,23000,Automatic,Petrol,1st Owner,2925.0,12.0,7.0,https://www.cardekho.com/used-car-details/used-Mercedes-benz-gls-450d-4matic-cars-New-Delhi_b2f4452a-4e5f-459c-8551-297935961fd4.htm
2016 Audi Q5 30 TDI quattro Premium Plus,2016,1040000.0,90000,Automatic,Petrol,1st Owner,1968.0,,5.0,https://www.cardekho.com/used-car-details/used-Audi-q5-30-tdi-quattro-premium-plus-cars-New-Delhi_2897b70e-99c8-444d-8613-ccd58c704e7f.htm
2019 BMW X3 xDrive 20d Luxury Line,2019,2350000.0,88000,Automatic,Petrol,2nd Owner,1995.0,,5.0,https://www.cardekho.com/used-car-details/used-Bmw-x3-xdrive-20d-luxury-line-cars-New-Delhi_369badd5-2a9b-45ea-bfe6-84d91e44402f.htm
2016 Toyota Corolla Altis G AT,2016,565000.0,63000,Automatic,Petrol,1st Owner,1798.0,14.28,5.0,https://www.cardekho.com/used-car-details/used-Toyota-corolla-altis-g-at-cars-New-Delhi_f041408d-6387-434b-80c3-75557594b1b8.htm
2016 Toyota Corolla Altis VL AT,2016,525000.0,78000,Automatic,Petrol,1st Owner,1798.0,14.28,5.0,https://www.cardekho.com/used-car-details/used-Toyota-corolla-altis-vl-at-cars-New-Delhi_7276b9a0-b2c3-48bf-bd72-f53138116037.htm
2018 Maruti Suzuki Swift Dzire VXI 1.2,2018,306000.0,73918,Manual,Petrol,1st Owner,1197.0,21.21,5.0,https://www.cardekho.com/buy-used-car-details/used-Maruti-swift-dzire-vxi-12-cars-New-Delhi_4951d6cf-5677-471f-bc58-af34bbad339f.htm
2017 Ford Ecosport 1.5 Ti VCT MT Ambiente BSIV,2017,304000.0,61665,Automatic,Petrol,1st Owner,1499.0,15.85,5.0,https://www.cardekho.com/used-car-details/used-Ford-ecosport-15-ti-vct-mt-ambiente-bsiv-cars-New-Delhi_c8a005a6-46f4-4465-b726-f89dc7344178.htm
2023 Nissan Magnite XL,2023,481000.0,69588,Automatic,Petrol,1st Owner,999.0,19.35,5.0,https://www.cardekho.com/used-car-details/used-Nissan-magnite-xl-cars-New-Delhi_71f104f6-3ca7-4f05-b744-e788a51f9389.htm
2015 Hyundai Grand i10 AT Asta,2015,375000.0,43000,Automatic,Petrol,1st Owner,1197.0,18.9,5.0,https://www.cardekho.com/used-car-details/used-Hyundai-grand-i10-at-asta-cars-New-Delhi_06f4362c-1b87-4f40-ad6c-bdf49f00e9aa.htm
2020 Land Rover Range Rover Evoque 2.0 S 2020-2021,2020,3700000.0,34000,Automatic,Petrol,2nd Owner,1997.0,,5.0,https://www.cardekho.com/used-car-details/used-Land-rover-range-rover-evoque-20-s-2020-2021-cars-New-Delhi_83d778a9-a742-4558-a75b-ced82d37ed1c.htm
2017 BMW 3 Series GT Luxury Line,2017,2150000.0,33000,Automatic,Petrol,1st Owner,1995.0,,5.0,https://www.cardekho.com/used-car-details/used-Bmw-3-series-gt-luxury-line-cars-New-Delhi_c47a38f7-8060-4af6-9468-a04179f530f8.htm
2015 Mercedes-Benz CLA 200 CGI Sport,2015,1311000.0,46000,Automatic,Petrol,2nd Owner,1991.0,,5.0,https://www.cardekho.com/used-car-details/used-Mercedes-benz-cla-200-cgi-sport-cars-New-Delhi_63019556-cd08-4f43-aa85-50ac7ac5e11a.htm
2017 Maruti Suzuki Celerio ZXI AMT BSIV,2017,275000.0,93000,Automatic,Petrol,2nd Owner,998.0,23.1,5.0,https://www.cardekho.com/used-car-details/used-Maruti-celerio-zxi-amt-bsiv-cars-New-Delhi_a39e68a1-cd77-4c30-91a7-2240674cbfa7.htm
2022 Maruti Suzuki Ertiga VXI CNG 2022-2023,2022,925000.0,71000,Manual,Petrol,1st Owner,1462.0,,7.0,https://www.cardekho.com/used-car-details/used-Maruti-ertiga-vxi-cng-2022-2023-cars-New-Delhi_e6359167-0806-4eba-930d-9613fb468c83.htm
2016 Hyundai i20 Magna 1.2,2016,246000.0,75629,Automatic,Petrol,2nd Owner,1197.0,18.6,5.0,https://www.cardekho.com/buy-used-car-details/used-Hyundai-i20-magna-12-cars-New-Delhi_ba8b2c11-697d-41fe-a41f-1fbb3bb75648.htm
2021 Nissan Magnite XV BSVI,2021,356000.0,74141,Automatic,Petrol,1st Owner,999.0,18.75,5.0,https://www.cardekho.com/used-car-details/used-Nissan-magnite-xv-bsvi-cars-New-Delhi_d0cf2015-fe7f-4b1b-81ee-5ca7411b7267.htm
2023 Nissan Magnite XV,2023,543000.0,31123,Automatic,Petrol,2nd Owner,999.0,19.35,5.0,https://www.cardekho.com/buy-used-car-details/used-Nissan-magnite-xv-cars-New-Delhi_29f14222-ada2-4006-9a26-47843f2026e2.htm
2021 Mahindra XUV700 AX7 7Str AT,2021,1458000.0,53935,Automatic,Petrol,1st Owner,1999.0,13.0,7.0,https://www.cardekho.com/used-car-details/used-Mahindra-xuv700-ax7-7str-at-cars-New-Delhi_a5c66e5c-2b24-4c37-ade0-c95d3c7840eb.htm
2020 MG Hector Sharp DCT,2020,784000.0,34617,Automatic,Petrol,1st Owner,1451.0,13.96,5.0,https://www.cardekho.com/used-car-details/used-Mg-hector-sharp-dct-cars-New-Delhi_d89eee09-a0fc-42f7-85ed-0a6783683478.htm
2023 Nissan Magnite XV Premium,2023,569000.0,29749,Automatic,Petrol,1st Owner,999.0,19.35,5.0,https://www.cardekho.com/buy-used-car-details/used-Nissan-magnite-xv-premium-cars-New-Delhi_ac163e88-d643-45ed-8fd1-86e60cc1d023.htm
2023 Toyota Hyryder G HYBRID BSVI,2023,1165000.0,26777,Automatic,Petrol,2nd Owner,1490.0,27.97,5.0,https://www.cardekho.com/used-car-details/used-Toyota-hyryder-g-hybrid-bsvi-cars-New-Delhi_5fc431f9-f7da-49a6-85b9-6a75c3d2c810.htm
2019 Toyota Innova Crysta 2.4 GX MT BSIV,2026,1245000.0,154000,Manual,Petrol,2nd Owner,2393.0,,7.0,https://www.cardekho.com/used-car-details/used-Toyota-innova-crysta-24-gx-mt-bsiv-cars-New-Delhi_3a31540d-83c6-4f56-a612-9880e877003a.htm
2022 Tata Nexon XM S Diesel,2022,578000.0,107553,Manual,Petrol,1st Owner,1497.0,23.22,5.0,https://www.cardekho.com/used-car-details/used-Tata-nexon-xm-s-diesel-cars-New-Delhi_d0538dd2-b377-4503-93a7-5fcd1f194aac.htm
2020 Hyundai Venue SX Turbo,2020,640000.0,62000,Automatic,Petrol,1st Owner,998.0,18.27,5.0,https://www.cardekho.com/used-car-details/used-Hyundai-venue-sx-turbo-cars-New-Delhi_ddee2b4b-3ed0-4986-b76d-e7c416330977.htm
2024 Mahindra Scorpio N Z6 Diesel,2024,1675000.0,61000,Manual,Petrol,1st Owner,2198.0,15.42,7.0,https://www.cardekho.com/used-car-details/used-Mahindra-scorpio-n-z6-diesel-cars-New-Delhi_8a951a7a-7cec-4f25-b017-d7a5e5166941.htm
2023 Honda City V MT,2023,657000.0,72661,Automatic,Petrol,1st Owner,1498.0,18.6,5.0,https://www.cardekho.com/used-car-details/used-Honda-city-v-mt-cars-New-Delhi_408f14f3-df7c-439c-b730-c30623786c05.htm
2015 Ford Ecosport 1.5 Ti VCT AT Titanium BSIV,2015,345000.0,19675,Automatic,Petrol,1st Owner,1499.0,15.63,5.0,https://www.cardekho.com/used-car-details/used-Ford-ecosport-15-ti-vct-at-titanium-bsiv-cars-New-Delhi_f99eed8c-4836-4851-ac43-89a2e56bdb90.htm
2022 Tata Nexon XZ Plus HS Diesel,2022,772000.0,24525,Automatic,Petrol,1st Owner,1497.0,21.19,5.0,https://www.cardekho.com/used-car-details/used-Tata-nexon-xz-plus-hs-diesel-cars-New-Delhi_1559aab6-7916-4db7-b3f7-d1ff99ae9db1.htm
2017 Honda Amaze 2nd Gen S,2017,334000.0,67165,Manual,Petrol,1st Owner,1199.0,18.6,5.0,https://www.cardekho.com/used-car-details/used-Honda-amaze-2nd-gen-s-cars-New-Delhi_0eca7089-1a9a-4c9c-8b35-20f9cca595fa.htm
2022 Nissan Magnite XE BSVI,2022,358000.0,54847,Manual,Petrol,1st Owner,999.0,18.75,5.0,https://www.cardekho.com/used-car-details/used-Nissan-magnite-xe-bsvi-cars-New-Delhi_a330a0f0-5837-4949-a2fa-15fe4cfc47d1.htm
2016 Toyota Corolla Altis D-4D G,2016,500000.0,74879,Automatic,Petrol,2nd Owner,1364.0,21.43,5.0,https://www.cardekho.com/used-car-details/used-Toyota-corolla-altis-d-4d-g-cars-New-Delhi_328d3ab6-262a-4d56-9b06-f8a5e9a5e065.htm
2024 Tata Curvv Accomplished Plus A Diesel,2024,1175000.0,7134,Automatic,Petrol,1st Owner,1497.0,15.0,5.0,https://www.cardekho.com/buy-used-car-details/used-Tata-curvv-accomplished-plus-a-diesel-cars-New-Delhi_864c9916-acdf-4aaf-ae4b-a7e42071e952.htm
2021 Renault Triber RXZ BSVI,2021,525000.0,61000,Automatic,Petrol,1st Owner,999.0,20.0,7.0,https://www.cardekho.com/used-car-details/used-Renault-triber-rxz-bsvi-cars-New-Delhi_f75e3546-6372-4c12-852c-f998f6e3d6b4.htm
2017 Toyota Fortuner 2.8 2WD AT BSIV,2017,1999000.0,160000,Automatic,Diesel,1st Owner,2755.0,12.9,7.0,https://www.cardekho.com/used-car-details/used-Toyota-fortuner-28-2wd-at-bsiv-cars-New-Delhi_c3de1958-ac03-4579-aa64-903846aeeeb7.htm
2018 Mahindra Marazzo M2 BSIV,2018,475000.0,60000,Manual,Diesel,1st Owner,1497.0,17.3,7.0,https://www.cardekho.com/used-car-details/used-Mahindra-marazzo-m2-bsiv-cars-New-Delhi_a9dff014-411d-4fc7-a281-d1c84db912e8.htm
2022 Mercedes-Benz GLC 220d 4MATIC,2022,3925000.0,54000,Automatic,Petrol,1st Owner,1950.0,,5.0,https://www.cardekho.com/used-car-details/used-Mercedes-benz-glc-220d-4matic-cars-New-Delhi_1e853775-979e-4cf4-a066-d121a8e9f8df.htm
2025 Toyota Fortuner 4X2 AT,2025,3700000.0,18000,Automatic,Petrol,1st Owner,2694.0,,7.0,https://www.cardekho.com/used-car-details/used-Toyota-fortuner-4x2-at-cars-New-Delhi_a38add42-2094-4e9b-9236-768bba7f90dc.htm
2020 Maruti Suzuki Baleno Zeta,2020,429000.0,56241,Automatic,Petrol,1st Owner,1197.0,21.01,5.0,https://www.cardekho.com/buy-used-car-details/used-Maruti-baleno-zeta-cars-New-Delhi_f9956dd7-c4a1-46ba-8ec0-01927e4b7da1.htm
2018 Hyundai Grand i10 1.2 Kappa Sportz BSIV,2018,370000.0,67000,Manual,Petrol,1st Owner,1197.0,18.9,5.0,https://www.cardekho.com/used-car-details/used-Hyundai-grand-i10-12-kappa-sportz-bsiv-cars-New-Delhi_de9a873c-b93b-4821-a0a2-5e38e34ef73c.htm
2022 Toyota Innova Crysta 2.4 ZX 7 STR AT,2022,1950000.0,105000,Automatic,Petrol,1st Owner,2393.0,,7.0,https://www.cardekho.com/used-car-details/used-Toyota-innova-crysta-24-zx-7-str-at-cars-New-Delhi_32007cf9-6567-4f15-a613-f28ee1c92252.htm
2023 Mahindra Thar LX 4WD Hard Top AT BSVI,2023,1350000.0,16000,Automatic,Petrol,1st Owner,1997.0,8.0,4.0,https://www.cardekho.com/used-car-details/used-Mahindra-thar-lx-4wd-hard-top-at-bsvi-cars-New-Delhi_5c073089-188f-40c9-b798-8e5cd6c15156.htm
2015 Maruti Suzuki Swift Dzire ZXi,2015,314000.0,98398,Automatic,Petrol,1st Owner,1298.0,17.5,5.0,https://www.cardekho.com/used-car-details/used-Maruti-swift-dzire-zxi-cars-New-Delhi_47d98415-f605-4799-a542-75decbb37137.htm
2023 Hyundai Verna SX Opt IVT,2023,1275000.0,42000,Automatic,Petrol,1st Owner,1497.0,19.6,5.0,https://www.cardekho.com/used-car-details/used-Hyundai-verna-sx-opt-ivt-cars-New-Delhi_894ae1d2-d512-457b-8596-d60db12d5455.htm
2017 Audi Q3 35 TDI Quattro Technology,2017,975000.0,65000,Automatic,Diesel,2nd Owner,1968.0,,5.0,https://www.cardekho.com/used-car-details/used-Audi-q3-35-tdi-quattro-technology-cars-New-Delhi_2aad0ac3-ccfb-4558-aa53-894234644865.htm
2022 Maruti Suzuki Dzire VXI CNG BSVI,2022,575000.0,80000,Automatic,Petrol,2nd Owner,1197.0,,5.0,https://www.cardekho.com/used-car-details/used-Maruti-dzire-vxi-cng-bsvi-cars-New-Delhi_d5197664-fb18-4692-aa7f-d070ff43aed8.htm
2022 Volkswagen Taigun 1.0 TSI Topline AT BSVI,2022,1249000.0,47000,Automatic,Petrol,1st Owner,999.0,18.41,5.0,https://www.cardekho.com/used-car-details/used-Volkswagen-taigun-10-tsi-topline-at-bsvi-cars-New-Delhi_b7da6be7-5114-4928-99cd-cb4b24dcfe16.htm
2021 Toyota Innova Crysta 2.4 GX 7 STR,2021,1525000.0,96000,Manual,Petrol,1st Owner,2393.0,,7.0,https://www.cardekho.com/used-car-details/used-Toyota-innova-crysta-24-gx-7-str-cars-New-Delhi_f0808359-7d93-4d94-9643-9dc01f40e8c3.htm
2025 MG M9 Presidential Limo,2025,8350000.0,5200,Automatic,Electric,1st Owner,,,7.0,https://www.cardekho.com/used-car-details/used-Mg-m9-presidential-limo-cars-New-Delhi_fdefef81-d053-4480-9313-89f995a2dc1a.htm
2022 Maruti Suzuki Dzire ZXI Plus BSVI,2022,725000.0,38000,Automatic,Petrol,1st Owner,1197.0,22.41,5.0,https://www.cardekho.com/used-car-details/used-Maruti-dzire-zxi-plus-bsvi-cars-New-Delhi_e8b31a8e-eb7a-4669-bb44-59b9bf9286a8.htm
2020 Kia Carnival Prestige 6 STR,2020,1875000.0,99000,Automatic,Diesel,1st Owner,2199.0,,6.0,https://www.cardekho.com/used-car-details/used-Kia-carnival-prestige-6-str-cars-New-Delhi_6e689d64-57a7-49a7-b66f-5a1fb727ce03.htm
2018 Maruti Suzuki Baleno 1.2 CVT Zeta,2018,475000.0,59000,Automatic,Petrol,1st Owner,1197.0,21.4,5.0,https://www.cardekho.com/used-car-details/used-Maruti-baleno-12-cvt-zeta-cars-New-Delhi_629213e3-b4ce-4659-9112-545656ec44a5.htm
2022 Hyundai Creta SX Tech DT,2022,1022000.0,56167,Automatic,Petrol,1st Owner,1497.0,17.4,5.0,https://www.cardekho.com/buy-used-car-details/used-Hyundai-creta-sx-tech-dt-cars-New-Delhi_715406d5-55f4-47ec-baa9-59932716e122.htm
2022 Hyundai Venue S BSVI,2022,699000.0,60000,Manual,Petrol,1st Owner,1197.0,16.0,5.0,https://www.cardekho.com/used-car-details/used-Hyundai-venue-s-bsvi-cars-New-Delhi_432a1279-5ed9-4999-a1ba-4fced988549a.htm
2024 Tata Tigor XZ CNG,2024,624000.0,17260,Automatic,Petrol,1st Owner,1199.0,,5.0,https://www.cardekho.com/used-car-details/used-Tata-tigor-xz-cng-cars-New-Delhi_0f1475b0-f2b5-4e1d-820c-7c985ba6ffc7.htm
2020 BMW X1 sDrive20i SportX,2021,2150000.0,52000,Automatic,Petrol,2nd Owner,1998.0,14.82,5.0,https://www.cardekho.com/used-car-details/used-Bmw-x1-sdrive20i-sportx-cars-New-Delhi_9aff78a3-698d-4ed8-a800-937e6ce10e21.htm
2017 Renault KWID Climber 1.0 AMT,2017,195000.0,45247,Automatic,Petrol,1st Owner,999.0,24.04,5.0,https://www.cardekho.com/buy-used-car-details/used-Renault-kwid-climber-10-amt-cars-New-Delhi_e35b9aaf-3646-4cc9-9e99-497a4eed02e8.htm
2025 Toyota Fortuner 4X2 Diesel AT,2025,3825000.0,31000,Automatic,Petrol,1st Owner,2755.0,,7.0,https://www.cardekho.com/used-car-details/used-Toyota-fortuner-4x2-diesel-at-cars-New-Delhi_46975ca6-67f9-49de-9c04-3063e56f8bce.htm
